
sourcing "nvim_exec2()"
line 1:     amenu     PopUp.Open\ in\ web\ browser  gx
line 2:     anoremenu PopUp.Inspect                 <Cmd>Inspect<CR>
line 3:     anoremenu PopUp.Go\ to\ definition      <Cmd>lua vim.lsp.buf.definition()<CR>
line 4:     anoremenu PopUp.Show\ Diagnostics       <Cmd>lua vim.diagnostic.open_float()<CR>
line 5:     anoremenu PopUp.Show\ All\ Diagnostics  <Cmd>lua vim.diagnostic.setqflist()<CR>
line 6:     anoremenu PopUp.Configure\ Diagnostics  <Cmd>help vim.diagnostic.config()<CR>
line 7:     anoremenu PopUp.-1-                     <Nop>
line 8:     vnoremenu PopUp.Cut                     "+x
line 9:     vnoremenu PopUp.Copy                    "+y
line 10:     anoremenu PopUp.Paste                   "+gP
line 11:     vnoremenu PopUp.Paste                   "+P
line 12:     vnoremenu PopUp.Delete                  "_x
line 13:     nnoremenu PopUp.Select\ All             ggVG
line 14:     vnoremenu PopUp.Select\ All             gg0oG$
line 15:     inoremenu PopUp.Select\ All             <C-Home><C-O>VG
line 16:     anoremenu PopUp.-2-                     <Nop>
line 17:     anoremenu PopUp.How-to\ disable\ mouse  <Cmd>help disable-mouse<CR>
line 18:   
finished sourcing nvim_exec2()
Searching for "ftplugin.vim" in runtime path
Searching for "/Users/hvidsten/.config/nvim/ftplugin.vim"
Searching for "/Users/hvidsten/.local/share/nvim/site/ftplugin.vim"
Searching for "/opt/homebrew/Cellar/neovim/0.11.5_1/share/nvim/runtime/ftplugin.vim"
sourcing "/opt/homebrew/Cellar/neovim/0.11.5_1/share/nvim/runtime/ftplugin.vim"
line 1: " Vim support file to switch on loading plugins for file types
line 2: "
line 3: " Maintainer:^IThe Vim Project <https://github.com/vim/vim>
line 4: " Last change:^I2023 Aug 10
line 5: " Former Maintainer:^IBram Moolenaar <Bram@vim.org>
line 6: 
line 7: if exists("did_load_ftplugin")
line 8:   finish
line 9: endif
line 10: let did_load_ftplugin = 1
line 11: 
line 12: augroup filetypeplugin
line 13:   au FileType * call s:LoadFTPlugin()
line 14: 
line 15:   func! s:LoadFTPlugin()
line 39: augroup END
finished sourcing /opt/homebrew/Cellar/neovim/0.11.5_1/share/nvim/runtime/ftplugin.vim
Searching for "/opt/homebrew/Cellar/neovim/0.11.5_1/lib/nvim/ftplugin.vim"
Searching for "indent.vim" in runtime path
Searching for "/Users/hvidsten/.config/nvim/indent.vim"
Searching for "/Users/hvidsten/.local/share/nvim/site/indent.vim"
Searching for "/opt/homebrew/Cellar/neovim/0.11.5_1/share/nvim/runtime/indent.vim"
sourcing "/opt/homebrew/Cellar/neovim/0.11.5_1/share/nvim/runtime/indent.vim"
line 1: " Vim support file to switch on loading indent files for file types
line 2: "
line 3: " Maintainer:^IThe Vim Project <https://github.com/vim/vim>
line 4: " Last Change:^I2023 Aug 10
line 5: " Former Maintainer:^IBram Moolenaar <Bram@vim.org>
line 6: 
line 7: if exists("did_indent_on")
line 8:   finish
line 9: endif
line 10: let did_indent_on = 1
line 11: 
line 12: augroup filetypeindent
line 13:   au FileType * call s:LoadIndent()
line 14:   func! s:LoadIndent()
line 33: augroup END
finished sourcing /opt/homebrew/Cellar/neovim/0.11.5_1/share/nvim/runtime/indent.vim
Searching for "/opt/homebrew/Cellar/neovim/0.11.5_1/lib/nvim/indent.vim"
could not source "/opt/homebrew/etc/xdg/nvim/sysinit.vim"
could not source "/etc/xdg/nvim/sysinit.vim"
could not source "$VIM/sysinit.vim"
sourcing "/Users/hvidsten/.config/nvim/init.lua"
Searching for "spell/en.*" in runtime path
Searching for "/Users/hvidsten/.config/nvim/spell/en.*"
Searching for "/Users/hvidsten/.local/share/nvim/site/spell/en.*"
Searching for "/Users/hvidsten/.local/share/nvim/lazy/lazy.nvim/spell/en.*"
Searching for "/opt/homebrew/Cellar/neovim/0.11.5_1/share/nvim/runtime/spell/en.*"
Searching for "/opt/homebrew/Cellar/neovim/0.11.5_1/lib/nvim/spell/en.*"
Searching for "/Users/hvidsten/.local/state/nvim/lazy/readme/spell/en.*"
Searching for "/Users/hvidsten/.local/share/nvim/lazy/LazyVim/spell/en.*"
line 0: sourcing "nvim_exec2() called at /Users/hvidsten/.config/nvim/init.lua:0"
line 1: augroup filetypedetect
finished sourcing nvim_exec2() called at /Users/hvidsten/.config/nvim/init.lua:0
continuing in /Users/hvidsten/.config/nvim/init.lua
line 0: sourcing "nvim_exec2() called at /Users/hvidsten/.config/nvim/init.lua:0"
line 1: augroup END
finished sourcing nvim_exec2() called at /Users/hvidsten/.config/nvim/init.lua:0
continuing in /Users/hvidsten/.config/nvim/init.lua
line 0: sourcing "nvim_exec2() called at /Users/hvidsten/.config/nvim/init.lua:0"
line 1: source /opt/homebrew/Cellar/neovim/0.11.5_1/share/nvim/runtime/filetype.lua
line 1: sourcing "/opt/homebrew/Cellar/neovim/0.11.5_1/share/nvim/runtime/filetype.lua"
line 0: sourcing "nvim_exec2() called at /opt/homebrew/Cellar/neovim/0.11.5_1/share/nvim/runtime/filetype.lua:0"
line 1:   augroup filetypedetect
line 2:   runtime! ftdetect/*.{vim,lua}
Searching for "ftdetect/*.{vim,lua}" in runtime path
Searching for "/Users/hvidsten/.config/nvim/ftdetect/*.{vim,lua}"
Searching for "/Users/hvidsten/.local/share/nvim/site/ftdetect/*.{vim,lua}"
Searching for "/Users/hvidsten/.local/share/nvim/lazy/lazy.nvim/ftdetect/*.{vim,lua}"
Searching for "/opt/homebrew/Cellar/neovim/0.11.5_1/share/nvim/runtime/ftdetect/*.{vim,lua}"
Searching for "/opt/homebrew/Cellar/neovim/0.11.5_1/lib/nvim/ftdetect/*.{vim,lua}"
Searching for "/Users/hvidsten/.local/state/nvim/lazy/readme/ftdetect/*.{vim,lua}"
Searching for "/Users/hvidsten/.local/share/nvim/lazy/LazyVim/ftdetect/*.{vim,lua}"
not found in runtime path: "ftdetect/*.{vim,lua}"
line 3:   augroup END
finished sourcing nvim_exec2() called at /opt/homebrew/Cellar/neovim/0.11.5_1/share/nvim/runtime/filetype.lua:0
continuing in /opt/homebrew/Cellar/neovim/0.11.5_1/share/nvim/runtime/filetype.lua
finished sourcing /opt/homebrew/Cellar/neovim/0.11.5_1/share/nvim/runtime/filetype.lua
continuing in nvim_exec2() called at /Users/hvidsten/.config/nvim/init.lua:0
finished sourcing nvim_exec2() called at /Users/hvidsten/.config/nvim/init.lua:0
continuing in /Users/hvidsten/.config/nvim/init.lua
line 0: sourcing "nvim_exec2() called at /Users/hvidsten/.config/nvim/init.lua:0"
line 1: augroup filetypedetect
finished sourcing nvim_exec2() called at /Users/hvidsten/.config/nvim/init.lua:0
continuing in /Users/hvidsten/.config/nvim/init.lua
line 0: sourcing "nvim_exec2() called at /Users/hvidsten/.config/nvim/init.lua:0"
line 1: augroup END
finished sourcing nvim_exec2() called at /Users/hvidsten/.config/nvim/init.lua:0
continuing in /Users/hvidsten/.config/nvim/init.lua
line 0: sourcing "nvim_exec2() called at /Users/hvidsten/.config/nvim/init.lua:0"
line 1: augroup filetypedetect
finished sourcing nvim_exec2() called at /Users/hvidsten/.config/nvim/init.lua:0
continuing in /Users/hvidsten/.config/nvim/init.lua
line 0: sourcing "nvim_exec2() called at /Users/hvidsten/.config/nvim/init.lua:0"
line 1: augroup END
finished sourcing nvim_exec2() called at /Users/hvidsten/.config/nvim/init.lua:0
continuing in /Users/hvidsten/.config/nvim/init.lua
line 0: sourcing "nvim_exec2() called at /Users/hvidsten/.config/nvim/init.lua:0"
line 1: source /Users/hvidsten/.local/share/nvim/lazy/snacks.nvim/plugin/snacks.lua
line 1: sourcing "/Users/hvidsten/.local/share/nvim/lazy/snacks.nvim/plugin/snacks.lua"
finished sourcing /Users/hvidsten/.local/share/nvim/lazy/snacks.nvim/plugin/snacks.lua
continuing in nvim_exec2() called at /Users/hvidsten/.config/nvim/init.lua:0
finished sourcing nvim_exec2() called at /Users/hvidsten/.config/nvim/init.lua:0
continuing in /Users/hvidsten/.config/nvim/init.lua
line 0: sourcing "nvim_exec2() called at /Users/hvidsten/.config/nvim/init.lua:0"
line 1: augroup filetypedetect
finished sourcing nvim_exec2() called at /Users/hvidsten/.config/nvim/init.lua:0
continuing in /Users/hvidsten/.config/nvim/init.lua
line 0: sourcing "nvim_exec2() called at /Users/hvidsten/.config/nvim/init.lua:0"
line 1: augroup END
finished sourcing nvim_exec2() called at /Users/hvidsten/.config/nvim/init.lua:0
continuing in /Users/hvidsten/.config/nvim/init.lua
line 0: sourcing "nvim_exec2() called at /Users/hvidsten/.config/nvim/init.lua:0"
line 1: source /opt/homebrew/Cellar/neovim/0.11.5_1/share/nvim/runtime/plugin/editorconfig.lua
line 1: sourcing "/opt/homebrew/Cellar/neovim/0.11.5_1/share/nvim/runtime/plugin/editorconfig.lua"
finished sourcing /opt/homebrew/Cellar/neovim/0.11.5_1/share/nvim/runtime/plugin/editorconfig.lua
continuing in nvim_exec2() called at /Users/hvidsten/.config/nvim/init.lua:0
finished sourcing nvim_exec2() called at /Users/hvidsten/.config/nvim/init.lua:0
continuing in /Users/hvidsten/.config/nvim/init.lua
line 0: sourcing "nvim_exec2() called at /Users/hvidsten/.config/nvim/init.lua:0"
line 1: source /opt/homebrew/Cellar/neovim/0.11.5_1/share/nvim/runtime/plugin/man.lua
line 1: sourcing "/opt/homebrew/Cellar/neovim/0.11.5_1/share/nvim/runtime/plugin/man.lua"
finished sourcing /opt/homebrew/Cellar/neovim/0.11.5_1/share/nvim/runtime/plugin/man.lua
continuing in nvim_exec2() called at /Users/hvidsten/.config/nvim/init.lua:0
finished sourcing nvim_exec2() called at /Users/hvidsten/.config/nvim/init.lua:0
continuing in /Users/hvidsten/.config/nvim/init.lua
line 0: sourcing "nvim_exec2() called at /Users/hvidsten/.config/nvim/init.lua:0"
line 1: source /opt/homebrew/Cellar/neovim/0.11.5_1/share/nvim/runtime/plugin/matchit.vim
line 1: sourcing "/opt/homebrew/Cellar/neovim/0.11.5_1/share/nvim/runtime/plugin/matchit.vim"
line 1: " Nvim: load the matchit plugin by default.
line 2: if !exists("g:loaded_matchit") && stridx(&packpath, $VIMRUNTIME) >= 0
line 3:   packadd matchit
Searching for "pack/*/start/matchit" in "/opt/homebrew/Cellar/neovim/0.11.5_1/share/nvim/runtime"
Searching for "/opt/homebrew/Cellar/neovim/0.11.5_1/share/nvim/runtime/pack/*/start/matchit"
not found in 'packpath': "pack/*/start/matchit"
Searching for "pack/*/opt/matchit" in "/opt/homebrew/Cellar/neovim/0.11.5_1/share/nvim/runtime"
Searching for "/opt/homebrew/Cellar/neovim/0.11.5_1/share/nvim/runtime/pack/*/opt/matchit"
line 3: sourcing "/opt/homebrew/Cellar/neovim/0.11.5_1/share/nvim/runtime/pack/dist/opt/matchit/plugin/matchit.vim"
line 1: "  matchit.vim: (global plugin) Extended "%" matching
line 2: "  Maintainer:  Christian Brabandt
line 3: "  Version:     1.20
line 4: "  Last Change: 2024 May 20
line 5: "  Repository:  https://github.com/chrisbra/matchit
line 6: "  Previous URL:http://www.vim.org/script.php?script_id=39
line 7: "  Previous Maintainer:  Benji Fisher PhD   <benji@member.AMS.org>
line 8: 
line 9: " Documentation:
line 10: "  The documentation is in a separate file: ../doc/matchit.txt
line 11: 
line 12: " Credits:
line 13: "  Vim editor by Bram Moolenaar (Thanks, Bram!)
line 14: "  Original script and design by Raul Segura Acevedo
line 15: "  Support for comments by Douglas Potts
line 16: "  Support for back references and other improvements by Benji Fisher
line 17: "  Support for many languages by Johannes Zellner
line 18: "  Suggestions for improvement, bug reports, and support for additional
line 19: "  languages by Jordi-Albert Batalla, Neil Bird, Servatius Brandt, Mark
line 20: "  Collett, Stephen Wall, Dany St-Amant, Yuheng Xie, and Johannes Zellner.
line 21: 
line 22: " Debugging:
line 23: "  If you'd like to try the built-in debugging commands...
line 24: "   :MatchDebug      to activate debugging for the current buffer
line 25: "  This saves the values of several key script variables as buffer-local
line 26: "  variables.  See the MatchDebug() function, below, for details.
line 27: 
line 28: " TODO:  I should think about multi-line patterns for b:match_words.
line 29: "   This would require an option:  how many lines to scan (default 1).
line 30: "   This would be useful for Python, maybe also for *ML.
line 31: " TODO:  Maybe I should add a menu so that people will actually use some of
line 32: "   the features that I have implemented.
line 33: " TODO:  Eliminate the MultiMatch function.  Add yet another argument to
line 34: "   Match_wrapper() instead.
line 35: " TODO:  Allow :let b:match_words = '\(\(foo\)\(bar\)\):\3\2:end\1'
line 36: " TODO:  Make backrefs safer by using '\V' (very no-magic).
line 37: " TODO:  Add a level of indirection, so that custom % scripts can use my
line 38: "   work but extend it.
line 39: 
line 40: " Allow user to prevent loading and prevent duplicate loading.
line 41: if exists("g:loaded_matchit") || &cp
line 42:   finish
line 43: endif
line 44: let g:loaded_matchit = 1
line 45: 
line 46: let s:save_cpo = &cpo
line 47: set cpo&vim
line 48: 
line 49: fun MatchEnable()
line 89: 
line 90: fun MatchDisable()
line 108: 
line 109: " Call this function to turn on debugging information.  Every time the main
line 110: " script is run, buffer variables will be saved.  These can be used directly
line 111: " or viewed using the menu items below.
line 112: if !exists(":MatchDebug")
line 113:   command! -nargs=0 MatchDebug call matchit#Match_debug()
line 114: endif
line 115: if !exists(":MatchDisable")
line 116:   command! -nargs=0 MatchDisable :call MatchDisable()
line 117: endif
line 118: if !exists(":MatchEnable")
line 119:   command! -nargs=0 MatchEnable :call MatchEnable()
line 120: endif
line 121: 
line 122: call MatchEnable()
calling MatchEnable()

line 1:   nnoremap <silent> <Plug>(MatchitNormalForward)     :<C-U>call matchit#Match_wrapper('',1,'n')<CR>
line 2:   nnoremap <silent> <Plug>(MatchitNormalBackward)    :<C-U>call matchit#Match_wrapper('',0,'n')<CR>
line 3:   xnoremap <silent> <Plug>(MatchitVisualForward)     :<C-U>call matchit#Match_wrapper('',1,'v')<CR>:if col("''") != col("$") \| exe ":normal! m'" \| endif<cr>gv``
line 5:   xnoremap <silent> <Plug>(MatchitVisualBackward)    :<C-U>call matchit#Match_wrapper('',0,'v')<CR>m'gv``
line 6:   onoremap <silent> <Plug>(MatchitOperationForward)  :<C-U>call matchit#Match_wrapper('',1,'o')<CR>
line 7:   onoremap <silent> <Plug>(MatchitOperationBackward) :<C-U>call matchit#Match_wrapper('',0,'o')<CR>
line 8: 
line 9:   " Analogues of [{ and ]} using matching patterns:
line 10:   nnoremap <silent> <Plug>(MatchitNormalMultiBackward)    :<C-U>call matchit#MultiMatch("bW", "n")<CR>
line 11:   nnoremap <silent> <Plug>(MatchitNormalMultiForward)     :<C-U>call matchit#MultiMatch("W",  "n")<CR>
line 12:   xnoremap <silent> <Plug>(MatchitVisualMultiBackward)    :<C-U>call matchit#MultiMatch("bW", "n")<CR>m'gv``
line 13:   xnoremap <silent> <Plug>(MatchitVisualMultiForward)     :<C-U>call matchit#MultiMatch("W",  "n")<CR>m'gv``
line 14:   onoremap <silent> <Plug>(MatchitOperationMultiBackward) :<C-U>call matchit#MultiMatch("bW", "o")<CR>
line 15:   onoremap <silent> <Plug>(MatchitOperationMultiForward)  :<C-U>call matchit#MultiMatch("W",  "o")<CR>
line 16: 
line 17:   " text object:
line 18:   xmap <silent> <Plug>(MatchitVisualTextObject) <Plug>(MatchitVisualMultiBackward)o<Plug>(MatchitVisualMultiForward)
line 19: 
line 20:   if !exists("g:no_plugin_maps")
line 21:     nmap <silent> %  <Plug>(MatchitNormalForward)
line 22:     nmap <silent> g% <Plug>(MatchitNormalBackward)
line 23:     xmap <silent> %  <Plug>(MatchitVisualForward)
line 24:     xmap <silent> g% <Plug>(MatchitVisualBackward)
line 25:     omap <silent> %  <Plug>(MatchitOperationForward)
line 26:     omap <silent> g% <Plug>(MatchitOperationBackward)
line 27: 
line 28:     " Analogues of [{ and ]} using matching patterns:
line 29:     nmap <silent> [% <Plug>(MatchitNormalMultiBackward)
line 30:     nmap <silent> ]% <Plug>(MatchitNormalMultiForward)
line 31:     xmap <silent> [% <Plug>(MatchitVisualMultiBackward)
line 32:     xmap <silent> ]% <Plug>(MatchitVisualMultiForward)
line 33:     omap <silent> [% <Plug>(MatchitOperationMultiBackward)
line 34:     omap <silent> ]% <Plug>(MatchitOperationMultiForward)
line 35: 
line 36:     " Text object
line 37:     xmap a% <Plug>(MatchitVisualTextObject)
line 38:   endif
MatchEnable returning #0

continuing in /opt/homebrew/Cellar/neovim/0.11.5_1/share/nvim/runtime/pack/dist/opt/matchit/plugin/matchit.vim

line 123: 
line 124: let &cpo = s:save_cpo
line 125: unlet s:save_cpo
line 126: 
line 127: " vim:sts=2:sw=2:et:
finished sourcing /opt/homebrew/Cellar/neovim/0.11.5_1/share/nvim/runtime/pack/dist/opt/matchit/plugin/matchit.vim
continuing in /opt/homebrew/Cellar/neovim/0.11.5_1/share/nvim/runtime/plugin/matchit.vim
line 3: augroup filetypedetect
line 3: augroup END
line 4: endif
finished sourcing /opt/homebrew/Cellar/neovim/0.11.5_1/share/nvim/runtime/plugin/matchit.vim
continuing in nvim_exec2() called at /Users/hvidsten/.config/nvim/init.lua:0
finished sourcing nvim_exec2() called at /Users/hvidsten/.config/nvim/init.lua:0
continuing in /Users/hvidsten/.config/nvim/init.lua
line 0: sourcing "nvim_exec2() called at /Users/hvidsten/.config/nvim/init.lua:0"
line 1: source /opt/homebrew/Cellar/neovim/0.11.5_1/share/nvim/runtime/plugin/matchparen.vim
line 1: sourcing "/opt/homebrew/Cellar/neovim/0.11.5_1/share/nvim/runtime/plugin/matchparen.vim"
line 1: " Vim plugin for showing matching parens
line 2: " Maintainer:^IThe Vim Project <https://github.com/vim/vim>
line 3: " Last Change:^I2025 Mar 14
line 4: " Former Maintainer:^IBram Moolenaar <Bram@vim.org>
line 5: 
line 6: " Exit quickly when:
line 7: " - this plugin was already loaded (or disabled)
line 8: " - when 'compatible' is set
line 9: " - Vim has no support for :defer
line 10: if exists("g:loaded_matchparen") || &cp || exists(":defer") != 2
line 12:   finish
line 13: endif
line 14: let g:loaded_matchparen = 1
line 15: 
line 16: if !exists("g:matchparen_timeout")
line 17:   let g:matchparen_timeout = 300
line 18: endif
line 19: if !exists("g:matchparen_insert_timeout")
line 20:   let g:matchparen_insert_timeout = 60
line 21: endif
line 22: if !exists("g:matchparen_disable_cursor_hl")
line 23:   let g:matchparen_disable_cursor_hl = 0
line 24: endif
line 25: 
line 26: augroup matchparen
line 27:   " Replace all matchparen autocommands
line 28:   autocmd! CursorMoved,CursorMovedI,WinEnter,WinScrolled * call s:Highlight_Matching_Pair()
line 29:   autocmd! BufWinEnter * autocmd SafeState * ++once call s:Highlight_Matching_Pair()
line 30:   autocmd! WinLeave,BufLeave * call s:Remove_Matches()
line 31:   autocmd! TextChanged,TextChangedI * call s:Highlight_Matching_Pair()
line 32:   autocmd! TextChangedP * call s:Remove_Matches()
line 33: augroup END
line 34: 
line 35: " Skip the rest if it was already done.
line 36: if exists("*s:Highlight_Matching_Pair")
line 37:   finish
line 38: endif
line 39: 
line 40: let s:cpo_save = &cpo
line 41: set cpo-=C
line 42: 
line 43: " The function that is invoked (very often) to define a ":match" highlighting
line 44: " for any matching paren.
line 45: func s:Highlight_Matching_Pair()
line 202: 
line 203: func s:Remove_Matches()
line 211: 
line 212: " Define commands that will disable and enable the plugin.
line 213: command DoMatchParen call s:DoMatchParen()
line 214: command NoMatchParen call s:NoMatchParen()
line 215: 
line 216: func s:NoMatchParen()
line 223: 
line 224: func s:DoMatchParen()
line 230: 
line 231: let &cpo = s:cpo_save
line 232: unlet s:cpo_save
finished sourcing /opt/homebrew/Cellar/neovim/0.11.5_1/share/nvim/runtime/plugin/matchparen.vim
continuing in nvim_exec2() called at /Users/hvidsten/.config/nvim/init.lua:0
finished sourcing nvim_exec2() called at /Users/hvidsten/.config/nvim/init.lua:0
continuing in /Users/hvidsten/.config/nvim/init.lua
line 0: sourcing "nvim_exec2() called at /Users/hvidsten/.config/nvim/init.lua:0"
line 1: source /opt/homebrew/Cellar/neovim/0.11.5_1/share/nvim/runtime/plugin/netrwPlugin.vim
line 1: sourcing "/opt/homebrew/Cellar/neovim/0.11.5_1/share/nvim/runtime/plugin/netrwPlugin.vim"
line 1: " Load the netrw package.
line 2: 
line 3: if &cp || exists("g:loaded_netrw") || exists("g:loaded_netrwPlugin")
line 4:   finish
line 5: endif
line 6: 
line 7: packadd netrw
Searching for "pack/*/start/netrw" in "/opt/homebrew/Cellar/neovim/0.11.5_1/share/nvim/runtime"
Searching for "/opt/homebrew/Cellar/neovim/0.11.5_1/share/nvim/runtime/pack/*/start/netrw"
not found in 'packpath': "pack/*/start/netrw"
Searching for "pack/*/opt/netrw" in "/opt/homebrew/Cellar/neovim/0.11.5_1/share/nvim/runtime"
Searching for "/opt/homebrew/Cellar/neovim/0.11.5_1/share/nvim/runtime/pack/*/opt/netrw"
line 7: sourcing "/opt/homebrew/Cellar/neovim/0.11.5_1/share/nvim/runtime/pack/dist/opt/netrw/plugin/netrwPlugin.vim"
line 1: " Maintainer: Luca Saccarola <github.e41mv@aleeas.com>
line 2: " Former Maintainer: Charles E Campbell
line 3: " Upstream: <https://github.com/saccarosium/netrw.vim>
line 4: " Copyright:    Copyright (C) 1999-2021 Charles E. Campbell {{{
line 5: "               Permission is hereby granted to use and distribute this code,
line 6: "               with or without modifications, provided that this copyright
line 7: "               notice is copied with it. Like anything else that's free,
line 8: "               netrw.vim, netrwPlugin.vim, and netrwSettings.vim are provided
line 9: "               *as is* and comes with no warranty of any kind, either
line 10: "               expressed or implied. By using this plugin, you agree that
line 11: "               in no event will the copyright holder be liable for any damages
line 12: "               resulting from the use of this software. }}}
line 13: 
line 14: if &cp || exists("g:loaded_netrwPlugin")
line 15:     finish
line 16: endif
line 17: 
line 18: let g:loaded_netrwPlugin = "v175"
line 19: 
line 20: let s:keepcpo = &cpo
line 21: set cpo&vim
line 22: 
line 23: " Local Browsing Autocmds: {{{
line 24: 
line 25: augroup FileExplorer
line 26:     au!
line 27:     au BufLeave * if &ft != "netrw"|let w:netrw_prvfile= expand("%:p")|endif
line 28:     au BufEnter * sil call s:LocalBrowse(expand("<amatch>"))
line 29:     au VimEnter * sil call s:VimEnter(expand("<amatch>"))
line 30:     if has("win32")
line 31:         au BufEnter .* sil call s:LocalBrowse(expand("<amatch>"))
line 32:     endif
line 33: augroup END
line 34: 
line 35: " }}}
line 36: " Network Browsing Reading Writing: {{{
line 37: 
line 38: augroup Network
line 39:     au!
line 40:     au BufReadCmd file://* call netrw#FileUrlEdit(expand("<amatch>"))
line 41:     au BufReadCmd ftp://*,rcp://*,scp://*,http://*,https://*,dav://*,davs://*,rsync://*,sftp://* exe "sil doau BufReadPre ".fnameescape(expand("<amatch>"))|call netrw#Nread(2,expand("<amatch>"))|exe "sil doau BufReadPost ".fnameescape(expand("<amatch>"))
line 42:     au FileReadCmd ftp://*,rcp://*,scp://*,http://*,file://*,https://*,dav://*,davs://*,rsync://*,sftp://* exe "sil doau FileReadPre ".fnameescape(expand("<amatch>"))|call netrw#Nread(1,expand("<amatch>"))|exe "sil doau FileReadPost ".fnameescape(expand("<amatch>"))
line 43:     au BufWriteCmd ftp://*,rcp://*,scp://*,http://*,file://*,dav://*,davs://*,rsync://*,sftp://* exe "sil doau BufWritePre ".fnameescape(expand("<amatch>"))|exe 'Nwrite '.fnameescape(expand("<amatch>"))|exe "sil doau BufWritePost ".fnameescape(expand("<amatch>"))
line 44:     au FileWriteCmd ftp://*,rcp://*,scp://*,http://*,file://*,dav://*,davs://*,rsync://*,sftp://* exe "sil doau FileWritePre ".fnameescape(expand("<amatch>"))|exe "'[,']".'Nwrite '.fnameescape(expand("<amatch>"))|exe "sil doau FileWritePost ".fnameescape(expand("<amatch>"))
line 45:     try
line 46:         au SourceCmd   ftp://*,rcp://*,scp://*,http://*,file://*,https://*,dav://*,davs://*,rsync://*,sftp://* exe 'Nsource '.fnameescape(expand("<amatch>"))
line 47:     catch /^Vim\%((\a\+)\)\=:E216/
line 48:         au SourcePre   ftp://*,rcp://*,scp://*,http://*,file://*,https://*,dav://*,davs://*,rsync://*,sftp://* exe 'Nsource '.fnameescape(expand("<amatch>"))
line 49:     endtry
line 50: augroup END
line 51: 
line 52: " }}}
line 53: " Commands: :Nread, :Nwrite, :NetUserPass {{{
line 54: 
line 55: command! -count=1 -nargs=* Nread let s:svpos= winsaveview()<bar>call netrw#NetRead(<count>,<f-args>)<bar>call winrestview(s:svpos)
line 56: command! -range=% -nargs=* Nwrite let s:svpos= winsaveview()<bar><line1>,<line2>call netrw#NetWrite(<f-args>)<bar>call winrestview(s:svpos)
line 57: command! -nargs=* NetUserPass call NetUserPass(<f-args>)
line 58: command! -nargs=* Nsource let s:svpos= winsaveview()<bar>call netrw#NetSource(<f-args>)<bar>call winrestview(s:svpos)
line 59: command! -nargs=? Ntree call netrw#SetTreetop(1,<q-args>)
line 60: 
line 61: " }}}
line 62: " Commands: :Explore, :Sexplore, Hexplore, Vexplore, Lexplore {{{
line 63: 
line 64: command! -nargs=* -bar -bang -count=0 -complete=dir Explore call netrw#Explore(<count>, 0, 0+<bang>0, <q-args>)
line 65: command! -nargs=* -bar -bang -count=0 -complete=dir Sexplore call netrw#Explore(<count>, 1, 0+<bang>0, <q-args>)
line 66: command! -nargs=* -bar -bang -count=0 -complete=dir Hexplore call netrw#Explore(<count>, 1, 2+<bang>0, <q-args>)
line 67: command! -nargs=* -bar -bang -count=0 -complete=dir Vexplore call netrw#Explore(<count>, 1, 4+<bang>0, <q-args>)
line 68: command! -nargs=* -bar -count=0 -complete=dir Texplore call netrw#Explore(<count>, 0, 6, <q-args>)
line 69: command! -nargs=* -bar -bang -count=0 -complete=dir Lexplore call netrw#Lexplore(<count>, <bang>0, <q-args>)
line 70: command! -nargs=* -bar -bang Nexplore call netrw#Explore(-1, 0, 0, <q-args>)
line 71: command! -nargs=* -bar -bang Pexplore call netrw#Explore(-2, 0, 0, <q-args>)
line 72: 
line 73: " }}}
line 74: " Commands: NetrwSettings {{{
line 75: 
line 76: command! -nargs=0 NetrwSettings call netrwSettings#NetrwSettings()
line 77: command! -bang NetrwClean call netrw#Clean(<bang>0)
line 78: 
line 79: " }}}
line 80: " Maps: {{{
line 81: 
line 82: if exists("g:netrw_usetab") && g:netrw_usetab
line 83:     if maparg('<c-tab>','n') == ""
line 84:         nmap <unique> <c-tab> <Plug>NetrwShrink
line 85:     endif
line 86:     nno <silent> <Plug>NetrwShrink :call netrw#Shrink()<cr>
line 87: endif
line 88: 
line 89: " }}}
line 90: " LocalBrowse: invokes netrw#LocalBrowseCheck() on directory buffers {{{
line 91: 
line 92: function! s:LocalBrowse(dirname)
line 124: 
line 125: " }}}
line 126: " s:VimEnter: after all vim startup stuff is done, this function is called. {{{
line 127: "             Its purpose: to look over all windows and run s:LocalBrowse() on
line 128: "             them, which checks if they're directories and will create a directory
line 129: "             listing when appropriate.
line 130: "             It also sets s:vimentered, letting s:LocalBrowse() know that s:VimEnter()
line 131: "             has already been called.
line 132: function! s:VimEnter(dirname)
line 150: 
line 151: " }}}
line 152: " NetrwStatusLine: {{{
line 153: 
line 154: function! NetrwStatusLine()
line 163: 
line 164: " }}}
line 165: " NetUserPass: set username and password for subsequent ftp transfer {{{
line 166: "   Usage:  :call NetUserPass()                 -- will prompt for userid and password
line 167: "           :call NetUserPass("uid")            -- will prompt for password
line 168: "           :call NetUserPass("uid","password") -- sets global userid and password
line 169: function! NetUserPass(...)
line 187: 
line 188: " }}}
line 189: 
line 190: let &cpo= s:keepcpo
line 191: unlet s:keepcpo
line 192: 
line 193: " vim:ts=8 sts=4 sw=4 et fdm=marker
finished sourcing /opt/homebrew/Cellar/neovim/0.11.5_1/share/nvim/runtime/pack/dist/opt/netrw/plugin/netrwPlugin.vim
continuing in /opt/homebrew/Cellar/neovim/0.11.5_1/share/nvim/runtime/plugin/netrwPlugin.vim
line 7: augroup filetypedetect
line 7: augroup END
line 8: 
line 9: " vim:ts=8 sts=2 sw=2 et
finished sourcing /opt/homebrew/Cellar/neovim/0.11.5_1/share/nvim/runtime/plugin/netrwPlugin.vim
continuing in nvim_exec2() called at /Users/hvidsten/.config/nvim/init.lua:0
finished sourcing nvim_exec2() called at /Users/hvidsten/.config/nvim/init.lua:0
continuing in /Users/hvidsten/.config/nvim/init.lua
line 0: sourcing "nvim_exec2() called at /Users/hvidsten/.config/nvim/init.lua:0"
line 1: source /opt/homebrew/Cellar/neovim/0.11.5_1/share/nvim/runtime/plugin/osc52.lua
line 1: sourcing "/opt/homebrew/Cellar/neovim/0.11.5_1/share/nvim/runtime/plugin/osc52.lua"
finished sourcing /opt/homebrew/Cellar/neovim/0.11.5_1/share/nvim/runtime/plugin/osc52.lua
continuing in nvim_exec2() called at /Users/hvidsten/.config/nvim/init.lua:0
finished sourcing nvim_exec2() called at /Users/hvidsten/.config/nvim/init.lua:0
continuing in /Users/hvidsten/.config/nvim/init.lua
line 0: sourcing "nvim_exec2() called at /Users/hvidsten/.config/nvim/init.lua:0"
line 1: source /opt/homebrew/Cellar/neovim/0.11.5_1/share/nvim/runtime/plugin/rplugin.vim
line 1: sourcing "/opt/homebrew/Cellar/neovim/0.11.5_1/share/nvim/runtime/plugin/rplugin.vim"
line 1: if exists('g:loaded_remote_plugins')
line 2:   finish
line 3: endif
line 4: let g:loaded_remote_plugins = '/path/to/manifest'
line 5: 
line 6: " Get the path to the rplugin manifest file.
line 7: function! s:GetManifestPath() abort
line 26: 
line 27: " Old manifest file based on known script locations.
line 28: function! s:GetOldManifestPaths() abort
line 43: 
line 44: function! s:GetManifest() abort
line 57: 
line 58: function! s:LoadRemotePlugins() abort
line 64: 
line 65: command! -bar UpdateRemotePlugins call remote#host#UpdateRemotePlugins()
line 66: 
line 67: if index(v:argv, "--clean") < 0
line 68:   call s:LoadRemotePlugins()
calling <SNR>28_LoadRemotePlugins()

line 1:   let g:loaded_remote_plugins = s:GetManifest()
calling <SNR>28_GetManifest()

line 1:   let manifest = s:GetManifestPath()
calling <SNR>28_GetManifestPath()

line 1:   let manifest_base = ''
line 2: 
line 3:   if exists('$NVIM_RPLUGIN_MANIFEST')
line 4:     return fnamemodify($NVIM_RPLUGIN_MANIFEST, ':p')
line 5:   endif
line 6: 
line 7:   let dest = stdpath('data')
line 8:   if !empty(dest)
line 9:     if !isdirectory(dest)
line 10:       if getftype(dest) != "link"
line 11:         call mkdir(dest, 'p', 0700)
line 12:       endif
line 13:     endif
line 14:     let manifest_base = dest
line 15:   endif
line 16: 
line 17:   return manifest_base.'/rplugin.vim'
<SNR>28_GetManifestPath returning '/Users/hvidsten/.local/share/nvim/rplugin.vim'

continuing in <SNR>28_GetManifest

line 2:   if !filereadable(manifest)
line 3:     " Check if an old manifest file exists and move it to the new location.
line 4:     for old_manifest in s:GetOldManifestPaths()
calling <SNR>28_GetOldManifestPaths()

line 1:   let prefix = exists('$MYVIMRC') ? $MYVIMRC : matchstr(get(split(execute('scriptnames'), '\n'), 0, ''), '\f\+$')
line 4:   let origpath = fnamemodify(expand(prefix, 1), ':h').'/.'.fnamemodify(prefix, ':t').'-rplugin~'
line 6:   if !has('win32')
line 7:     return [origpath]
<SNR>28_GetOldManifestPaths returning ['/Users/hvidsten/.config/nvim/.init.lua-rplugin~']

continuing in <SNR>28_GetManifest

line 5:       if filereadable(old_manifest)
line 6:         call rename(old_manifest, manifest)
line 7:         break
line 8:       endif
line 9:     endfor
line 4:     for old_manifest in s:GetOldManifestPaths()
line 5:       if filereadable(old_manifest)
line 6:         call rename(old_manifest, manifest)
line 7:         break
line 8:       endif
line 9:     endfor
line 10:   endif
line 11:   return manifest
<SNR>28_GetManifest returning '/Users/hvidsten/.local/share/nvim/rplugin.vim'

continuing in <SNR>28_LoadRemotePlugins

line 2:   if filereadable(g:loaded_remote_plugins)
line 3:     execute 'source' fnameescape(g:loaded_remote_plugins)
line 4:   endif
<SNR>28_LoadRemotePlugins returning #0

continuing in /opt/homebrew/Cellar/neovim/0.11.5_1/share/nvim/runtime/plugin/rplugin.vim

line 69: endif
finished sourcing /opt/homebrew/Cellar/neovim/0.11.5_1/share/nvim/runtime/plugin/rplugin.vim
continuing in nvim_exec2() called at /Users/hvidsten/.config/nvim/init.lua:0
finished sourcing nvim_exec2() called at /Users/hvidsten/.config/nvim/init.lua:0
continuing in /Users/hvidsten/.config/nvim/init.lua
line 0: sourcing "nvim_exec2() called at /Users/hvidsten/.config/nvim/init.lua:0"
line 1: source /opt/homebrew/Cellar/neovim/0.11.5_1/share/nvim/runtime/plugin/shada.vim
line 1: sourcing "/opt/homebrew/Cellar/neovim/0.11.5_1/share/nvim/runtime/plugin/shada.vim"
line 1: if exists('g:loaded_shada_plugin')
line 2:   finish
line 3: endif
line 4: let g:loaded_shada_plugin = 1
line 5: 
line 6: augroup ShaDaCommands
line 7:   autocmd!
line 8:   autocmd BufReadCmd *.shada,*.shada.tmp.[a-z] :if !empty(v:cmdarg)|throw '++opt not supported'|endif |call setline('.', shada#get_strings(readfile(expand('<afile>'),'b'))) |setlocal filetype=shada
line 12:   autocmd FileReadCmd *.shada,*.shada.tmp.[a-z] :if !empty(v:cmdarg)|throw '++opt not supported'|endif |call append("'[", shada#get_strings(readfile(expand('<afile>'), 'b')))
line 15:   autocmd BufWriteCmd *.shada,*.shada.tmp.[a-z] :if !empty(v:cmdarg)|throw '++opt not supported'|endif |if writefile(shada#get_binstrings(getline(1, '$')),expand('<afile>'), 'b') == 0 |  let &l:modified = (expand('<afile>') is# bufname(+expand('<abuf>'))? 0: stridx(&cpoptions, '+') != -1) |endif
line 23:   autocmd FileWriteCmd *.shada,*.shada.tmp.[a-z] :if !empty(v:cmdarg)|throw '++opt not supported'|endif |call writefile(shada#get_binstrings(getline(min([line("'["), line("']")]),max([line("'["), line("']")]))),expand('<afile>'),'b')
line 30:   autocmd FileAppendCmd *.shada,*.shada.tmp.[a-z] :if !empty(v:cmdarg)|throw '++opt not supported'|endif |call writefile(shada#get_binstrings(getline(min([line("'["), line("']")]),max([line("'["), line("']")]))),expand('<afile>'),'ab')
line 37:   autocmd SourceCmd *.shada,*.shada.tmp.[a-z] :execute 'rshada' fnameescape(expand('<afile>'))
line 39: augroup END
finished sourcing /opt/homebrew/Cellar/neovim/0.11.5_1/share/nvim/runtime/plugin/shada.vim
continuing in nvim_exec2() called at /Users/hvidsten/.config/nvim/init.lua:0
finished sourcing nvim_exec2() called at /Users/hvidsten/.config/nvim/init.lua:0
continuing in /Users/hvidsten/.config/nvim/init.lua
line 0: sourcing "nvim_exec2() called at /Users/hvidsten/.config/nvim/init.lua:0"
line 1: source /opt/homebrew/Cellar/neovim/0.11.5_1/share/nvim/runtime/plugin/spellfile.vim
line 1: sourcing "/opt/homebrew/Cellar/neovim/0.11.5_1/share/nvim/runtime/plugin/spellfile.vim"
line 1: " Vim plugin for downloading spell files
line 2: 
line 3: if exists("loaded_spellfile_plugin") || &cp || exists("#SpellFileMissing")
line 4:   finish
line 5: endif
line 6: let loaded_spellfile_plugin = 1
line 7: 
line 8: autocmd SpellFileMissing * call spellfile#LoadFile(expand('<amatch>'))
finished sourcing /opt/homebrew/Cellar/neovim/0.11.5_1/share/nvim/runtime/plugin/spellfile.vim
continuing in nvim_exec2() called at /Users/hvidsten/.config/nvim/init.lua:0
finished sourcing nvim_exec2() called at /Users/hvidsten/.config/nvim/init.lua:0
continuing in /Users/hvidsten/.config/nvim/init.lua
Executing User Autocommands for "LazyDone"
autocommand <Lua 75: ~/.local/share/nvim/lazy/lazy.nvim/lua/lazy/core/util.lua:183>

Executing: 
finished sourcing /Users/hvidsten/.config/nvim/init.lua
Searching for "filetype.lua filetype.vim" in runtime path
Searching for "/Users/hvidsten/.config/nvim/filetype.lua"
Searching for "/Users/hvidsten/.config/nvim/filetype.vim"
Searching for "/Users/hvidsten/.local/share/nvim/site/filetype.lua"
Searching for "/Users/hvidsten/.local/share/nvim/site/filetype.vim"
Searching for "/Users/hvidsten/.local/share/nvim/lazy/lazy.nvim/filetype.lua"
Searching for "/Users/hvidsten/.local/share/nvim/lazy/lazy.nvim/filetype.vim"
Searching for "/Users/hvidsten/.local/share/nvim/lazy/snacks.nvim/filetype.lua"
Searching for "/Users/hvidsten/.local/share/nvim/lazy/snacks.nvim/filetype.vim"
Searching for "/Users/hvidsten/.local/share/nvim/lazy/tokyonight.nvim/filetype.lua"
Searching for "/Users/hvidsten/.local/share/nvim/lazy/tokyonight.nvim/filetype.vim"
Searching for "/Users/hvidsten/.local/share/nvim/lazy/LazyVim/filetype.lua"
Searching for "/Users/hvidsten/.local/share/nvim/lazy/LazyVim/filetype.vim"
Searching for "/opt/homebrew/Cellar/neovim/0.11.5_1/share/nvim/runtime/filetype.lua"
sourcing "/opt/homebrew/Cellar/neovim/0.11.5_1/share/nvim/runtime/filetype.lua"
finished sourcing /opt/homebrew/Cellar/neovim/0.11.5_1/share/nvim/runtime/filetype.lua
Searching for "/opt/homebrew/Cellar/neovim/0.11.5_1/share/nvim/runtime/filetype.vim"
Searching for "/opt/homebrew/Cellar/neovim/0.11.5_1/share/nvim/runtime/pack/dist/opt/netrw/filetype.lua"
Searching for "/opt/homebrew/Cellar/neovim/0.11.5_1/share/nvim/runtime/pack/dist/opt/netrw/filetype.vim"
Searching for "/opt/homebrew/Cellar/neovim/0.11.5_1/share/nvim/runtime/pack/dist/opt/matchit/filetype.lua"
Searching for "/opt/homebrew/Cellar/neovim/0.11.5_1/share/nvim/runtime/pack/dist/opt/matchit/filetype.vim"
Searching for "/opt/homebrew/Cellar/neovim/0.11.5_1/lib/nvim/filetype.lua"
Searching for "/opt/homebrew/Cellar/neovim/0.11.5_1/lib/nvim/filetype.vim"
Searching for "/Users/hvidsten/.local/state/nvim/lazy/readme/filetype.lua"
Searching for "/Users/hvidsten/.local/state/nvim/lazy/readme/filetype.vim"
Executing: so $VIMRUNTIME/syntax/syntax.vim
sourcing "/opt/homebrew/Cellar/neovim/0.11.5_1/share/nvim/runtime/syntax/syntax.vim"
line 1: " Vim syntax support file
line 2: " Maintainer:^IThe Vim Project <https://github.com/vim/vim>
line 3: " Last Change:^I2023 Aug 10
line 4: " Former Maintainer:^IBram Moolenaar <Bram@vim.org>
line 5: 
line 6: " This file is used for ":syntax on".
line 7: " It installs the autocommands and starts highlighting for all buffers.
line 8: 
line 9: if !has("syntax")
line 10:   finish
line 11: endif
line 12: 
line 13: " If Syntax highlighting appears to be on already, turn it off first, so that
line 14: " any leftovers are cleared.
line 15: if exists("syntax_on") || exists("syntax_manual")
line 16:   so <sfile>:p:h/nosyntax.vim
line 17: endif
line 18: 
line 19: " Load the Syntax autocommands and set the default methods for highlighting.
line 20: runtime syntax/synload.vim
Searching for "syntax/synload.vim" in runtime path
Searching for "/Users/hvidsten/.config/nvim/syntax/synload.vim"
Searching for "/Users/hvidsten/.local/share/nvim/site/syntax/synload.vim"
Searching for "/Users/hvidsten/.local/share/nvim/lazy/lazy.nvim/syntax/synload.vim"
Searching for "/Users/hvidsten/.local/share/nvim/lazy/snacks.nvim/syntax/synload.vim"
Searching for "/Users/hvidsten/.local/share/nvim/lazy/tokyonight.nvim/syntax/synload.vim"
Searching for "/Users/hvidsten/.local/share/nvim/lazy/LazyVim/syntax/synload.vim"
Searching for "/opt/homebrew/Cellar/neovim/0.11.5_1/share/nvim/runtime/syntax/synload.vim"
line 20: sourcing "/opt/homebrew/Cellar/neovim/0.11.5_1/share/nvim/runtime/syntax/synload.vim"
line 1: " Vim syntax support file
line 2: " Maintainer:^IThe Vim Project <https://github.com/vim/vim>
line 3: " Last Change:^I2023 Aug 10
line 4: " Former Maintainer:^IBram Moolenaar <Bram@vim.org>
line 5: 
line 6: " This file sets up for syntax highlighting.
line 7: " It is loaded from "syntax.vim" and "manual.vim".
line 8: " 1. Set the default highlight groups.
line 9: " 2. Install Syntax autocommands for all the available syntax files.
line 10: 
line 11: if !has("syntax")
line 12:   finish
line 13: endif
line 14: 
line 15: " let others know that syntax has been switched on
line 16: let syntax_on = 1
line 17: 
line 18: " Line continuation is used here, remove 'C' from 'cpoptions'
line 19: let s:cpo_save = &cpo
line 20: set cpo&vim
line 21: 
line 22: " First remove all old syntax autocommands.
line 23: au! Syntax
line 24: 
line 25: au Syntax *^I^Icall s:SynSet()
line 26: 
line 27: fun! s:SynSet()
line 58: 
line 59: 
line 60: " Handle adding doxygen to other languages (C, C++, C#, IDL, java, php, DataScript)
line 61: au Syntax c,cpp,cs,idl,java,php,datascript if (exists('b:load_doxygen_syntax') && b:load_doxygen_syntax)^I|| (exists('g:load_doxygen_syntax') && g:load_doxygen_syntax)   | runtime! syntax/doxygen.vim | endif
line 66: 
line 67: 
line 68: " Source the user-specified syntax highlighting file
line 69: if exists("mysyntaxfile")
line 70:   let s:fname = expand(mysyntaxfile)
line 71:   if filereadable(s:fname)
line 72:     execute "source " . fnameescape(s:fname)
line 73:   endif
line 74: endif
line 75: 
line 76: " Restore 'cpoptions'
line 77: let &cpo = s:cpo_save
line 78: unlet s:cpo_save
finished sourcing /opt/homebrew/Cellar/neovim/0.11.5_1/share/nvim/runtime/syntax/synload.vim
continuing in /opt/homebrew/Cellar/neovim/0.11.5_1/share/nvim/runtime/syntax/syntax.vim
line 21: 
line 22: " Load the FileType autocommands if not done yet.
line 23: if exists("did_load_filetypes")
line 24:   let s:did_ft = 1
line 25: else
line 26:   filetype on
line 27:   let s:did_ft = 0
line 28: endif
line 29: 
line 30: " Set up the connection between FileType and Syntax autocommands.
line 31: " This makes the syntax automatically set when the file type is detected
line 32: " unless treesitter highlighting is enabled.
line 33: " Avoid an error when 'verbose' is set and <amatch> expansion fails.
line 34: augroup syntaxset
line 35:   au! FileType *^Iif !exists('b:ts_highlight') | 0verbose exe "set syntax=" . expand("<amatch>") | endif
line 36: augroup END
line 37: 
line 38: " Execute the syntax autocommands for the each buffer.
line 39: " If the filetype wasn't detected yet, do that now.
line 40: " Always do the syntaxset autocommands, for buffers where the 'filetype'
line 41: " already was set manually (e.g., help buffers).
line 42: doautoall syntaxset FileType
Executing FileType Autocommands for "*"
autocommand if !exists('b:ts_highlight') | 0verbose exe "set syntax=" . expand("<amatch>") | endif

Executing: if !exists('b:ts_highlight') | 0verbose exe "set syntax=" . expand("<amatch>") | endif
Executing:  0verbose exe "set syntax=" . expand("<amatch>") | endif
Executing:  endif
line 43: if !s:did_ft
line 44:   doautoall filetypedetect BufRead
line 45: endif
finished sourcing /opt/homebrew/Cellar/neovim/0.11.5_1/share/nvim/runtime/syntax/syntax.vim
Reading ShaDa file "/Users/hvidsten/.local/state/nvim/shada/main.shada" info marks oldfiles
Executing BufWinEnter Autocommands for "*"
autocommand autocmd SafeState * ++once call s:Highlight_Matching_Pair()

Executing: autocmd SafeState * ++once call s:Highlight_Matching_Pair()
Executing BufEnter Autocommands for "*"
autocommand <Lua 233: ~/.local/share/nvim/lazy/snacks.nvim/lua/snacks/init.lua:190>

Executing: 
Executing VimEnter Autocommands for "*"
autocommand <Lua 70: vim/_defaults.lua:0>

Executing: 
autocommand <Lua 71: vim/_defaults.lua:0>

Executing: 
Executing UIEnter Autocommands for "*"
autocommand <Lua 73: ~/.local/share/nvim/lazy/lazy.nvim/lua/lazy/core/config.lua:327>

Executing: 
Executing UIEnter Autocommands for "*"
autocommand <Lua 234: ~/.local/share/nvim/lazy/snacks.nvim/lua/snacks/init.lua:190>

Executing: 
Executing UIEnter Autocommands for "*"
autocommand <Lua 250: /opt/homebrew/Cellar/neovim/0.11.5_1/share/nvim/runtime/plugin/osc52.lua:8>

Executing: 
Executing UIEnter Autocommands for "*"
autocommand <Lua 255: ~/.local/share/nvim/lazy/lazy.nvim/lua/lazy/core/util.lua:189>

Executing: 
Executing CursorMoved Autocommands for "*"
autocommand call s:Highlight_Matching_Pair()

Executing: call s:Highlight_Matching_Pair()
calling <SNR>24_Highlight_Matching_Pair()

line 1:   if !exists("w:matchparen_ids")
line 2:     let w:matchparen_ids = []
line 3:   endif
line 4:   " Remove any previous match.
line 5:   call s:Remove_Matches()
calling <SNR>24_Remove_Matches()

line 1:   if exists('w:paren_hl_on') && w:paren_hl_on
line 2:     while !empty(w:matchparen_ids)
line 3:       silent! call remove(w:matchparen_ids, 0)->matchdelete()
line 4:     endwhile
line 5:     let w:paren_hl_on = 0
line 6:   endif
<SNR>24_Remove_Matches returning #0

continuing in <SNR>24_Highlight_Matching_Pair

line 6: 
line 7:   " Avoid that we remove the popup menu.
line 8:   " Return when there are no colors (looks like the cursor jumps).
line 9:   if pumvisible() || (&t_Co < 8 && !has("gui_running"))
line 10:     return
line 11:   endif
line 12: 
line 13:   " Get the character under the cursor and check if it's in 'matchpairs'.
line 14:   let c_lnum = line('.')
line 15:   let c_col = col('.')
line 16:   let before = 0
line 17: 
line 18:   let text = getline(c_lnum)
line 19:   let c_before = text->strpart(0, c_col - 1)->slice(-1)
line 20:   let c = text->strpart(c_col - 1)->slice(0, 1)
line 21:   let plist = split(&matchpairs, '.\zs[:,]')
line 22:   let i = index(plist, c)
line 23:   if i < 0
line 24:     " not found, in Insert mode try character before the cursor
line 25:     if c_col > 1 && (mode() == 'i' || mode() == 'R')
line 26:       let before = strlen(c_before)
line 27:       let c = c_before
line 28:       let i = index(plist, c)
line 29:     endif
line 30:     if i < 0
line 31:       " not found, nothing to do
line 32:       return
<SNR>24_Highlight_Matching_Pair returning #0

continuing in CursorMoved Autocommands for "*"

Executing CursorMoved Autocommands for "<buffer=1>"
autocommand <Lua 271: ~/.local/share/nvim/lazy/snacks.nvim/lua/snacks/dashboard.lua:720>

Executing: 
Executing CursorMoved Autocommands for "*"
autocommand <Lua 223: vim/_editor.lua:0>

Executing: 
Executing TextChanged Autocommands for "*"
autocommand call s:Highlight_Matching_Pair()

Executing: call s:Highlight_Matching_Pair()
calling <SNR>24_Highlight_Matching_Pair()

line 1:   if !exists("w:matchparen_ids")
line 2:     let w:matchparen_ids = []
line 3:   endif
line 4:   " Remove any previous match.
line 5:   call s:Remove_Matches()
calling <SNR>24_Remove_Matches()

line 1:   if exists('w:paren_hl_on') && w:paren_hl_on
line 2:     while !empty(w:matchparen_ids)
line 3:       silent! call remove(w:matchparen_ids, 0)->matchdelete()
line 4:     endwhile
line 5:     let w:paren_hl_on = 0
line 6:   endif
<SNR>24_Remove_Matches returning #0

continuing in <SNR>24_Highlight_Matching_Pair

line 6: 
line 7:   " Avoid that we remove the popup menu.
line 8:   " Return when there are no colors (looks like the cursor jumps).
line 9:   if pumvisible() || (&t_Co < 8 && !has("gui_running"))
line 10:     return
line 11:   endif
line 12: 
line 13:   " Get the character under the cursor and check if it's in 'matchpairs'.
line 14:   let c_lnum = line('.')
line 15:   let c_col = col('.')
line 16:   let before = 0
line 17: 
line 18:   let text = getline(c_lnum)
line 19:   let c_before = text->strpart(0, c_col - 1)->slice(-1)
line 20:   let c = text->strpart(c_col - 1)->slice(0, 1)
line 21:   let plist = split(&matchpairs, '.\zs[:,]')
line 22:   let i = index(plist, c)
line 23:   if i < 0
line 24:     " not found, in Insert mode try character before the cursor
line 25:     if c_col > 1 && (mode() == 'i' || mode() == 'R')
line 26:       let before = strlen(c_before)
line 27:       let c = c_before
line 28:       let i = index(plist, c)
line 29:     endif
line 30:     if i < 0
line 31:       " not found, nothing to do
line 32:       return
<SNR>24_Highlight_Matching_Pair returning #0

continuing in TextChanged Autocommands for "*"

Executing TextChanged Autocommands for "*"
autocommand <Lua 189: ~/.local/share/nvim/lazy/snacks.nvim/lua/snacks/scroll.lua:185>

Executing: 
Executing SafeState Autocommands for "*"
autocommand call s:Highlight_Matching_Pair()

Executing: call s:Highlight_Matching_Pair()
calling <SNR>24_Highlight_Matching_Pair()

line 1:   if !exists("w:matchparen_ids")
line 2:     let w:matchparen_ids = []
line 3:   endif
line 4:   " Remove any previous match.
line 5:   call s:Remove_Matches()
calling <SNR>24_Remove_Matches()

line 1:   if exists('w:paren_hl_on') && w:paren_hl_on
line 2:     while !empty(w:matchparen_ids)
line 3:       silent! call remove(w:matchparen_ids, 0)->matchdelete()
line 4:     endwhile
line 5:     let w:paren_hl_on = 0
line 6:   endif
<SNR>24_Remove_Matches returning #0

continuing in <SNR>24_Highlight_Matching_Pair

line 6: 
line 7:   " Avoid that we remove the popup menu.
line 8:   " Return when there are no colors (looks like the cursor jumps).
line 9:   if pumvisible() || (&t_Co < 8 && !has("gui_running"))
line 10:     return
line 11:   endif
line 12: 
line 13:   " Get the character under the cursor and check if it's in 'matchpairs'.
line 14:   let c_lnum = line('.')
line 15:   let c_col = col('.')
line 16:   let before = 0
line 17: 
line 18:   let text = getline(c_lnum)
line 19:   let c_before = text->strpart(0, c_col - 1)->slice(-1)
line 20:   let c = text->strpart(c_col - 1)->slice(0, 1)
line 21:   let plist = split(&matchpairs, '.\zs[:,]')
line 22:   let i = index(plist, c)
line 23:   if i < 0
line 24:     " not found, in Insert mode try character before the cursor
line 25:     if c_col > 1 && (mode() == 'i' || mode() == 'R')
line 26:       let before = strlen(c_before)
line 27:       let c = c_before
line 28:       let i = index(plist, c)
line 29:     endif
line 30:     if i < 0
line 31:       " not found, nothing to do
line 32:       return
<SNR>24_Highlight_Matching_Pair returning #0

continuing in SafeState Autocommands for "*"

Executing TermResponse Autocommands for "*"
autocommand <Lua 69: vim/_defaults.lua:0>

Executing: 
Executing User Autocommands for "VeryLazy"
autocommand <Lua 74: ~/.local/share/nvim/lazy/lazy.nvim/lua/lazy/core/config.lua:338>

Executing: 
Executing User Autocommands for "VeryLazy"
autocommand <Lua 83: ~/.local/share/nvim/lazy/lazy.nvim/lua/lazy/core/handler/event.lua:72>

line 0: sourcing "nvim_exec2() called at User Autocommands for "VeryLazy":0"
line 1: source /Users/hvidsten/.local/share/nvim/lazy/which-key.nvim/plugin/which-key.lua
line 1: sourcing "/Users/hvidsten/.local/share/nvim/lazy/which-key.nvim/plugin/which-key.lua"
finished sourcing /Users/hvidsten/.local/share/nvim/lazy/which-key.nvim/plugin/which-key.lua
continuing in nvim_exec2() called at User Autocommands for "VeryLazy":0
finished sourcing nvim_exec2() called at User Autocommands for "VeryLazy":0
continuing in User Autocommands for "VeryLazy"
line 0: sourcing "nvim_exec2() called at User Autocommands for "VeryLazy":0"
line 1: augroup filetypedetect
finished sourcing nvim_exec2() called at User Autocommands for "VeryLazy":0
continuing in User Autocommands for "VeryLazy"
line 0: sourcing "nvim_exec2() called at User Autocommands for "VeryLazy":0"
line 1: augroup END
finished sourcing nvim_exec2() called at User Autocommands for "VeryLazy":0
continuing in User Autocommands for "VeryLazy"
line 0: sourcing "nvim_exec2() called at User Autocommands for "VeryLazy":0"
line 1: augroup filetypedetect
finished sourcing nvim_exec2() called at User Autocommands for "VeryLazy":0
continuing in User Autocommands for "VeryLazy"
line 0: sourcing "nvim_exec2() called at User Autocommands for "VeryLazy":0"
line 1: augroup END
finished sourcing nvim_exec2() called at User Autocommands for "VeryLazy":0
continuing in User Autocommands for "VeryLazy"
line 0: sourcing "nvim_exec2() called at User Autocommands for "VeryLazy":0"
line 1: augroup filetypedetect
finished sourcing nvim_exec2() called at User Autocommands for "VeryLazy":0
continuing in User Autocommands for "VeryLazy"
line 0: sourcing "nvim_exec2() called at User Autocommands for "VeryLazy":0"
line 1: augroup END
finished sourcing nvim_exec2() called at User Autocommands for "VeryLazy":0
continuing in User Autocommands for "VeryLazy"
line 0: sourcing "nvim_exec2() called at User Autocommands for "VeryLazy":0"
line 1: augroup filetypedetect
finished sourcing nvim_exec2() called at User Autocommands for "VeryLazy":0
continuing in User Autocommands for "VeryLazy"
line 0: sourcing "nvim_exec2() called at User Autocommands for "VeryLazy":0"
line 1: augroup END
finished sourcing nvim_exec2() called at User Autocommands for "VeryLazy":0
continuing in User Autocommands for "VeryLazy"
line 0: sourcing "nvim_exec2() called at User Autocommands for "VeryLazy":0"
line 1: augroup filetypedetect
finished sourcing nvim_exec2() called at User Autocommands for "VeryLazy":0
continuing in User Autocommands for "VeryLazy"
line 0: sourcing "nvim_exec2() called at User Autocommands for "VeryLazy":0"
line 1: augroup END
finished sourcing nvim_exec2() called at User Autocommands for "VeryLazy":0
continuing in User Autocommands for "VeryLazy"
line 0: sourcing "nvim_exec2() called at User Autocommands for "VeryLazy":0"
line 1: augroup filetypedetect
finished sourcing nvim_exec2() called at User Autocommands for "VeryLazy":0
continuing in User Autocommands for "VeryLazy"
line 0: sourcing "nvim_exec2() called at User Autocommands for "VeryLazy":0"
line 1: augroup END
finished sourcing nvim_exec2() called at User Autocommands for "VeryLazy":0
continuing in User Autocommands for "VeryLazy"
line 0: sourcing "nvim_exec2() called at User Autocommands for "VeryLazy":0"
line 1: source /Users/hvidsten/.local/share/nvim/lazy/nvim-treesitter/plugin/filetypes.lua
line 1: sourcing "/Users/hvidsten/.local/share/nvim/lazy/nvim-treesitter/plugin/filetypes.lua"
finished sourcing /Users/hvidsten/.local/share/nvim/lazy/nvim-treesitter/plugin/filetypes.lua
continuing in nvim_exec2() called at User Autocommands for "VeryLazy":0
finished sourcing nvim_exec2() called at User Autocommands for "VeryLazy":0
continuing in User Autocommands for "VeryLazy"
line 0: sourcing "nvim_exec2() called at User Autocommands for "VeryLazy":0"
line 1: source /Users/hvidsten/.local/share/nvim/lazy/nvim-treesitter/plugin/nvim-treesitter.lua
line 1: sourcing "/Users/hvidsten/.local/share/nvim/lazy/nvim-treesitter/plugin/nvim-treesitter.lua"
finished sourcing /Users/hvidsten/.local/share/nvim/lazy/nvim-treesitter/plugin/nvim-treesitter.lua
continuing in nvim_exec2() called at User Autocommands for "VeryLazy":0
finished sourcing nvim_exec2() called at User Autocommands for "VeryLazy":0
continuing in User Autocommands for "VeryLazy"
line 0: sourcing "nvim_exec2() called at User Autocommands for "VeryLazy":0"
line 1: source /Users/hvidsten/.local/share/nvim/lazy/nvim-treesitter/plugin/query_predicates.lua
line 1: sourcing "/Users/hvidsten/.local/share/nvim/lazy/nvim-treesitter/plugin/query_predicates.lua"
finished sourcing /Users/hvidsten/.local/share/nvim/lazy/nvim-treesitter/plugin/query_predicates.lua
continuing in nvim_exec2() called at User Autocommands for "VeryLazy":0
finished sourcing nvim_exec2() called at User Autocommands for "VeryLazy":0
continuing in User Autocommands for "VeryLazy"
line 0: sourcing "nvim_exec2() called at User Autocommands for "VeryLazy":0"
line 1: augroup filetypedetect
finished sourcing nvim_exec2() called at User Autocommands for "VeryLazy":0
continuing in User Autocommands for "VeryLazy"
line 0: sourcing "nvim_exec2() called at User Autocommands for "VeryLazy":0"
line 1: augroup END
finished sourcing nvim_exec2() called at User Autocommands for "VeryLazy":0
continuing in User Autocommands for "VeryLazy"
line 0: sourcing "nvim_exec2() called at User Autocommands for "VeryLazy":0"
line 1: augroup filetypedetect
finished sourcing nvim_exec2() called at User Autocommands for "VeryLazy":0
continuing in User Autocommands for "VeryLazy"
line 0: sourcing "nvim_exec2() called at User Autocommands for "VeryLazy":0"
line 1: augroup END
finished sourcing nvim_exec2() called at User Autocommands for "VeryLazy":0
continuing in User Autocommands for "VeryLazy"
line 0: sourcing "nvim_exec2() called at User Autocommands for "VeryLazy":0"
line 1: augroup filetypedetect
finished sourcing nvim_exec2() called at User Autocommands for "VeryLazy":0
continuing in User Autocommands for "VeryLazy"
line 0: sourcing "nvim_exec2() called at User Autocommands for "VeryLazy":0"
line 1: augroup END
finished sourcing nvim_exec2() called at User Autocommands for "VeryLazy":0
continuing in User Autocommands for "VeryLazy"
line 0: sourcing "nvim_exec2() called at User Autocommands for "VeryLazy":0"
line 1: augroup filetypedetect
finished sourcing nvim_exec2() called at User Autocommands for "VeryLazy":0
continuing in User Autocommands for "VeryLazy"
line 0: sourcing "nvim_exec2() called at User Autocommands for "VeryLazy":0"
line 1: augroup END
finished sourcing nvim_exec2() called at User Autocommands for "VeryLazy":0
continuing in User Autocommands for "VeryLazy"
Searching for "lua/trouble/sources/*.lua" in runtime path
Searching for "/Users/hvidsten/.config/nvim/lua/trouble/sources/*.lua"
Searching for "/Users/hvidsten/.local/share/nvim/site/lua/trouble/sources/*.lua"
Searching for "/Users/hvidsten/.local/share/nvim/lazy/lazy.nvim/lua/trouble/sources/*.lua"
Searching for "/Users/hvidsten/.local/share/nvim/lazy/trouble.nvim/lua/trouble/sources/*.lua"
Searching for "/Users/hvidsten/.local/share/nvim/lazy/lualine.nvim/lua/trouble/sources/*.lua"
Searching for "/Users/hvidsten/.local/share/nvim/lazy/flash.nvim/lua/trouble/sources/*.lua"
Searching for "/Users/hvidsten/.local/share/nvim/lazy/nvim-treesitter/lua/trouble/sources/*.lua"
Searching for "/Users/hvidsten/.local/share/nvim/lazy/nvim-treesitter-textobjects/lua/trouble/sources/*.lua"
Searching for "/Users/hvidsten/.local/share/nvim/lazy/mini.ai/lua/trouble/sources/*.lua"
Searching for "/Users/hvidsten/.local/share/nvim/lazy/ts-comments.nvim/lua/trouble/sources/*.lua"
Searching for "/Users/hvidsten/.local/share/nvim/lazy/mini.pairs/lua/trouble/sources/*.lua"
Searching for "/Users/hvidsten/.local/share/nvim/lazy/bufferline.nvim/lua/trouble/sources/*.lua"
Searching for "/Users/hvidsten/.local/share/nvim/lazy/which-key.nvim/lua/trouble/sources/*.lua"
Searching for "/Users/hvidsten/.local/share/nvim/lazy/snacks.nvim/lua/trouble/sources/*.lua"
Searching for "/Users/hvidsten/.local/share/nvim/lazy/tokyonight.nvim/lua/trouble/sources/*.lua"
Searching for "/Users/hvidsten/.local/share/nvim/lazy/LazyVim/lua/trouble/sources/*.lua"
Searching for "/opt/homebrew/Cellar/neovim/0.11.5_1/share/nvim/runtime/lua/trouble/sources/*.lua"
Searching for "/opt/homebrew/Cellar/neovim/0.11.5_1/share/nvim/runtime/pack/dist/opt/netrw/lua/trouble/sources/*.lua"
Searching for "/opt/homebrew/Cellar/neovim/0.11.5_1/share/nvim/runtime/pack/dist/opt/matchit/lua/trouble/sources/*.lua"
Searching for "/opt/homebrew/Cellar/neovim/0.11.5_1/lib/nvim/lua/trouble/sources/*.lua"
Searching for "/Users/hvidsten/.local/state/nvim/lazy/readme/lua/trouble/sources/*.lua"
line 0: sourcing "nvim_exec2() called at User Autocommands for "VeryLazy":0"
line 1: augroup lualine | exe "autocmd!" | augroup END
line 1:  exe "autocmd!" | augroup END
line 1: autocmd!
line 1:  augroup END
finished sourcing nvim_exec2() called at User Autocommands for "VeryLazy":0
continuing in User Autocommands for "VeryLazy"
Searching for "lua/lualine/themes/auto.lua" in runtime path
Searching for "/Users/hvidsten/.config/nvim/lua/lualine/themes/auto.lua"
Searching for "/Users/hvidsten/.local/share/nvim/site/lua/lualine/themes/auto.lua"
Searching for "/Users/hvidsten/.local/share/nvim/lazy/lazy.nvim/lua/lualine/themes/auto.lua"
Searching for "/Users/hvidsten/.local/share/nvim/lazy/trouble.nvim/lua/lualine/themes/auto.lua"
Searching for "/Users/hvidsten/.local/share/nvim/lazy/lualine.nvim/lua/lualine/themes/auto.lua"
Searching for "/Users/hvidsten/.local/share/nvim/lazy/flash.nvim/lua/lualine/themes/auto.lua"
Searching for "/Users/hvidsten/.local/share/nvim/lazy/nvim-treesitter/lua/lualine/themes/auto.lua"
Searching for "/Users/hvidsten/.local/share/nvim/lazy/nvim-treesitter-textobjects/lua/lualine/themes/auto.lua"
Searching for "/Users/hvidsten/.local/share/nvim/lazy/mini.ai/lua/lualine/themes/auto.lua"
Searching for "/Users/hvidsten/.local/share/nvim/lazy/ts-comments.nvim/lua/lualine/themes/auto.lua"
Searching for "/Users/hvidsten/.local/share/nvim/lazy/mini.pairs/lua/lualine/themes/auto.lua"
Searching for "/Users/hvidsten/.local/share/nvim/lazy/bufferline.nvim/lua/lualine/themes/auto.lua"
Searching for "/Users/hvidsten/.local/share/nvim/lazy/which-key.nvim/lua/lualine/themes/auto.lua"
Searching for "/Users/hvidsten/.local/share/nvim/lazy/snacks.nvim/lua/lualine/themes/auto.lua"
Searching for "/Users/hvidsten/.local/share/nvim/lazy/tokyonight.nvim/lua/lualine/themes/auto.lua"
Searching for "/Users/hvidsten/.local/share/nvim/lazy/LazyVim/lua/lualine/themes/auto.lua"
Searching for "/opt/homebrew/Cellar/neovim/0.11.5_1/share/nvim/runtime/lua/lualine/themes/auto.lua"
Searching for "/opt/homebrew/Cellar/neovim/0.11.5_1/share/nvim/runtime/pack/dist/opt/netrw/lua/lualine/themes/auto.lua"
Searching for "/opt/homebrew/Cellar/neovim/0.11.5_1/share/nvim/runtime/pack/dist/opt/matchit/lua/lualine/themes/auto.lua"
Searching for "/opt/homebrew/Cellar/neovim/0.11.5_1/lib/nvim/lua/lualine/themes/auto.lua"
Searching for "/Users/hvidsten/.local/state/nvim/lazy/readme/lua/lualine/themes/auto.lua"
Searching for "lua/lualine/themes/tokyonight-moon.lua" in runtime path
Searching for "/Users/hvidsten/.config/nvim/lua/lualine/themes/tokyonight-moon.lua"
Searching for "/Users/hvidsten/.local/share/nvim/site/lua/lualine/themes/tokyonight-moon.lua"
Searching for "/Users/hvidsten/.local/share/nvim/lazy/lazy.nvim/lua/lualine/themes/tokyonight-moon.lua"
Searching for "/Users/hvidsten/.local/share/nvim/lazy/trouble.nvim/lua/lualine/themes/tokyonight-moon.lua"
Searching for "/Users/hvidsten/.local/share/nvim/lazy/lualine.nvim/lua/lualine/themes/tokyonight-moon.lua"
Searching for "/Users/hvidsten/.local/share/nvim/lazy/flash.nvim/lua/lualine/themes/tokyonight-moon.lua"
Searching for "/Users/hvidsten/.local/share/nvim/lazy/nvim-treesitter/lua/lualine/themes/tokyonight-moon.lua"
Searching for "/Users/hvidsten/.local/share/nvim/lazy/nvim-treesitter-textobjects/lua/lualine/themes/tokyonight-moon.lua"
Searching for "/Users/hvidsten/.local/share/nvim/lazy/mini.ai/lua/lualine/themes/tokyonight-moon.lua"
Searching for "/Users/hvidsten/.local/share/nvim/lazy/ts-comments.nvim/lua/lualine/themes/tokyonight-moon.lua"
Searching for "/Users/hvidsten/.local/share/nvim/lazy/mini.pairs/lua/lualine/themes/tokyonight-moon.lua"
Searching for "/Users/hvidsten/.local/share/nvim/lazy/bufferline.nvim/lua/lualine/themes/tokyonight-moon.lua"
Searching for "/Users/hvidsten/.local/share/nvim/lazy/which-key.nvim/lua/lualine/themes/tokyonight-moon.lua"
Searching for "/Users/hvidsten/.local/share/nvim/lazy/snacks.nvim/lua/lualine/themes/tokyonight-moon.lua"
Searching for "/Users/hvidsten/.local/share/nvim/lazy/tokyonight.nvim/lua/lualine/themes/tokyonight-moon.lua"
Searching for "/Users/hvidsten/.local/share/nvim/lazy/LazyVim/lua/lualine/themes/tokyonight-moon.lua"
Searching for "/opt/homebrew/Cellar/neovim/0.11.5_1/share/nvim/runtime/lua/lualine/themes/tokyonight-moon.lua"
Searching for "/opt/homebrew/Cellar/neovim/0.11.5_1/share/nvim/runtime/pack/dist/opt/netrw/lua/lualine/themes/tokyonight-moon.lua"
Searching for "/opt/homebrew/Cellar/neovim/0.11.5_1/share/nvim/runtime/pack/dist/opt/matchit/lua/lualine/themes/tokyonight-moon.lua"
Searching for "/opt/homebrew/Cellar/neovim/0.11.5_1/lib/nvim/lua/lualine/themes/tokyonight-moon.lua"
Searching for "/Users/hvidsten/.local/state/nvim/lazy/readme/lua/lualine/themes/tokyonight-moon.lua"
line 0: sourcing "nvim_exec2() called at User Autocommands for "VeryLazy":0"
line 1: highlight! lualine_transparent guifg=#c8d3f5 guibg=#222436 gui=nocombine
finished sourcing nvim_exec2() called at User Autocommands for "VeryLazy":0
continuing in User Autocommands for "VeryLazy"
line 0: sourcing "nvim_exec2() called at User Autocommands for "VeryLazy":0"
line 1: highlight! lualine_b_normal guifg=#82aaff guibg=#3b4261 gui=nocombine
finished sourcing nvim_exec2() called at User Autocommands for "VeryLazy":0
continuing in User Autocommands for "VeryLazy"
line 0: sourcing "nvim_exec2() called at User Autocommands for "VeryLazy":0"
line 1: highlight! lualine_a_normal guifg=#1b1d2b guibg=#82aaff gui=nocombine
finished sourcing nvim_exec2() called at User Autocommands for "VeryLazy":0
continuing in User Autocommands for "VeryLazy"
line 0: sourcing "nvim_exec2() called at User Autocommands for "VeryLazy":0"
line 1: highlight! lualine_c_normal guifg=#828bb8 guibg=#1e2030 gui=nocombine
finished sourcing nvim_exec2() called at User Autocommands for "VeryLazy":0
continuing in User Autocommands for "VeryLazy"
line 0: sourcing "nvim_exec2() called at User Autocommands for "VeryLazy":0"
line 1: highlight! lualine_a_terminal guifg=#1b1d2b guibg=#4fd6be gui=nocombine
finished sourcing nvim_exec2() called at User Autocommands for "VeryLazy":0
continuing in User Autocommands for "VeryLazy"
line 0: sourcing "nvim_exec2() called at User Autocommands for "VeryLazy":0"
line 1: highlight! lualine_b_terminal guifg=#4fd6be guibg=#3b4261 gui=nocombine
finished sourcing nvim_exec2() called at User Autocommands for "VeryLazy":0
continuing in User Autocommands for "VeryLazy"
line 0: sourcing "nvim_exec2() called at User Autocommands for "VeryLazy":0"
line 1: highlight! lualine_a_visual guifg=#1b1d2b guibg=#c099ff gui=nocombine
finished sourcing nvim_exec2() called at User Autocommands for "VeryLazy":0
continuing in User Autocommands for "VeryLazy"
line 0: sourcing "nvim_exec2() called at User Autocommands for "VeryLazy":0"
line 1: highlight! lualine_b_visual guifg=#c099ff guibg=#3b4261 gui=nocombine
finished sourcing nvim_exec2() called at User Autocommands for "VeryLazy":0
continuing in User Autocommands for "VeryLazy"
line 0: sourcing "nvim_exec2() called at User Autocommands for "VeryLazy":0"
line 1: highlight! lualine_a_replace guifg=#1b1d2b guibg=#ff757f gui=nocombine
finished sourcing nvim_exec2() called at User Autocommands for "VeryLazy":0
continuing in User Autocommands for "VeryLazy"
line 0: sourcing "nvim_exec2() called at User Autocommands for "VeryLazy":0"
line 1: highlight! lualine_b_replace guifg=#ff757f guibg=#3b4261 gui=nocombine
finished sourcing nvim_exec2() called at User Autocommands for "VeryLazy":0
continuing in User Autocommands for "VeryLazy"
line 0: sourcing "nvim_exec2() called at User Autocommands for "VeryLazy":0"
line 1: highlight! lualine_b_inactive guifg=#3b4261 guibg=#1e2030 gui=bold,nocombine
finished sourcing nvim_exec2() called at User Autocommands for "VeryLazy":0
continuing in User Autocommands for "VeryLazy"
line 0: sourcing "nvim_exec2() called at User Autocommands for "VeryLazy":0"
line 1: highlight! lualine_a_inactive guifg=#82aaff guibg=#1e2030 gui=nocombine
finished sourcing nvim_exec2() called at User Autocommands for "VeryLazy":0
continuing in User Autocommands for "VeryLazy"
line 0: sourcing "nvim_exec2() called at User Autocommands for "VeryLazy":0"
line 1: highlight! lualine_c_inactive guifg=#3b4261 guibg=#1e2030 gui=nocombine
finished sourcing nvim_exec2() called at User Autocommands for "VeryLazy":0
continuing in User Autocommands for "VeryLazy"
line 0: sourcing "nvim_exec2() called at User Autocommands for "VeryLazy":0"
line 1: highlight! lualine_a_insert guifg=#1b1d2b guibg=#c3e88d gui=nocombine
finished sourcing nvim_exec2() called at User Autocommands for "VeryLazy":0
continuing in User Autocommands for "VeryLazy"
line 0: sourcing "nvim_exec2() called at User Autocommands for "VeryLazy":0"
line 1: highlight! lualine_b_insert guifg=#c3e88d guibg=#3b4261 gui=nocombine
finished sourcing nvim_exec2() called at User Autocommands for "VeryLazy":0
continuing in User Autocommands for "VeryLazy"
line 0: sourcing "nvim_exec2() called at User Autocommands for "VeryLazy":0"
line 1: highlight! lualine_a_command guifg=#1b1d2b guibg=#ffc777 gui=nocombine
finished sourcing nvim_exec2() called at User Autocommands for "VeryLazy":0
continuing in User Autocommands for "VeryLazy"
line 0: sourcing "nvim_exec2() called at User Autocommands for "VeryLazy":0"
line 1: highlight! lualine_b_command guifg=#ffc777 guibg=#3b4261 gui=nocombine
finished sourcing nvim_exec2() called at User Autocommands for "VeryLazy":0
continuing in User Autocommands for "VeryLazy"
line 0: sourcing "nvim_exec2() called at User Autocommands for "VeryLazy":0"
line 1: autocmd lualine ColorScheme * lua require'lualine'.setup()
line 2:     autocmd lualine OptionSet background lua require'lualine'.setup()
finished sourcing nvim_exec2() called at User Autocommands for "VeryLazy":0
continuing in User Autocommands for "VeryLazy"
line 0: sourcing "nvim_exec2() called at User Autocommands for "VeryLazy":0"
line 1: highlight! lualine_c_2_normal guifg=#65bcff guibg=#1e2030 gui=nocombine
finished sourcing nvim_exec2() called at User Autocommands for "VeryLazy":0
continuing in User Autocommands for "VeryLazy"
line 0: sourcing "nvim_exec2() called at User Autocommands for "VeryLazy":0"
line 1: highlight! lualine_c_2_insert guifg=#65bcff guibg=#1e2030 gui=nocombine
finished sourcing nvim_exec2() called at User Autocommands for "VeryLazy":0
continuing in User Autocommands for "VeryLazy"
line 0: sourcing "nvim_exec2() called at User Autocommands for "VeryLazy":0"
line 1: highlight! lualine_c_2_visual guifg=#65bcff guibg=#1e2030 gui=nocombine
finished sourcing nvim_exec2() called at User Autocommands for "VeryLazy":0
continuing in User Autocommands for "VeryLazy"
line 0: sourcing "nvim_exec2() called at User Autocommands for "VeryLazy":0"
line 1: highlight! lualine_c_2_replace guifg=#65bcff guibg=#1e2030 gui=nocombine
finished sourcing nvim_exec2() called at User Autocommands for "VeryLazy":0
continuing in User Autocommands for "VeryLazy"
line 0: sourcing "nvim_exec2() called at User Autocommands for "VeryLazy":0"
line 1: highlight! lualine_c_2_command guifg=#65bcff guibg=#1e2030 gui=nocombine
finished sourcing nvim_exec2() called at User Autocommands for "VeryLazy":0
continuing in User Autocommands for "VeryLazy"
line 0: sourcing "nvim_exec2() called at User Autocommands for "VeryLazy":0"
line 1: highlight! lualine_c_2_terminal guifg=#65bcff guibg=#1e2030 gui=nocombine
finished sourcing nvim_exec2() called at User Autocommands for "VeryLazy":0
continuing in User Autocommands for "VeryLazy"
line 0: sourcing "nvim_exec2() called at User Autocommands for "VeryLazy":0"
line 1: highlight! lualine_c_2_inactive guifg=#65bcff guibg=#1e2030 gui=nocombine
finished sourcing nvim_exec2() called at User Autocommands for "VeryLazy":0
continuing in User Autocommands for "VeryLazy"
line 0: sourcing "nvim_exec2() called at User Autocommands for "VeryLazy":0"
line 1: highlight! lualine_c_diagnostics_error_normal guifg=#c53b53 guibg=#1e2030 gui=nocombine
finished sourcing nvim_exec2() called at User Autocommands for "VeryLazy":0
continuing in User Autocommands for "VeryLazy"
line 0: sourcing "nvim_exec2() called at User Autocommands for "VeryLazy":0"
line 1: highlight! lualine_c_diagnostics_error_insert guifg=#c53b53 guibg=#1e2030 gui=nocombine
finished sourcing nvim_exec2() called at User Autocommands for "VeryLazy":0
continuing in User Autocommands for "VeryLazy"
line 0: sourcing "nvim_exec2() called at User Autocommands for "VeryLazy":0"
line 1: highlight! lualine_c_diagnostics_error_visual guifg=#c53b53 guibg=#1e2030 gui=nocombine
finished sourcing nvim_exec2() called at User Autocommands for "VeryLazy":0
continuing in User Autocommands for "VeryLazy"
line 0: sourcing "nvim_exec2() called at User Autocommands for "VeryLazy":0"
line 1: highlight! lualine_c_diagnostics_error_replace guifg=#c53b53 guibg=#1e2030 gui=nocombine
finished sourcing nvim_exec2() called at User Autocommands for "VeryLazy":0
continuing in User Autocommands for "VeryLazy"
line 0: sourcing "nvim_exec2() called at User Autocommands for "VeryLazy":0"
line 1: highlight! lualine_c_diagnostics_error_command guifg=#c53b53 guibg=#1e2030 gui=nocombine
finished sourcing nvim_exec2() called at User Autocommands for "VeryLazy":0
continuing in User Autocommands for "VeryLazy"
line 0: sourcing "nvim_exec2() called at User Autocommands for "VeryLazy":0"
line 1: highlight! lualine_c_diagnostics_error_terminal guifg=#c53b53 guibg=#1e2030 gui=nocombine
finished sourcing nvim_exec2() called at User Autocommands for "VeryLazy":0
continuing in User Autocommands for "VeryLazy"
line 0: sourcing "nvim_exec2() called at User Autocommands for "VeryLazy":0"
line 1: highlight! lualine_c_diagnostics_error_inactive guifg=#c53b53 guibg=#1e2030 gui=nocombine
finished sourcing nvim_exec2() called at User Autocommands for "VeryLazy":0
continuing in User Autocommands for "VeryLazy"
line 0: sourcing "nvim_exec2() called at User Autocommands for "VeryLazy":0"
line 1: highlight! lualine_c_diagnostics_warn_normal guifg=#ffc777 guibg=#1e2030 gui=nocombine
finished sourcing nvim_exec2() called at User Autocommands for "VeryLazy":0
continuing in User Autocommands for "VeryLazy"
line 0: sourcing "nvim_exec2() called at User Autocommands for "VeryLazy":0"
line 1: highlight! lualine_c_diagnostics_warn_insert guifg=#ffc777 guibg=#1e2030 gui=nocombine
finished sourcing nvim_exec2() called at User Autocommands for "VeryLazy":0
continuing in User Autocommands for "VeryLazy"
line 0: sourcing "nvim_exec2() called at User Autocommands for "VeryLazy":0"
line 1: highlight! lualine_c_diagnostics_warn_visual guifg=#ffc777 guibg=#1e2030 gui=nocombine
finished sourcing nvim_exec2() called at User Autocommands for "VeryLazy":0
continuing in User Autocommands for "VeryLazy"
line 0: sourcing "nvim_exec2() called at User Autocommands for "VeryLazy":0"
line 1: highlight! lualine_c_diagnostics_warn_replace guifg=#ffc777 guibg=#1e2030 gui=nocombine
finished sourcing nvim_exec2() called at User Autocommands for "VeryLazy":0
continuing in User Autocommands for "VeryLazy"
line 0: sourcing "nvim_exec2() called at User Autocommands for "VeryLazy":0"
line 1: highlight! lualine_c_diagnostics_warn_command guifg=#ffc777 guibg=#1e2030 gui=nocombine
finished sourcing nvim_exec2() called at User Autocommands for "VeryLazy":0
continuing in User Autocommands for "VeryLazy"
line 0: sourcing "nvim_exec2() called at User Autocommands for "VeryLazy":0"
line 1: highlight! lualine_c_diagnostics_warn_terminal guifg=#ffc777 guibg=#1e2030 gui=nocombine
finished sourcing nvim_exec2() called at User Autocommands for "VeryLazy":0
continuing in User Autocommands for "VeryLazy"
line 0: sourcing "nvim_exec2() called at User Autocommands for "VeryLazy":0"
line 1: highlight! lualine_c_diagnostics_warn_inactive guifg=#ffc777 guibg=#1e2030 gui=nocombine
finished sourcing nvim_exec2() called at User Autocommands for "VeryLazy":0
continuing in User Autocommands for "VeryLazy"
line 0: sourcing "nvim_exec2() called at User Autocommands for "VeryLazy":0"
line 1: highlight! lualine_c_diagnostics_info_normal guifg=#0db9d7 guibg=#1e2030 gui=nocombine
finished sourcing nvim_exec2() called at User Autocommands for "VeryLazy":0
continuing in User Autocommands for "VeryLazy"
line 0: sourcing "nvim_exec2() called at User Autocommands for "VeryLazy":0"
line 1: highlight! lualine_c_diagnostics_info_insert guifg=#0db9d7 guibg=#1e2030 gui=nocombine
finished sourcing nvim_exec2() called at User Autocommands for "VeryLazy":0
continuing in User Autocommands for "VeryLazy"
line 0: sourcing "nvim_exec2() called at User Autocommands for "VeryLazy":0"
line 1: highlight! lualine_c_diagnostics_info_visual guifg=#0db9d7 guibg=#1e2030 gui=nocombine
finished sourcing nvim_exec2() called at User Autocommands for "VeryLazy":0
continuing in User Autocommands for "VeryLazy"
line 0: sourcing "nvim_exec2() called at User Autocommands for "VeryLazy":0"
line 1: highlight! lualine_c_diagnostics_info_replace guifg=#0db9d7 guibg=#1e2030 gui=nocombine
finished sourcing nvim_exec2() called at User Autocommands for "VeryLazy":0
continuing in User Autocommands for "VeryLazy"
line 0: sourcing "nvim_exec2() called at User Autocommands for "VeryLazy":0"
line 1: highlight! lualine_c_diagnostics_info_command guifg=#0db9d7 guibg=#1e2030 gui=nocombine
finished sourcing nvim_exec2() called at User Autocommands for "VeryLazy":0
continuing in User Autocommands for "VeryLazy"
line 0: sourcing "nvim_exec2() called at User Autocommands for "VeryLazy":0"
line 1: highlight! lualine_c_diagnostics_info_terminal guifg=#0db9d7 guibg=#1e2030 gui=nocombine
finished sourcing nvim_exec2() called at User Autocommands for "VeryLazy":0
continuing in User Autocommands for "VeryLazy"
line 0: sourcing "nvim_exec2() called at User Autocommands for "VeryLazy":0"
line 1: highlight! lualine_c_diagnostics_info_inactive guifg=#0db9d7 guibg=#1e2030 gui=nocombine
finished sourcing nvim_exec2() called at User Autocommands for "VeryLazy":0
continuing in User Autocommands for "VeryLazy"
line 0: sourcing "nvim_exec2() called at User Autocommands for "VeryLazy":0"
line 1: highlight! lualine_c_diagnostics_hint_normal guifg=#4fd6be guibg=#1e2030 gui=nocombine
finished sourcing nvim_exec2() called at User Autocommands for "VeryLazy":0
continuing in User Autocommands for "VeryLazy"
line 0: sourcing "nvim_exec2() called at User Autocommands for "VeryLazy":0"
line 1: highlight! lualine_c_diagnostics_hint_insert guifg=#4fd6be guibg=#1e2030 gui=nocombine
finished sourcing nvim_exec2() called at User Autocommands for "VeryLazy":0
continuing in User Autocommands for "VeryLazy"
line 0: sourcing "nvim_exec2() called at User Autocommands for "VeryLazy":0"
line 1: highlight! lualine_c_diagnostics_hint_visual guifg=#4fd6be guibg=#1e2030 gui=nocombine
finished sourcing nvim_exec2() called at User Autocommands for "VeryLazy":0
continuing in User Autocommands for "VeryLazy"
line 0: sourcing "nvim_exec2() called at User Autocommands for "VeryLazy":0"
line 1: highlight! lualine_c_diagnostics_hint_replace guifg=#4fd6be guibg=#1e2030 gui=nocombine
finished sourcing nvim_exec2() called at User Autocommands for "VeryLazy":0
continuing in User Autocommands for "VeryLazy"
line 0: sourcing "nvim_exec2() called at User Autocommands for "VeryLazy":0"
line 1: highlight! lualine_c_diagnostics_hint_command guifg=#4fd6be guibg=#1e2030 gui=nocombine
finished sourcing nvim_exec2() called at User Autocommands for "VeryLazy":0
continuing in User Autocommands for "VeryLazy"
line 0: sourcing "nvim_exec2() called at User Autocommands for "VeryLazy":0"
line 1: highlight! lualine_c_diagnostics_hint_terminal guifg=#4fd6be guibg=#1e2030 gui=nocombine
finished sourcing nvim_exec2() called at User Autocommands for "VeryLazy":0
continuing in User Autocommands for "VeryLazy"
line 0: sourcing "nvim_exec2() called at User Autocommands for "VeryLazy":0"
line 1: highlight! lualine_c_diagnostics_hint_inactive guifg=#4fd6be guibg=#1e2030 gui=nocombine
finished sourcing nvim_exec2() called at User Autocommands for "VeryLazy":0
continuing in User Autocommands for "VeryLazy"
line 0: sourcing "nvim_exec2() called at User Autocommands for "VeryLazy":0"
line 1: highlight! link lualine_x_8 DiagnosticError
finished sourcing nvim_exec2() called at User Autocommands for "VeryLazy":0
continuing in User Autocommands for "VeryLazy"
line 0: sourcing "nvim_exec2() called at User Autocommands for "VeryLazy":0"
line 1: highlight! lualine_x_9_normal guifg=#c099ff guibg=#1e2030 gui=nocombine
finished sourcing nvim_exec2() called at User Autocommands for "VeryLazy":0
continuing in User Autocommands for "VeryLazy"
line 0: sourcing "nvim_exec2() called at User Autocommands for "VeryLazy":0"
line 1: highlight! lualine_x_9_insert guifg=#c099ff guibg=#1e2030 gui=nocombine
finished sourcing nvim_exec2() called at User Autocommands for "VeryLazy":0
continuing in User Autocommands for "VeryLazy"
line 0: sourcing "nvim_exec2() called at User Autocommands for "VeryLazy":0"
line 1: highlight! lualine_x_9_visual guifg=#c099ff guibg=#1e2030 gui=nocombine
finished sourcing nvim_exec2() called at User Autocommands for "VeryLazy":0
continuing in User Autocommands for "VeryLazy"
line 0: sourcing "nvim_exec2() called at User Autocommands for "VeryLazy":0"
line 1: highlight! lualine_x_9_replace guifg=#c099ff guibg=#1e2030 gui=nocombine
finished sourcing nvim_exec2() called at User Autocommands for "VeryLazy":0
continuing in User Autocommands for "VeryLazy"
line 0: sourcing "nvim_exec2() called at User Autocommands for "VeryLazy":0"
line 1: highlight! lualine_x_9_command guifg=#c099ff guibg=#1e2030 gui=nocombine
finished sourcing nvim_exec2() called at User Autocommands for "VeryLazy":0
continuing in User Autocommands for "VeryLazy"
line 0: sourcing "nvim_exec2() called at User Autocommands for "VeryLazy":0"
line 1: highlight! lualine_x_9_terminal guifg=#c099ff guibg=#1e2030 gui=nocombine
finished sourcing nvim_exec2() called at User Autocommands for "VeryLazy":0
continuing in User Autocommands for "VeryLazy"
line 0: sourcing "nvim_exec2() called at User Autocommands for "VeryLazy":0"
line 1: highlight! lualine_x_9_inactive guifg=#c099ff guibg=#1e2030 gui=nocombine
finished sourcing nvim_exec2() called at User Autocommands for "VeryLazy":0
continuing in User Autocommands for "VeryLazy"
line 0: sourcing "nvim_exec2() called at User Autocommands for "VeryLazy":0"
line 1: highlight! lualine_x_10_normal guifg=#ff966c guibg=#1e2030 gui=nocombine
finished sourcing nvim_exec2() called at User Autocommands for "VeryLazy":0
continuing in User Autocommands for "VeryLazy"
line 0: sourcing "nvim_exec2() called at User Autocommands for "VeryLazy":0"
line 1: highlight! lualine_x_10_insert guifg=#ff966c guibg=#1e2030 gui=nocombine
finished sourcing nvim_exec2() called at User Autocommands for "VeryLazy":0
continuing in User Autocommands for "VeryLazy"
line 0: sourcing "nvim_exec2() called at User Autocommands for "VeryLazy":0"
line 1: highlight! lualine_x_10_visual guifg=#ff966c guibg=#1e2030 gui=nocombine
finished sourcing nvim_exec2() called at User Autocommands for "VeryLazy":0
continuing in User Autocommands for "VeryLazy"
line 0: sourcing "nvim_exec2() called at User Autocommands for "VeryLazy":0"
line 1: highlight! lualine_x_10_replace guifg=#ff966c guibg=#1e2030 gui=nocombine
finished sourcing nvim_exec2() called at User Autocommands for "VeryLazy":0
continuing in User Autocommands for "VeryLazy"
line 0: sourcing "nvim_exec2() called at User Autocommands for "VeryLazy":0"
line 1: highlight! lualine_x_10_command guifg=#ff966c guibg=#1e2030 gui=nocombine
finished sourcing nvim_exec2() called at User Autocommands for "VeryLazy":0
continuing in User Autocommands for "VeryLazy"
line 0: sourcing "nvim_exec2() called at User Autocommands for "VeryLazy":0"
line 1: highlight! lualine_x_10_terminal guifg=#ff966c guibg=#1e2030 gui=nocombine
finished sourcing nvim_exec2() called at User Autocommands for "VeryLazy":0
continuing in User Autocommands for "VeryLazy"
line 0: sourcing "nvim_exec2() called at User Autocommands for "VeryLazy":0"
line 1: highlight! lualine_x_10_inactive guifg=#ff966c guibg=#1e2030 gui=nocombine
finished sourcing nvim_exec2() called at User Autocommands for "VeryLazy":0
continuing in User Autocommands for "VeryLazy"
line 0: sourcing "nvim_exec2() called at User Autocommands for "VeryLazy":0"
line 1: highlight! lualine_x_11_normal guifg=#ff966c guibg=#1e2030 gui=nocombine
finished sourcing nvim_exec2() called at User Autocommands for "VeryLazy":0
continuing in User Autocommands for "VeryLazy"
line 0: sourcing "nvim_exec2() called at User Autocommands for "VeryLazy":0"
line 1: highlight! lualine_x_11_insert guifg=#ff966c guibg=#1e2030 gui=nocombine
finished sourcing nvim_exec2() called at User Autocommands for "VeryLazy":0
continuing in User Autocommands for "VeryLazy"
line 0: sourcing "nvim_exec2() called at User Autocommands for "VeryLazy":0"
line 1: highlight! lualine_x_11_visual guifg=#ff966c guibg=#1e2030 gui=nocombine
finished sourcing nvim_exec2() called at User Autocommands for "VeryLazy":0
continuing in User Autocommands for "VeryLazy"
line 0: sourcing "nvim_exec2() called at User Autocommands for "VeryLazy":0"
line 1: highlight! lualine_x_11_replace guifg=#ff966c guibg=#1e2030 gui=nocombine
finished sourcing nvim_exec2() called at User Autocommands for "VeryLazy":0
continuing in User Autocommands for "VeryLazy"
line 0: sourcing "nvim_exec2() called at User Autocommands for "VeryLazy":0"
line 1: highlight! lualine_x_11_command guifg=#ff966c guibg=#1e2030 gui=nocombine
finished sourcing nvim_exec2() called at User Autocommands for "VeryLazy":0
continuing in User Autocommands for "VeryLazy"
line 0: sourcing "nvim_exec2() called at User Autocommands for "VeryLazy":0"
line 1: highlight! lualine_x_11_terminal guifg=#ff966c guibg=#1e2030 gui=nocombine
finished sourcing nvim_exec2() called at User Autocommands for "VeryLazy":0
continuing in User Autocommands for "VeryLazy"
line 0: sourcing "nvim_exec2() called at User Autocommands for "VeryLazy":0"
line 1: highlight! lualine_x_11_inactive guifg=#ff966c guibg=#1e2030 gui=nocombine
finished sourcing nvim_exec2() called at User Autocommands for "VeryLazy":0
continuing in User Autocommands for "VeryLazy"
line 0: sourcing "nvim_exec2() called at User Autocommands for "VeryLazy":0"
line 1: highlight! lualine_x_12_normal guifg=#65bcff guibg=#1e2030 gui=nocombine
finished sourcing nvim_exec2() called at User Autocommands for "VeryLazy":0
continuing in User Autocommands for "VeryLazy"
line 0: sourcing "nvim_exec2() called at User Autocommands for "VeryLazy":0"
line 1: highlight! lualine_x_12_insert guifg=#65bcff guibg=#1e2030 gui=nocombine
finished sourcing nvim_exec2() called at User Autocommands for "VeryLazy":0
continuing in User Autocommands for "VeryLazy"
line 0: sourcing "nvim_exec2() called at User Autocommands for "VeryLazy":0"
line 1: highlight! lualine_x_12_visual guifg=#65bcff guibg=#1e2030 gui=nocombine
finished sourcing nvim_exec2() called at User Autocommands for "VeryLazy":0
continuing in User Autocommands for "VeryLazy"
line 0: sourcing "nvim_exec2() called at User Autocommands for "VeryLazy":0"
line 1: highlight! lualine_x_12_replace guifg=#65bcff guibg=#1e2030 gui=nocombine
finished sourcing nvim_exec2() called at User Autocommands for "VeryLazy":0
continuing in User Autocommands for "VeryLazy"
line 0: sourcing "nvim_exec2() called at User Autocommands for "VeryLazy":0"
line 1: highlight! lualine_x_12_command guifg=#65bcff guibg=#1e2030 gui=nocombine
finished sourcing nvim_exec2() called at User Autocommands for "VeryLazy":0
continuing in User Autocommands for "VeryLazy"
line 0: sourcing "nvim_exec2() called at User Autocommands for "VeryLazy":0"
line 1: highlight! lualine_x_12_terminal guifg=#65bcff guibg=#1e2030 gui=nocombine
finished sourcing nvim_exec2() called at User Autocommands for "VeryLazy":0
continuing in User Autocommands for "VeryLazy"
line 0: sourcing "nvim_exec2() called at User Autocommands for "VeryLazy":0"
line 1: highlight! lualine_x_12_inactive guifg=#65bcff guibg=#1e2030 gui=nocombine
finished sourcing nvim_exec2() called at User Autocommands for "VeryLazy":0
continuing in User Autocommands for "VeryLazy"
line 0: sourcing "nvim_exec2() called at User Autocommands for "VeryLazy":0"
line 1: highlight! lualine_x_diff_added_normal guifg=#b8db87 guibg=#1e2030 gui=nocombine
finished sourcing nvim_exec2() called at User Autocommands for "VeryLazy":0
continuing in User Autocommands for "VeryLazy"
line 0: sourcing "nvim_exec2() called at User Autocommands for "VeryLazy":0"
line 1: highlight! lualine_x_diff_added_insert guifg=#b8db87 guibg=#1e2030 gui=nocombine
finished sourcing nvim_exec2() called at User Autocommands for "VeryLazy":0
continuing in User Autocommands for "VeryLazy"
line 0: sourcing "nvim_exec2() called at User Autocommands for "VeryLazy":0"
line 1: highlight! lualine_x_diff_added_visual guifg=#b8db87 guibg=#1e2030 gui=nocombine
finished sourcing nvim_exec2() called at User Autocommands for "VeryLazy":0
continuing in User Autocommands for "VeryLazy"
line 0: sourcing "nvim_exec2() called at User Autocommands for "VeryLazy":0"
line 1: highlight! lualine_x_diff_added_replace guifg=#b8db87 guibg=#1e2030 gui=nocombine
finished sourcing nvim_exec2() called at User Autocommands for "VeryLazy":0
continuing in User Autocommands for "VeryLazy"
line 0: sourcing "nvim_exec2() called at User Autocommands for "VeryLazy":0"
line 1: highlight! lualine_x_diff_added_command guifg=#b8db87 guibg=#1e2030 gui=nocombine
finished sourcing nvim_exec2() called at User Autocommands for "VeryLazy":0
continuing in User Autocommands for "VeryLazy"
line 0: sourcing "nvim_exec2() called at User Autocommands for "VeryLazy":0"
line 1: highlight! lualine_x_diff_added_terminal guifg=#b8db87 guibg=#1e2030 gui=nocombine
finished sourcing nvim_exec2() called at User Autocommands for "VeryLazy":0
continuing in User Autocommands for "VeryLazy"
line 0: sourcing "nvim_exec2() called at User Autocommands for "VeryLazy":0"
line 1: highlight! lualine_x_diff_added_inactive guifg=#b8db87 guibg=#1e2030 gui=nocombine
finished sourcing nvim_exec2() called at User Autocommands for "VeryLazy":0
continuing in User Autocommands for "VeryLazy"
line 0: sourcing "nvim_exec2() called at User Autocommands for "VeryLazy":0"
line 1: highlight! lualine_x_diff_modified_normal guifg=#7ca1f2 guibg=#1e2030 gui=nocombine
finished sourcing nvim_exec2() called at User Autocommands for "VeryLazy":0
continuing in User Autocommands for "VeryLazy"
line 0: sourcing "nvim_exec2() called at User Autocommands for "VeryLazy":0"
line 1: highlight! lualine_x_diff_modified_insert guifg=#7ca1f2 guibg=#1e2030 gui=nocombine
finished sourcing nvim_exec2() called at User Autocommands for "VeryLazy":0
continuing in User Autocommands for "VeryLazy"
line 0: sourcing "nvim_exec2() called at User Autocommands for "VeryLazy":0"
line 1: highlight! lualine_x_diff_modified_visual guifg=#7ca1f2 guibg=#1e2030 gui=nocombine
finished sourcing nvim_exec2() called at User Autocommands for "VeryLazy":0
continuing in User Autocommands for "VeryLazy"
line 0: sourcing "nvim_exec2() called at User Autocommands for "VeryLazy":0"
line 1: highlight! lualine_x_diff_modified_replace guifg=#7ca1f2 guibg=#1e2030 gui=nocombine
finished sourcing nvim_exec2() called at User Autocommands for "VeryLazy":0
continuing in User Autocommands for "VeryLazy"
line 0: sourcing "nvim_exec2() called at User Autocommands for "VeryLazy":0"
line 1: highlight! lualine_x_diff_modified_command guifg=#7ca1f2 guibg=#1e2030 gui=nocombine
finished sourcing nvim_exec2() called at User Autocommands for "VeryLazy":0
continuing in User Autocommands for "VeryLazy"
line 0: sourcing "nvim_exec2() called at User Autocommands for "VeryLazy":0"
line 1: highlight! lualine_x_diff_modified_terminal guifg=#7ca1f2 guibg=#1e2030 gui=nocombine
finished sourcing nvim_exec2() called at User Autocommands for "VeryLazy":0
continuing in User Autocommands for "VeryLazy"
line 0: sourcing "nvim_exec2() called at User Autocommands for "VeryLazy":0"
line 1: highlight! lualine_x_diff_modified_inactive guifg=#7ca1f2 guibg=#1e2030 gui=nocombine
finished sourcing nvim_exec2() called at User Autocommands for "VeryLazy":0
continuing in User Autocommands for "VeryLazy"
line 0: sourcing "nvim_exec2() called at User Autocommands for "VeryLazy":0"
line 1: highlight! lualine_x_diff_removed_normal guifg=#e26a75 guibg=#1e2030 gui=nocombine
finished sourcing nvim_exec2() called at User Autocommands for "VeryLazy":0
continuing in User Autocommands for "VeryLazy"
line 0: sourcing "nvim_exec2() called at User Autocommands for "VeryLazy":0"
line 1: highlight! lualine_x_diff_removed_insert guifg=#e26a75 guibg=#1e2030 gui=nocombine
finished sourcing nvim_exec2() called at User Autocommands for "VeryLazy":0
continuing in User Autocommands for "VeryLazy"
line 0: sourcing "nvim_exec2() called at User Autocommands for "VeryLazy":0"
line 1: highlight! lualine_x_diff_removed_visual guifg=#e26a75 guibg=#1e2030 gui=nocombine
finished sourcing nvim_exec2() called at User Autocommands for "VeryLazy":0
continuing in User Autocommands for "VeryLazy"
line 0: sourcing "nvim_exec2() called at User Autocommands for "VeryLazy":0"
line 1: highlight! lualine_x_diff_removed_replace guifg=#e26a75 guibg=#1e2030 gui=nocombine
finished sourcing nvim_exec2() called at User Autocommands for "VeryLazy":0
continuing in User Autocommands for "VeryLazy"
line 0: sourcing "nvim_exec2() called at User Autocommands for "VeryLazy":0"
line 1: highlight! lualine_x_diff_removed_command guifg=#e26a75 guibg=#1e2030 gui=nocombine
finished sourcing nvim_exec2() called at User Autocommands for "VeryLazy":0
continuing in User Autocommands for "VeryLazy"
line 0: sourcing "nvim_exec2() called at User Autocommands for "VeryLazy":0"
line 1: highlight! lualine_x_diff_removed_terminal guifg=#e26a75 guibg=#1e2030 gui=nocombine
finished sourcing nvim_exec2() called at User Autocommands for "VeryLazy":0
continuing in User Autocommands for "VeryLazy"
line 0: sourcing "nvim_exec2() called at User Autocommands for "VeryLazy":0"
line 1: highlight! lualine_x_diff_removed_inactive guifg=#e26a75 guibg=#1e2030 gui=nocombine
finished sourcing nvim_exec2() called at User Autocommands for "VeryLazy":0
continuing in User Autocommands for "VeryLazy"
line 0: sourcing "nvim_exec2() called at User Autocommands for "VeryLazy":0"
line 1: au lualine BufEnter *
--- Autocommands ---
finished sourcing nvim_exec2() called at User Autocommands for "VeryLazy":0
continuing in User Autocommands for "VeryLazy"
line 0: sourcing "nvim_exec2() called at User Autocommands for "VeryLazy":0"
line 1: autocmd lualine BufEnter * lua require'lualine.components.branch.git_branch'.find_git_dir()
finished sourcing nvim_exec2() called at User Autocommands for "VeryLazy":0
continuing in User Autocommands for "VeryLazy"
line 0: sourcing "nvim_exec2() called at User Autocommands for "VeryLazy":0"
line 1: augroup lualine_stl_refresh | exe "autocmd!" | augroup END
line 1:  exe "autocmd!" | augroup END
line 1: autocmd!
line 1:  augroup END
finished sourcing nvim_exec2() called at User Autocommands for "VeryLazy":0
continuing in User Autocommands for "VeryLazy"
line 0: sourcing "nvim_exec2() called at User Autocommands for "VeryLazy":0"
line 1: au lualine WinEnter,BufEnter,BufWritePost,SessionLoadPost,FileChangedShellPost,VimResized,Filetype,CursorMoved,CursorMovedI,ModeChanged *
--- Autocommands ---
finished sourcing nvim_exec2() called at User Autocommands for "VeryLazy":0
continuing in User Autocommands for "VeryLazy"
line 0: sourcing "nvim_exec2() called at User Autocommands for "VeryLazy":0"
line 1: autocmd lualine_stl_refresh WinEnter,BufEnter,BufWritePost,SessionLoadPost,FileChangedShellPost,VimResized,Filetype,CursorMoved,CursorMovedI,ModeChanged * call v:lua.require'lualine'.refresh({'kind': 'window', 'place': ['statusline'], 'trigger': 'autocmd'})
finished sourcing nvim_exec2() called at User Autocommands for "VeryLazy":0
continuing in User Autocommands for "VeryLazy"
line 0: sourcing "nvim_exec2() called at User Autocommands for "VeryLazy":0"
line 1: augroup lualine_tal_refresh | exe "autocmd!" | augroup END
line 1:  exe "autocmd!" | augroup END
line 1: autocmd!
line 1:  augroup END
finished sourcing nvim_exec2() called at User Autocommands for "VeryLazy":0
continuing in User Autocommands for "VeryLazy"
line 0: sourcing "nvim_exec2() called at User Autocommands for "VeryLazy":0"
line 1: augroup lualine_wb_refresh | exe "autocmd!" | augroup END
line 1:  exe "autocmd!" | augroup END
line 1: autocmd!
line 1:  augroup END
finished sourcing nvim_exec2() called at User Autocommands for "VeryLazy":0
continuing in User Autocommands for "VeryLazy"
Executing: 
Executing User Autocommands for "VeryLazy"
autocommand <Lua 222: ~/.local/share/nvim/lazy/LazyVim/lua/lazyvim/util/init.lua:93>

Executing: 
Executing User Autocommands for "VeryLazy"
autocommand <Lua 225: ~/.local/share/nvim/lazy/LazyVim/lua/lazyvim/config/init.lua:188>

Executing: 


--- Terminal info --- {{{
&term: xterm-256color
Description: xterm with 256 colors
Aliases: xterm-256color
Boolean capabilities:
  auto_left_margin          bw         = false
  auto_right_margin         am         = true
  no_esc_ctlc               xsb        = false
  ceol_standout_glitch      xhp        = false
  eat_newline_glitch        xenl       = true
  erase_overstrike          eo         = false
  generic_type              gn         = false
  hard_copy                 hc         = false
  has_meta_key              km         = true
  has_status_line           hs         = false
  insert_null_glitch        in         = false
  memory_above              da         = false
  memory_below              db         = false
  move_insert_mode          mir        = true
  move_standout_mode        msgr       = true
  over_strike               os         = false
  status_line_esc_ok        eslok      = false
  dest_tabs_magic_smso      xt         = false
  tilde_glitch              hz         = false
  transparent_underline     ul         = false
  xon_xoff                  xon        = false
  needs_xon_xoff            nxon       = false
  prtr_silent               mc5i       = true
  hard_cursor               chts       = false
  non_rev_rmcup             nrrmc      = false
  no_pad_char               npc        = true
  non_dest_scroll_region    ndscr      = false
  can_change                ccc        = true
  back_color_erase          bce        = true
  hue_lightness_saturation  hls        = false
  col_addr_glitch           xhpa       = false
  cr_cancels_micro_mode     crxm       = false
  has_print_wheel           daisy      = false
  row_addr_glitch           xvpa       = false
  semi_auto_right_margin    sam        = false
  cpi_changes_res           cpix       = false
  lpi_changes_res           lpix       = false
  backspaces_with_bs        OTbs       = true
  crt_no_scrolling          OTns       = false
  no_correctly_working_cr   OTnc       = false
  gnu_has_meta_key          OTMT       = false
  linefeed_is_newline       OTNL       = false
  has_hardware_tabs         OTpt       = false
  return_does_clr_eol       OTxr       = false
Numeric capabilities:
  columns                   cols       = 80
  init_tabs                 it         = 8
  lines                     lines      = 24
  lines_of_memory           lm         = -1
  magic_cookie_glitch       xmc        = -1
  padding_baud_rate         pb         = -1
  virtual_terminal          vt         = -1
  width_status_line         wsl        = -1
  num_labels                nlab       = -1
  label_height              lh         = -1
  label_width               lw         = -1
  max_attributes            ma         = -1
  maximum_windows           wnum       = -1
  max_colors                colors     = 256
  max_pairs                 pairs      = 32767
  no_color_video            ncv        = -1
  buffer_capacity           bufsz      = -1
  dot_vert_spacing          spinv      = -1
  dot_horz_spacing          spinh      = -1
  max_micro_address         maddr      = -1
  max_micro_jump            mjump      = -1
  micro_col_size            mcs        = -1
  micro_line_size           mls        = -1
  number_of_pins            npins      = -1
  output_res_char           orc        = -1
  output_res_line           orl        = -1
  output_res_horz_inch      orhi       = -1
  output_res_vert_inch      orvi       = -1
  print_rate                cps        = -1
  wide_char_size            widcs      = -1
  buttons                   btns       = -1
  bit_image_entwining       bitwin     = -1
  bit_image_type            bitype     = -1
  magic_cookie_glitch_ul    OTug       = -1
  carriage_return_delay     OTdC       = -1
  new_line_delay            OTdN       = -1
  backspace_delay           OTdB       = -1
  horizontal_tab_delay      OTdT       = -1
  number_of_function_keys   OTkn       = -1
String capabilities:
  back_tab                  cbt        = ^[[Z
  bell                      bel        = ^G
  carriage_return           cr         = ^M
  change_scroll_region      csr        = ^[[%i%p1%d;%p2%dr
  clear_all_tabs            tbc        = ^[[3g
  clear_screen              clear      = ^[[H^[[2J
  clr_eol                   el         = ^[[K
  clr_eos                   ed         = ^[[J
  column_address            hpa        = ^[[%i%p1%dG
  cursor_address            cup        = ^[[%i%p1%d;%p2%dH
  cursor_down               cud1       = ^@
  cursor_home               home       = ^[[H
  cursor_invisible          civis      = ^[[?25l
  cursor_left               cub1       = ^H
  cursor_normal             cnorm      = ^[[?25h
  cursor_right              cuf1       = ^[[C
  cursor_up                 cuu1       = ^[[A
  cursor_visible            cvvis      = ^[[?12;25h
  delete_character          dch1       = ^[[P
  delete_line               dl1        = ^[[M
  enter_alt_charset_mode    smacs      = ^[(0
  enter_blink_mode          blink      = ^[[5m
  enter_bold_mode           bold       = ^[[1m
  enter_ca_mode             smcup      = ^[[?1049h
  enter_dim_mode            dim        = ^[[2m
  enter_insert_mode         smir       = ^[[4h
  enter_secure_mode         invis      = ^[[8m
  enter_reverse_mode        rev        = ^[[7m
  enter_standout_mode       smso       = ^[[7m
  enter_underline_mode      smul       = ^[[4m
  erase_chars               ech        = ^[[%p1%dX
  exit_alt_charset_mode     rmacs      = ^[(B
  exit_attribute_mode       sgr0       = ^[(B^[[m
  exit_ca_mode              rmcup      = ^[[?1049l
  exit_insert_mode          rmir       = ^[[4l
  exit_standout_mode        rmso       = ^[[27m
  exit_underline_mode       rmul       = ^[[24m
  flash_screen              flash      = ^[[?5h$<100/>^[[?5l
  from_status_line          fsl        = ^G
  init_2string              is2        = ^[[!p^[[?3;4l^[[4l^[>
  insert_line               il1        = ^[[L
  key_backspace             kbs        = ^H
  key_dc                    kdch1      = ^[[3~
  key_down                  kcud1      = ^[OB
  key_f1                    kf1        = ^[OP
  key_f10                   kf10       = ^[[21~
  key_f2                    kf2        = ^[OQ
  key_f3                    kf3        = ^[OR
  key_f4                    kf4        = ^[OS
  key_f5                    kf5        = ^[[15~
  key_f6                    kf6        = ^[[17~
  key_f7                    kf7        = ^[[18~
  key_f8                    kf8        = ^[[19~
  key_f9                    kf9        = ^[[20~
  key_home                  khome      = ^[OH
  key_ic                    kich1      = ^[[2~
  key_left                  kcub1      = ^[OD
  key_npage                 knp        = ^[[6~
  key_ppage                 kpp        = ^[[5~
  key_right                 kcuf1      = ^[OC
  key_sf                    kind       = ^[[1;2B
  key_sr                    kri        = ^[[1;2A
  key_up                    kcuu1      = ^[OA
  keypad_local              rmkx       = ^[[?1l^[>
  keypad_xmit               smkx       = ^[[?1h^[=
  meta_off                  rmm        = ^[[?1034l
  meta_on                   smm        = ^[[?1034h
  parm_dch                  dch        = ^[[%p1%dP
  parm_delete_line          dl         = ^[[%p1%dM
  parm_down_cursor          cud        = ^[[%p1%dB
  parm_ich                  ich        = ^[[%p1%d@
  parm_index                indn       = ^[[%p1%dS
  parm_insert_line          il         = ^[[%p1%dL
  parm_left_cursor          cub        = ^[[%p1%dD
  parm_right_cursor         cuf        = ^[[%p1%dC
  parm_rindex               rin        = ^[[%p1%dT
  parm_up_cursor            cuu        = ^[[%p1%dA
  print_screen              mc0        = ^[[i
  prtr_off                  mc4        = ^[[4i
  prtr_on                   mc5        = ^[[5i
  reset_1string             rs1        = ^[c
  reset_2string             rs2        = ^[[!p^[[?3;4l^[[4l^[>
  restore_cursor            rc         = ^[8
  row_address               vpa        = ^[[%i%p1%dd
  save_cursor               sc         = ^[7
  scroll_forward            ind        = ^@
  scroll_reverse            ri         = ^[M
  set_attributes            sgr        = %?%p9%t^[(0%e^[(B%;^[[0%?%p6%t;1%;%?%p5%t;2%;%?%p2%t;4%;%?%p1%p3%|%t;7%;%?%p4%t;5%;%?%p7%t;8%;m
  set_tab                   hts        = ^[H
  tab                       ht         = 	
  to_status_line            tsl        = ^[]0;
  key_b2                    kb2        = ^[OE
  acs_chars                 acsc       = ``aaffggiijjkkllmmnnooppqqrrssttuuvvwwxxyyzz{{||}}~~
  key_btab                  kcbt       = ^[[Z
  enter_am_mode             smam       = ^[[?7h
  exit_am_mode              rmam       = ^[[?7l
  key_end                   kend       = ^[OF
  key_enter                 kent       = ^[OM
  key_sdc                   kDC        = ^[[3;2~
  key_send                  kEND       = ^[[1;2F
  key_shome                 kHOM       = ^[[1;2H
  key_sic                   kIC        = ^[[2;2~
  key_sleft                 kLFT       = ^[[1;2D
  key_snext                 kNXT       = ^[[6;2~
  key_sprevious             kPRV       = ^[[5;2~
  key_sright                kRIT       = ^[[1;2C
  key_f11                   kf11       = ^[[23~
  key_f12                   kf12       = ^[[24~
  key_f13                   kf13       = ^[[1;2P
  key_f14                   kf14       = ^[[1;2Q
  key_f15                   kf15       = ^[[1;2R
  key_f16                   kf16       = ^[[1;2S
  key_f17                   kf17       = ^[[15;2~
  key_f18                   kf18       = ^[[17;2~
  key_f19                   kf19       = ^[[18;2~
  key_f20                   kf20       = ^[[19;2~
  key_f21                   kf21       = ^[[20;2~
  key_f22                   kf22       = ^[[21;2~
  key_f23                   kf23       = ^[[23;2~
  key_f24                   kf24       = ^[[24;2~
  key_f25                   kf25       = ^[[1;5P
  key_f26                   kf26       = ^[[1;5Q
  key_f27                   kf27       = ^[[1;5R
  key_f28                   kf28       = ^[[1;5S
  key_f29                   kf29       = ^[[15;5~
  key_f30                   kf30       = ^[[17;5~
  key_f31                   kf31       = ^[[18;5~
  key_f32                   kf32       = ^[[19;5~
  key_f33                   kf33       = ^[[20;5~
  key_f34                   kf34       = ^[[21;5~
  key_f35                   kf35       = ^[[23;5~
  key_f36                   kf36       = ^[[24;5~
  key_f37                   kf37       = ^[[1;6P
  key_f38                   kf38       = ^[[1;6Q
  key_f39                   kf39       = ^[[1;6R
  key_f40                   kf40       = ^[[1;6S
  key_f41                   kf41       = ^[[15;6~
  key_f42                   kf42       = ^[[17;6~
  key_f43                   kf43       = ^[[18;6~
  key_f44                   kf44       = ^[[19;6~
  key_f45                   kf45       = ^[[20;6~
  key_f46                   kf46       = ^[[21;6~
  key_f47                   kf47       = ^[[23;6~
  key_f48                   kf48       = ^[[24;6~
  key_f49                   kf49       = ^[[1;3P
  key_f50                   kf50       = ^[[1;3Q
  key_f51                   kf51       = ^[[1;3R
  key_f52                   kf52       = ^[[1;3S
  key_f53                   kf53       = ^[[15;3~
  key_f54                   kf54       = ^[[17;3~
  key_f55                   kf55       = ^[[18;3~
  key_f56                   kf56       = ^[[19;3~
  key_f57                   kf57       = ^[[20;3~
  key_f58                   kf58       = ^[[21;3~
  key_f59                   kf59       = ^[[23;3~
  key_f60                   kf60       = ^[[24;3~
  key_f61                   kf61       = ^[[1;4P
  key_f62                   kf62       = ^[[1;4Q
  key_f63                   kf63       = ^[[1;4R
  clr_bol                   el1        = ^[[1K
  user6                     u6         = ^[[%i%d;%dR
  user7                     u7         = ^[[6n
  user8                     u8         = ^[[?1;2c
  user9                     u9         = ^[[c
  orig_pair                 op         = ^[[39;49m
  initialize_color          initc      = ^[]4;%p1%d;rgb:%p2%{255}%*%{1000}%/%2.2X/%p3%{255}%*%{1000}%/%2.2X/%p4%{255}%*%{1000}%/%2.2X^[\
  enter_italics_mode        sitm       = ^[[3m
  exit_italics_mode         ritm       = ^[[23m
  key_mouse                 kmous      = ^[[M
  set_a_foreground          setaf      = ^[[%?%p1%{8}%<%t3%p1%d%e%p1%{16}%<%t9%p1%{8}%-%d%e38;5;%p1%d%;m
  set_a_background          setab      = ^[[%?%p1%{8}%<%t4%p1%d%e%p1%{16}%<%t10%p1%{8}%-%d%e48;5;%p1%d%;m
  set_tb_margin             smgtb      = ^[[%i%p1%d;%p2%dr
  memory_lock               meml       = ^[l
  memory_unlock             memu       = ^[m
Extended boolean capabilities:
  AX                        = true
  G0                        = false
  XT                        = true
Extended numeric capabilities:
  U8                        = -1
Extended string capabilities:
  Cr                        = ^[]112^G
  Cs                        = ^[]12;%p1%s^G
  E0                        = 
  E3                        = ^[[3J
  Ms                        = ^[]52;%p1%s;%p2%s^G
  S0                        = 
  Se                        = ^[[2 q
  Ss                        = ^[[%p1%d q
  kDC3                      = ^[[3;3~
  kDC4                      = ^[[3;4~
  kDC5                      = ^[[3;5~
  kDC6                      = ^[[3;6~
  kDC7                      = ^[[3;7~
  kDN                       = ^[[1;2B
  kDN3                      = ^[[1;3B
  kDN4                      = ^[[1;4B
  kDN5                      = ^[[1;5B
  kDN6                      = ^[[1;6B
  kDN7                      = ^[[1;7B
  kEND3                     = ^[[1;3F
  kEND4                     = ^[[1;4F
  kEND5                     = ^[[1;5F
  kEND6                     = ^[[1;6F
  kEND7                     = ^[[1;7F
  kHOM3                     = ^[[1;3H
  kHOM4                     = ^[[1;4H
  kHOM5                     = ^[[1;5H
  kHOM6                     = ^[[1;6H
  kHOM7                     = ^[[1;7H
  kIC3                      = ^[[2;3~
  kIC4                      = ^[[2;4~
  kIC5                      = ^[[2;5~
  kIC6                      = ^[[2;6~
  kIC7                      = ^[[2;7~
  kLFT3                     = ^[[1;3D
  kLFT4                     = ^[[1;4D
  kLFT5                     = ^[[1;5D
  kLFT6                     = ^[[1;6D
  kLFT7                     = ^[[1;7D
  kNXT3                     = ^[[6;3~
  kNXT4                     = ^[[6;4~
  kNXT5                     = ^[[6;5~
  kNXT6                     = ^[[6;6~
  kNXT7                     = ^[[6;7~
  kPRV3                     = ^[[5;3~
  kPRV4                     = ^[[5;4~
  kPRV5                     = ^[[5;5~
  kPRV6                     = ^[[5;6~
  kPRV7                     = ^[[5;7~
  kRIT3                     = ^[[1;3C
  kRIT4                     = ^[[1;4C
  kRIT5                     = ^[[1;5C
  kRIT6                     = ^[[1;6C
  kRIT7                     = ^[[1;7C
  kUP                       = ^[[1;2A
  kUP3                      = ^[[1;3A
  kUP4                      = ^[[1;4A
  kUP5                      = ^[[1;5A
  kUP6                      = ^[[1;6A
  kUP7                      = ^[[1;7A
  ka2                       = 
  kb1                       = 
  kb3                       = 
  kc2                       = 
  ext.resize_screen         = ^[[8;%p1%d;%p2%dt
  ext.reset_scroll_region   = ^[[r
  ext.enter_altfont_mode    = ^[[11m
  setrgbf                   = ^[[38;2;%p1%d;%p2%d;%p3%dm
  setrgbb                   = ^[[48;2;%p1%d;%p2%d;%p3%dm
  ext.save_title            = ^[[22;0t
  ext.restore_title         = ^[[23;0t
  ext.set_title             = ^[]0;%p2%s^G
  ext.enable_lr_margin      = ^[[?69h
  ext.disable_lr_margin     = ^[[?69l
  ext.enable_bpaste         = ^[[?2004h
  ext.disable_bpaste        = ^[[?2004l
  ext.enable_focus          = ^[[?1004h
  ext.disable_focus         = ^[[?1004l
  ext.enable_mouse          = ^[[?1002h^[[?1006h
  ext.disable_mouse         = ^[[?1002l^[[?1006l
  ext.enable_mouse_move     = ^[[?1003h
  ext.disable_mouse_move    = ^[[?1003l
}}}

Executing WinResized Autocommands for "*"
autocommand <Lua 233: ~/.local/share/nvim/lazy/snacks.nvim/lua/snacks/dashboard.lua:251>

Executing: 
Executing WinScrolled Autocommands for "*"
autocommand call s:Highlight_Matching_Pair()

Executing: call s:Highlight_Matching_Pair()
calling <SNR>24_Highlight_Matching_Pair()

line 1:   if !exists("w:matchparen_ids")
line 2:     let w:matchparen_ids = []
line 3:   endif
line 4:   " Remove any previous match.
line 5:   call s:Remove_Matches()
calling <SNR>24_Remove_Matches()

line 1:   if exists('w:paren_hl_on') && w:paren_hl_on
line 2:     while !empty(w:matchparen_ids)
line 3:       silent! call remove(w:matchparen_ids, 0)->matchdelete()
line 4:     endwhile
line 5:     let w:paren_hl_on = 0
line 6:   endif
<SNR>24_Remove_Matches returning #0

continuing in <SNR>24_Highlight_Matching_Pair

line 6: 
line 7:   " Avoid that we remove the popup menu.
line 8:   " Return when there are no colors (looks like the cursor jumps).
line 9:   if pumvisible() || (&t_Co < 8 && !has("gui_running"))
line 10:     return
line 11:   endif
line 12: 
line 13:   " Get the character under the cursor and check if it's in 'matchpairs'.
line 14:   let c_lnum = line('.')
line 15:   let c_col = col('.')
line 16:   let before = 0
line 17: 
line 18:   let text = getline(c_lnum)
line 19:   let c_before = text->strpart(0, c_col - 1)->slice(-1)
line 20:   let c = text->strpart(c_col - 1)->slice(0, 1)
line 21:   let plist = split(&matchpairs, '.\zs[:,]')
line 22:   let i = index(plist, c)
line 23:   if i < 0
line 24:     " not found, in Insert mode try character before the cursor
line 25:     if c_col > 1 && (mode() == 'i' || mode() == 'R')
line 26:       let before = strlen(c_before)
line 27:       let c = c_before
line 28:       let i = index(plist, c)
line 29:     endif
line 30:     if i < 0
line 31:       " not found, nothing to do
line 32:       return
<SNR>24_Highlight_Matching_Pair returning #0

continuing in WinScrolled Autocommands for "*"

Executing WinScrolled Autocommands for "*"
autocommand <Lua 227: ~/.local/share/nvim/lazy/snacks.nvim/lua/snacks/scroll.lua:219>

Executing: 
Executing FocusLost Autocommands for "*"
autocommand <Lua 502: ~/.local/share/nvim/lazy/which-key.nvim/lua/which-key/state.lua:68>

Executing: 
Executing FocusGained Autocommands for "*"
autocommand <Lua 399: ~/.local/share/nvim/lazy/LazyVim/lua/lazyvim/config/autocmds.lua:10>

Executing: 
Executing FocusGained Autocommands for "*"
autocommand <Lua 503: ~/.local/share/nvim/lazy/which-key.nvim/lua/which-key/state.lua:68>

Executing: 
Searching for "autoload/provider/clipboard.vim" in runtime path
Searching for "/Users/hvidsten/.config/nvim/autoload/provider/clipboard.vim"
Searching for "/Users/hvidsten/.local/share/nvim/site/autoload/provider/clipboard.vim"
Searching for "/Users/hvidsten/.local/share/nvim/lazy/lazy.nvim/autoload/provider/clipboard.vim"
Searching for "/Users/hvidsten/.local/share/nvim/lazy/trouble.nvim/autoload/provider/clipboard.vim"
Searching for "/Users/hvidsten/.local/share/nvim/lazy/lualine.nvim/autoload/provider/clipboard.vim"
Searching for "/Users/hvidsten/.local/share/nvim/lazy/flash.nvim/autoload/provider/clipboard.vim"
Searching for "/Users/hvidsten/.local/share/nvim/lazy/nvim-treesitter/autoload/provider/clipboard.vim"
Searching for "/Users/hvidsten/.local/share/nvim/lazy/nvim-treesitter-textobjects/autoload/provider/clipboard.vim"
Searching for "/Users/hvidsten/.local/share/nvim/lazy/mini.ai/autoload/provider/clipboard.vim"
Searching for "/Users/hvidsten/.local/share/nvim/lazy/ts-comments.nvim/autoload/provider/clipboard.vim"
Searching for "/Users/hvidsten/.local/share/nvim/lazy/mini.pairs/autoload/provider/clipboard.vim"
Searching for "/Users/hvidsten/.local/share/nvim/lazy/bufferline.nvim/autoload/provider/clipboard.vim"
Searching for "/Users/hvidsten/.local/share/nvim/lazy/which-key.nvim/autoload/provider/clipboard.vim"
Searching for "/Users/hvidsten/.local/share/nvim/lazy/snacks.nvim/autoload/provider/clipboard.vim"
Searching for "/Users/hvidsten/.local/share/nvim/lazy/tokyonight.nvim/autoload/provider/clipboard.vim"
Searching for "/Users/hvidsten/.local/share/nvim/lazy/LazyVim/autoload/provider/clipboard.vim"
Searching for "/opt/homebrew/Cellar/neovim/0.11.5_1/share/nvim/runtime/autoload/provider/clipboard.vim"
sourcing "/opt/homebrew/Cellar/neovim/0.11.5_1/share/nvim/runtime/autoload/provider/clipboard.vim"
line 1: " The clipboard provider uses shell commands to communicate with the clipboard.
line 2: " The provider function will only be registered if a supported command is
line 3: " available.
line 4: 
line 5: if exists('g:loaded_clipboard_provider')
line 6:   finish
line 7: endif
line 8: " Default to 0.  provider#clipboard#Executable() may set 2.
line 9: " To force a reload:
line 10: "   :unlet g:loaded_clipboard_provider
line 11: "   :runtime autoload/provider/clipboard.vim
line 12: let g:loaded_clipboard_provider = 0
line 13: 
line 14: let s:copy = {}
line 15: let s:paste = {}
line 16: let s:clipboard = {}
line 17: 
line 18: " When caching is enabled, store the jobid of the xclip/xsel process keeping
line 19: " ownership of the selection, so we know how long the cache is valid.
line 20: let s:selection = { 'owner': 0, 'data': [], 'stderr_buffered': v:true }
line 21: 
line 22: function! s:selection.on_exit(jobid, data, event) abort
line 35: 
line 36: let s:selections = { '*': s:selection, '+': copy(s:selection) }
line 37: 
line 38: function! s:try_cmd(cmd, ...) abort
line 51: 
line 52: " Returns TRUE if `cmd` exits with success, else FALSE.
line 53: function! s:cmd_ok(cmd) abort
line 57: 
line 58: function! s:split_cmd(cmd) abort
line 61: 
line 62: function! s:set_osc52() abort
line 69: 
line 70: function! s:set_pbcopy() abort
line 78: 
line 79: function! s:set_wayland() abort
line 86: 
line 87: function! s:set_wayclip() abort
line 94: 
line 95: function! s:set_xsel() abort
line 102: 
line 103: function! s:set_xclip() abort
line 110: 
line 111: function! s:set_lemonade() abort
line 118: 
line 119: function! s:set_doitclient() abort
line 126: 
line 127: function! s:set_win32yank() abort
line 139: 
line 140: function! s:set_putclip() abort
line 147: 
line 148: function! s:set_clip() abort
line 155: 
line 156: function! s:set_termux() abort
line 163: 
line 164: function! s:set_tmux() abort
line 176: 
line 177: let s:cache_enabled = 1
line 178: let s:err = ''
line 179: 
line 180: function! provider#clipboard#Error() abort
line 183: 
line 184: function! provider#clipboard#Executable() abort
line 269: 
line 270: function! s:clipboard.get(reg) abort
line 285: 
line 286: function! s:clipboard.set(lines, regtype, reg) abort
line 343: 
line 344: function! provider#clipboard#Call(method, args) abort
line 355: 
line 356: " eval_has_provider() decides based on this variable.
line 357: let g:loaded_clipboard_provider = empty(provider#clipboard#Executable()) ? 0 : 2
calling provider#clipboard#Executable()

line 1:   " Setting g:clipboard to v:false explicitly opts-in to using the "builtin" clipboard providers below
line 2:   if exists('g:clipboard') && g:clipboard isnot# v:false
line 3:     if v:t_string ==# type(g:clipboard)
line 4:       " Handle string form of g:clipboard for all builtin providers
line 5:       if 'osc52' == g:clipboard
line 6:         " User opted-in to OSC 52 by manually setting g:clipboard.
line 7:         return s:set_osc52()
line 8:       elseif 'pbcopy' == g:clipboard
line 9:         return s:set_pbcopy()
line 10:       elseif 'wl-copy' == g:clipboard
line 11:         return s:set_wayland()
line 12:       elseif 'wayclip' == g:clipboard
line 13:         return s:set_wayclip()
line 14:       elseif 'xsel' == g:clipboard
line 15:         return s:set_xsel()
line 16:       elseif 'xclip' == g:clipboard
line 17:         return s:set_xclip()
line 18:       elseif 'lemonade' == g:clipboard
line 19:         return s:set_lemonade()
line 20:       elseif 'doitclient' == g:clipboard
line 21:         return s:set_doitclient()
line 22:       elseif 'win32yank' == g:clipboard
line 23:         return s:set_win32yank()
line 24:       elseif 'putclip' == g:clipboard
line 25:         return s:set_putclip()
line 26:       elseif 'clip' == g:clipboard
line 27:         return s:set_clip()
line 28:       elseif 'termux' == g:clipboard
line 29:         return s:set_termux()
line 30:       elseif 'tmux' == g:clipboard
line 31:         return s:set_tmux()
line 32:       endif
line 33:     endif
line 34: 
line 35:     if type({}) isnot# type(g:clipboard) || type({}) isnot# type(get(g:clipboard, 'copy', v:null)) || type({}) isnot# type(get(g:clipboard, 'paste', v:null))
line 38:       let s:err = 'clipboard: invalid g:clipboard'
line 39:       return ''
line 40:     endif
line 41: 
line 42:     let s:copy = {}
line 43:     let s:copy['+'] = s:split_cmd(get(g:clipboard.copy, '+', v:null))
line 44:     let s:copy['*'] = s:split_cmd(get(g:clipboard.copy, '*', v:null))
line 45: 
line 46:     let s:paste = {}
line 47:     let s:paste['+'] = s:split_cmd(get(g:clipboard.paste, '+', v:null))
line 48:     let s:paste['*'] = s:split_cmd(get(g:clipboard.paste, '*', v:null))
line 49: 
line 50:     let s:cache_enabled = get(g:clipboard, 'cache_enabled', 0)
line 51:     return get(g:clipboard, 'name', 'g:clipboard')
line 52:   elseif has('mac')
line 53:     return s:set_pbcopy()
calling <SNR>72_set_pbcopy()

line 1:   let s:copy['+'] = ['pbcopy']
line 2:   let s:paste['+'] = ['pbpaste']
line 3:   let s:copy['*'] = s:copy['+']
line 4:   let s:paste['*'] = s:paste['+']
line 5:   let s:cache_enabled = 0
line 6:   return 'pbcopy'
<SNR>72_set_pbcopy returning 'pbcopy'

continuing in provider#clipboard#Executable

provider#clipboard#Executable returning 'pbcopy'

continuing in /opt/homebrew/Cellar/neovim/0.11.5_1/share/nvim/runtime/autoload/provider/clipboard.vim

finished sourcing /opt/homebrew/Cellar/neovim/0.11.5_1/share/nvim/runtime/autoload/provider/clipboard.vim
Executing BufNew Autocommands for "*"
autocommand <Lua 508: ~/.local/share/nvim/lazy/which-key.nvim/lua/which-key/state.lua:135>

Executing: 
Executing FileType Autocommands for "*"
autocommand call s:LoadFTPlugin()

Executing: call s:LoadFTPlugin()
calling <SNR>2_LoadFTPlugin()

line 1:     if exists("b:undo_ftplugin")
line 2:       exe b:undo_ftplugin
line 3:       unlet! b:undo_ftplugin b:did_ftplugin
line 4:     endif
line 5: 
line 6:     let s = expand("<amatch>")
line 7:     if s != ""
line 8:       if &cpo =~# "S" && exists("b:did_ftplugin")
line 9: ^I" In compatible mode options are reset to the global values, need to
line 10: ^I" set the local values also when a plugin was already used.
line 11: ^Iunlet b:did_ftplugin
line 12:       endif
line 13: 
line 14:       " When there is a dot it is used to separate filetype names.  Thus for
line 15:       " "aaa.bbb" load "aaa" and then "bbb".
line 16:       for name in split(s, '\.')
line 17:         " Load Lua ftplugins after Vim ftplugins _per directory_
line 18:         " TODO(clason): use nvim__get_runtime when supports globs and modeline
line 19:         " XXX: "[.]" in the first pattern makes it a wildcard on Windows
line 20:         exe $'runtime! ftplugin/{name}[.]{{vim,lua}} ftplugin/{name}_*.{{vim,lua}} ftplugin/{name}/*.{{vim,lua}}'
line 20: runtime! ftplugin/snacks_layout_box[.]{vim,lua} ftplugin/snacks_layout_box_*.{vim,lua} ftplugin/snacks_layout_box/*.{vim,lua}
Searching for "ftplugin/snacks_layout_box[.]{vim,lua} ftplugin/snacks_layout_box_*.{vim,lua} ftplugin/snacks_layout_box/*.{vim,lua}" in runtime path
Searching for "/Users/hvidsten/.config/nvim/ftplugin/snacks_layout_box[.]{vim,lua}"
Searching for "/Users/hvidsten/.config/nvim/ftplugin/snacks_layout_box_*.{vim,lua}"
Searching for "/Users/hvidsten/.config/nvim/ftplugin/snacks_layout_box/*.{vim,lua}"
Searching for "/Users/hvidsten/.local/share/nvim/site/ftplugin/snacks_layout_box[.]{vim,lua}"
Searching for "/Users/hvidsten/.local/share/nvim/site/ftplugin/snacks_layout_box_*.{vim,lua}"
Searching for "/Users/hvidsten/.local/share/nvim/site/ftplugin/snacks_layout_box/*.{vim,lua}"
Searching for "/Users/hvidsten/.local/share/nvim/lazy/lazy.nvim/ftplugin/snacks_layout_box[.]{vim,lua}"
Searching for "/Users/hvidsten/.local/share/nvim/lazy/lazy.nvim/ftplugin/snacks_layout_box_*.{vim,lua}"
Searching for "/Users/hvidsten/.local/share/nvim/lazy/lazy.nvim/ftplugin/snacks_layout_box/*.{vim,lua}"
Searching for "/Users/hvidsten/.local/share/nvim/lazy/trouble.nvim/ftplugin/snacks_layout_box[.]{vim,lua}"
Searching for "/Users/hvidsten/.local/share/nvim/lazy/trouble.nvim/ftplugin/snacks_layout_box_*.{vim,lua}"
Searching for "/Users/hvidsten/.local/share/nvim/lazy/trouble.nvim/ftplugin/snacks_layout_box/*.{vim,lua}"
Searching for "/Users/hvidsten/.local/share/nvim/lazy/lualine.nvim/ftplugin/snacks_layout_box[.]{vim,lua}"
Searching for "/Users/hvidsten/.local/share/nvim/lazy/lualine.nvim/ftplugin/snacks_layout_box_*.{vim,lua}"
Searching for "/Users/hvidsten/.local/share/nvim/lazy/lualine.nvim/ftplugin/snacks_layout_box/*.{vim,lua}"
Searching for "/Users/hvidsten/.local/share/nvim/lazy/flash.nvim/ftplugin/snacks_layout_box[.]{vim,lua}"
Searching for "/Users/hvidsten/.local/share/nvim/lazy/flash.nvim/ftplugin/snacks_layout_box_*.{vim,lua}"
Searching for "/Users/hvidsten/.local/share/nvim/lazy/flash.nvim/ftplugin/snacks_layout_box/*.{vim,lua}"
Searching for "/Users/hvidsten/.local/share/nvim/lazy/nvim-treesitter/ftplugin/snacks_layout_box[.]{vim,lua}"
Searching for "/Users/hvidsten/.local/share/nvim/lazy/nvim-treesitter/ftplugin/snacks_layout_box_*.{vim,lua}"
Searching for "/Users/hvidsten/.local/share/nvim/lazy/nvim-treesitter/ftplugin/snacks_layout_box/*.{vim,lua}"
Searching for "/Users/hvidsten/.local/share/nvim/lazy/nvim-treesitter-textobjects/ftplugin/snacks_layout_box[.]{vim,lua}"
Searching for "/Users/hvidsten/.local/share/nvim/lazy/nvim-treesitter-textobjects/ftplugin/snacks_layout_box_*.{vim,lua}"
Searching for "/Users/hvidsten/.local/share/nvim/lazy/nvim-treesitter-textobjects/ftplugin/snacks_layout_box/*.{vim,lua}"
Searching for "/Users/hvidsten/.local/share/nvim/lazy/mini.ai/ftplugin/snacks_layout_box[.]{vim,lua}"
Searching for "/Users/hvidsten/.local/share/nvim/lazy/mini.ai/ftplugin/snacks_layout_box_*.{vim,lua}"
Searching for "/Users/hvidsten/.local/share/nvim/lazy/mini.ai/ftplugin/snacks_layout_box/*.{vim,lua}"
Searching for "/Users/hvidsten/.local/share/nvim/lazy/ts-comments.nvim/ftplugin/snacks_layout_box[.]{vim,lua}"
Searching for "/Users/hvidsten/.local/share/nvim/lazy/ts-comments.nvim/ftplugin/snacks_layout_box_*.{vim,lua}"
Searching for "/Users/hvidsten/.local/share/nvim/lazy/ts-comments.nvim/ftplugin/snacks_layout_box/*.{vim,lua}"
Searching for "/Users/hvidsten/.local/share/nvim/lazy/mini.pairs/ftplugin/snacks_layout_box[.]{vim,lua}"
Searching for "/Users/hvidsten/.local/share/nvim/lazy/mini.pairs/ftplugin/snacks_layout_box_*.{vim,lua}"
Searching for "/Users/hvidsten/.local/share/nvim/lazy/mini.pairs/ftplugin/snacks_layout_box/*.{vim,lua}"
Searching for "/Users/hvidsten/.local/share/nvim/lazy/bufferline.nvim/ftplugin/snacks_layout_box[.]{vim,lua}"
Searching for "/Users/hvidsten/.local/share/nvim/lazy/bufferline.nvim/ftplugin/snacks_layout_box_*.{vim,lua}"
Searching for "/Users/hvidsten/.local/share/nvim/lazy/bufferline.nvim/ftplugin/snacks_layout_box/*.{vim,lua}"
Searching for "/Users/hvidsten/.local/share/nvim/lazy/which-key.nvim/ftplugin/snacks_layout_box[.]{vim,lua}"
Searching for "/Users/hvidsten/.local/share/nvim/lazy/which-key.nvim/ftplugin/snacks_layout_box_*.{vim,lua}"
Searching for "/Users/hvidsten/.local/share/nvim/lazy/which-key.nvim/ftplugin/snacks_layout_box/*.{vim,lua}"
Searching for "/Users/hvidsten/.local/share/nvim/lazy/snacks.nvim/ftplugin/snacks_layout_box[.]{vim,lua}"
Searching for "/Users/hvidsten/.local/share/nvim/lazy/snacks.nvim/ftplugin/snacks_layout_box_*.{vim,lua}"
Searching for "/Users/hvidsten/.local/share/nvim/lazy/snacks.nvim/ftplugin/snacks_layout_box/*.{vim,lua}"
Searching for "/Users/hvidsten/.local/share/nvim/lazy/tokyonight.nvim/ftplugin/snacks_layout_box[.]{vim,lua}"
Searching for "/Users/hvidsten/.local/share/nvim/lazy/tokyonight.nvim/ftplugin/snacks_layout_box_*.{vim,lua}"
Searching for "/Users/hvidsten/.local/share/nvim/lazy/tokyonight.nvim/ftplugin/snacks_layout_box/*.{vim,lua}"
Searching for "/Users/hvidsten/.local/share/nvim/lazy/LazyVim/ftplugin/snacks_layout_box[.]{vim,lua}"
Searching for "/Users/hvidsten/.local/share/nvim/lazy/LazyVim/ftplugin/snacks_layout_box_*.{vim,lua}"
Searching for "/Users/hvidsten/.local/share/nvim/lazy/LazyVim/ftplugin/snacks_layout_box/*.{vim,lua}"
Searching for "/opt/homebrew/Cellar/neovim/0.11.5_1/share/nvim/runtime/ftplugin/snacks_layout_box[.]{vim,lua}"
Searching for "/opt/homebrew/Cellar/neovim/0.11.5_1/share/nvim/runtime/ftplugin/snacks_layout_box_*.{vim,lua}"
Searching for "/opt/homebrew/Cellar/neovim/0.11.5_1/share/nvim/runtime/ftplugin/snacks_layout_box/*.{vim,lua}"
Searching for "/opt/homebrew/Cellar/neovim/0.11.5_1/share/nvim/runtime/pack/dist/opt/netrw/ftplugin/snacks_layout_box[.]{vim,lua}"
Searching for "/opt/homebrew/Cellar/neovim/0.11.5_1/share/nvim/runtime/pack/dist/opt/netrw/ftplugin/snacks_layout_box_*.{vim,lua}"
Searching for "/opt/homebrew/Cellar/neovim/0.11.5_1/share/nvim/runtime/pack/dist/opt/netrw/ftplugin/snacks_layout_box/*.{vim,lua}"
Searching for "/opt/homebrew/Cellar/neovim/0.11.5_1/share/nvim/runtime/pack/dist/opt/matchit/ftplugin/snacks_layout_box[.]{vim,lua}"
Searching for "/opt/homebrew/Cellar/neovim/0.11.5_1/share/nvim/runtime/pack/dist/opt/matchit/ftplugin/snacks_layout_box_*.{vim,lua}"
Searching for "/opt/homebrew/Cellar/neovim/0.11.5_1/share/nvim/runtime/pack/dist/opt/matchit/ftplugin/snacks_layout_box/*.{vim,lua}"
Searching for "/opt/homebrew/Cellar/neovim/0.11.5_1/lib/nvim/ftplugin/snacks_layout_box[.]{vim,lua}"
Searching for "/opt/homebrew/Cellar/neovim/0.11.5_1/lib/nvim/ftplugin/snacks_layout_box_*.{vim,lua}"
Searching for "/opt/homebrew/Cellar/neovim/0.11.5_1/lib/nvim/ftplugin/snacks_layout_box/*.{vim,lua}"
Searching for "/Users/hvidsten/.local/state/nvim/lazy/readme/ftplugin/snacks_layout_box[.]{vim,lua}"
Searching for "/Users/hvidsten/.local/state/nvim/lazy/readme/ftplugin/snacks_layout_box_*.{vim,lua}"
Searching for "/Users/hvidsten/.local/state/nvim/lazy/readme/ftplugin/snacks_layout_box/*.{vim,lua}"
not found in runtime path: "ftplugin/snacks_layout_box[.]{vim,lua} ftplugin/snacks_layout_box_*.{vim,lua} ftplugin/snacks_layout_box/*.{vim,lua}"
line 21:       endfor
line 16:       for name in split(s, '\.')
line 17:         " Load Lua ftplugins after Vim ftplugins _per directory_
line 18:         " TODO(clason): use nvim__get_runtime when supports globs and modeline
line 19:         " XXX: "[.]" in the first pattern makes it a wildcard on Windows
line 20:         exe $'runtime! ftplugin/{name}[.]{{vim,lua}} ftplugin/{name}_*.{{vim,lua}} ftplugin/{name}/*.{{vim,lua}}'
line 21:       endfor
line 22:     endif
<SNR>2_LoadFTPlugin returning #0

continuing in FileType Autocommands for "*"

Executing FileType Autocommands for "*"
autocommand call s:LoadIndent()

Executing: call s:LoadIndent()
calling <SNR>3_LoadIndent()

line 1:     if exists("b:undo_indent")
line 2:       exe b:undo_indent
line 3:       unlet! b:undo_indent b:did_indent
line 4:     endif
line 5:     let s = expand("<amatch>")
line 6:     if s != ""
line 7:       if exists("b:did_indent")
line 8: ^Iunlet b:did_indent
line 9:       endif
line 10: 
line 11:       " When there is a dot it is used to separate filetype names.  Thus for
line 12:       " "aaa.bbb" load "indent/aaa.vim" and then "indent/bbb.vim".
line 13:       for name in split(s, '\.')
line 14:         " XXX: "[.]" in the pattern makes it a wildcard on Windows
line 15:         exe $'runtime! indent/{name}[.]{{vim,lua}}'
line 15: runtime! indent/snacks_layout_box[.]{vim,lua}
Searching for "indent/snacks_layout_box[.]{vim,lua}" in runtime path
Searching for "/Users/hvidsten/.config/nvim/indent/snacks_layout_box[.]{vim,lua}"
Searching for "/Users/hvidsten/.local/share/nvim/site/indent/snacks_layout_box[.]{vim,lua}"
Searching for "/Users/hvidsten/.local/share/nvim/lazy/lazy.nvim/indent/snacks_layout_box[.]{vim,lua}"
Searching for "/Users/hvidsten/.local/share/nvim/lazy/trouble.nvim/indent/snacks_layout_box[.]{vim,lua}"
Searching for "/Users/hvidsten/.local/share/nvim/lazy/lualine.nvim/indent/snacks_layout_box[.]{vim,lua}"
Searching for "/Users/hvidsten/.local/share/nvim/lazy/flash.nvim/indent/snacks_layout_box[.]{vim,lua}"
Searching for "/Users/hvidsten/.local/share/nvim/lazy/nvim-treesitter/indent/snacks_layout_box[.]{vim,lua}"
Searching for "/Users/hvidsten/.local/share/nvim/lazy/nvim-treesitter-textobjects/indent/snacks_layout_box[.]{vim,lua}"
Searching for "/Users/hvidsten/.local/share/nvim/lazy/mini.ai/indent/snacks_layout_box[.]{vim,lua}"
Searching for "/Users/hvidsten/.local/share/nvim/lazy/ts-comments.nvim/indent/snacks_layout_box[.]{vim,lua}"
Searching for "/Users/hvidsten/.local/share/nvim/lazy/mini.pairs/indent/snacks_layout_box[.]{vim,lua}"
Searching for "/Users/hvidsten/.local/share/nvim/lazy/bufferline.nvim/indent/snacks_layout_box[.]{vim,lua}"
Searching for "/Users/hvidsten/.local/share/nvim/lazy/which-key.nvim/indent/snacks_layout_box[.]{vim,lua}"
Searching for "/Users/hvidsten/.local/share/nvim/lazy/snacks.nvim/indent/snacks_layout_box[.]{vim,lua}"
Searching for "/Users/hvidsten/.local/share/nvim/lazy/tokyonight.nvim/indent/snacks_layout_box[.]{vim,lua}"
Searching for "/Users/hvidsten/.local/share/nvim/lazy/LazyVim/indent/snacks_layout_box[.]{vim,lua}"
Searching for "/opt/homebrew/Cellar/neovim/0.11.5_1/share/nvim/runtime/indent/snacks_layout_box[.]{vim,lua}"
Searching for "/opt/homebrew/Cellar/neovim/0.11.5_1/share/nvim/runtime/pack/dist/opt/netrw/indent/snacks_layout_box[.]{vim,lua}"
Searching for "/opt/homebrew/Cellar/neovim/0.11.5_1/share/nvim/runtime/pack/dist/opt/matchit/indent/snacks_layout_box[.]{vim,lua}"
Searching for "/opt/homebrew/Cellar/neovim/0.11.5_1/lib/nvim/indent/snacks_layout_box[.]{vim,lua}"
Searching for "/Users/hvidsten/.local/state/nvim/lazy/readme/indent/snacks_layout_box[.]{vim,lua}"
not found in runtime path: "indent/snacks_layout_box[.]{vim,lua}"
line 16:       endfor
line 13:       for name in split(s, '\.')
line 14:         " XXX: "[.]" in the pattern makes it a wildcard on Windows
line 15:         exe $'runtime! indent/{name}[.]{{vim,lua}}'
line 16:       endfor
line 17:     endif
<SNR>3_LoadIndent returning #0

continuing in FileType Autocommands for "*"

Executing FileType Autocommands for "*"
autocommand if !exists('b:ts_highlight') | 0verbose exe "set syntax=" . expand("<amatch>") | endif

Executing: if !exists('b:ts_highlight') | 0verbose exe "set syntax=" . expand("<amatch>") | endif
Executing:  0verbose exe "set syntax=" . expand("<amatch>") | endif
Executing:  endif
Executing FileType Autocommands for "*"
autocommand <Lua 313: ~/.local/share/nvim/lazy/snacks.nvim/lua/snacks/keymap.lua:110>

Executing: 
Executing FileType Autocommands for "*"
autocommand <Lua 352: ~/.local/share/nvim/lazy/LazyVim/lua/lazyvim/plugins/treesitter.lua:200>

Executing: 
Executing FileType Autocommands for "*"
autocommand <Lua 361: ~/.local/share/nvim/lazy/LazyVim/lua/lazyvim/plugins/treesitter.lua:103>

Executing: 
Executing FileType Autocommands for "*"
autocommand call v:lua.require'lualine'.refresh({'kind': 'window', 'place': ['statusline'], 'trigger': 'autocmd'})

Executing: call v:lua.require'lualine'.refresh({'kind': 'window', 'place': ['statusline'], 'trigger': 'autocmd'})
Executing: unlet! b:keymap_name
Executing BufNew Autocommands for "*"
autocommand <Lua 508: ~/.local/share/nvim/lazy/which-key.nvim/lua/which-key/state.lua:135>

Executing: 
Executing FileType Autocommands for "*"
autocommand call s:LoadFTPlugin()

Executing: call s:LoadFTPlugin()
calling <SNR>2_LoadFTPlugin()

line 1:     if exists("b:undo_ftplugin")
line 2:       exe b:undo_ftplugin
line 3:       unlet! b:undo_ftplugin b:did_ftplugin
line 4:     endif
line 5: 
line 6:     let s = expand("<amatch>")
line 7:     if s != ""
line 8:       if &cpo =~# "S" && exists("b:did_ftplugin")
line 9: ^I" In compatible mode options are reset to the global values, need to
line 10: ^I" set the local values also when a plugin was already used.
line 11: ^Iunlet b:did_ftplugin
line 12:       endif
line 13: 
line 14:       " When there is a dot it is used to separate filetype names.  Thus for
line 15:       " "aaa.bbb" load "aaa" and then "bbb".
line 16:       for name in split(s, '\.')
line 17:         " Load Lua ftplugins after Vim ftplugins _per directory_
line 18:         " TODO(clason): use nvim__get_runtime when supports globs and modeline
line 19:         " XXX: "[.]" in the first pattern makes it a wildcard on Windows
line 20:         exe $'runtime! ftplugin/{name}[.]{{vim,lua}} ftplugin/{name}_*.{{vim,lua}} ftplugin/{name}/*.{{vim,lua}}'
line 20: runtime! ftplugin/snacks_picker_input[.]{vim,lua} ftplugin/snacks_picker_input_*.{vim,lua} ftplugin/snacks_picker_input/*.{vim,lua}
Searching for "ftplugin/snacks_picker_input[.]{vim,lua} ftplugin/snacks_picker_input_*.{vim,lua} ftplugin/snacks_picker_input/*.{vim,lua}" in runtime path
Searching for "/Users/hvidsten/.config/nvim/ftplugin/snacks_picker_input[.]{vim,lua}"
Searching for "/Users/hvidsten/.config/nvim/ftplugin/snacks_picker_input_*.{vim,lua}"
Searching for "/Users/hvidsten/.config/nvim/ftplugin/snacks_picker_input/*.{vim,lua}"
Searching for "/Users/hvidsten/.local/share/nvim/site/ftplugin/snacks_picker_input[.]{vim,lua}"
Searching for "/Users/hvidsten/.local/share/nvim/site/ftplugin/snacks_picker_input_*.{vim,lua}"
Searching for "/Users/hvidsten/.local/share/nvim/site/ftplugin/snacks_picker_input/*.{vim,lua}"
Searching for "/Users/hvidsten/.local/share/nvim/lazy/lazy.nvim/ftplugin/snacks_picker_input[.]{vim,lua}"
Searching for "/Users/hvidsten/.local/share/nvim/lazy/lazy.nvim/ftplugin/snacks_picker_input_*.{vim,lua}"
Searching for "/Users/hvidsten/.local/share/nvim/lazy/lazy.nvim/ftplugin/snacks_picker_input/*.{vim,lua}"
Searching for "/Users/hvidsten/.local/share/nvim/lazy/trouble.nvim/ftplugin/snacks_picker_input[.]{vim,lua}"
Searching for "/Users/hvidsten/.local/share/nvim/lazy/trouble.nvim/ftplugin/snacks_picker_input_*.{vim,lua}"
Searching for "/Users/hvidsten/.local/share/nvim/lazy/trouble.nvim/ftplugin/snacks_picker_input/*.{vim,lua}"
Searching for "/Users/hvidsten/.local/share/nvim/lazy/lualine.nvim/ftplugin/snacks_picker_input[.]{vim,lua}"
Searching for "/Users/hvidsten/.local/share/nvim/lazy/lualine.nvim/ftplugin/snacks_picker_input_*.{vim,lua}"
Searching for "/Users/hvidsten/.local/share/nvim/lazy/lualine.nvim/ftplugin/snacks_picker_input/*.{vim,lua}"
Searching for "/Users/hvidsten/.local/share/nvim/lazy/flash.nvim/ftplugin/snacks_picker_input[.]{vim,lua}"
Searching for "/Users/hvidsten/.local/share/nvim/lazy/flash.nvim/ftplugin/snacks_picker_input_*.{vim,lua}"
Searching for "/Users/hvidsten/.local/share/nvim/lazy/flash.nvim/ftplugin/snacks_picker_input/*.{vim,lua}"
Searching for "/Users/hvidsten/.local/share/nvim/lazy/nvim-treesitter/ftplugin/snacks_picker_input[.]{vim,lua}"
Searching for "/Users/hvidsten/.local/share/nvim/lazy/nvim-treesitter/ftplugin/snacks_picker_input_*.{vim,lua}"
Searching for "/Users/hvidsten/.local/share/nvim/lazy/nvim-treesitter/ftplugin/snacks_picker_input/*.{vim,lua}"
Searching for "/Users/hvidsten/.local/share/nvim/lazy/nvim-treesitter-textobjects/ftplugin/snacks_picker_input[.]{vim,lua}"
Searching for "/Users/hvidsten/.local/share/nvim/lazy/nvim-treesitter-textobjects/ftplugin/snacks_picker_input_*.{vim,lua}"
Searching for "/Users/hvidsten/.local/share/nvim/lazy/nvim-treesitter-textobjects/ftplugin/snacks_picker_input/*.{vim,lua}"
Searching for "/Users/hvidsten/.local/share/nvim/lazy/mini.ai/ftplugin/snacks_picker_input[.]{vim,lua}"
Searching for "/Users/hvidsten/.local/share/nvim/lazy/mini.ai/ftplugin/snacks_picker_input_*.{vim,lua}"
Searching for "/Users/hvidsten/.local/share/nvim/lazy/mini.ai/ftplugin/snacks_picker_input/*.{vim,lua}"
Searching for "/Users/hvidsten/.local/share/nvim/lazy/ts-comments.nvim/ftplugin/snacks_picker_input[.]{vim,lua}"
Searching for "/Users/hvidsten/.local/share/nvim/lazy/ts-comments.nvim/ftplugin/snacks_picker_input_*.{vim,lua}"
Searching for "/Users/hvidsten/.local/share/nvim/lazy/ts-comments.nvim/ftplugin/snacks_picker_input/*.{vim,lua}"
Searching for "/Users/hvidsten/.local/share/nvim/lazy/mini.pairs/ftplugin/snacks_picker_input[.]{vim,lua}"
Searching for "/Users/hvidsten/.local/share/nvim/lazy/mini.pairs/ftplugin/snacks_picker_input_*.{vim,lua}"
Searching for "/Users/hvidsten/.local/share/nvim/lazy/mini.pairs/ftplugin/snacks_picker_input/*.{vim,lua}"
Searching for "/Users/hvidsten/.local/share/nvim/lazy/bufferline.nvim/ftplugin/snacks_picker_input[.]{vim,lua}"
Searching for "/Users/hvidsten/.local/share/nvim/lazy/bufferline.nvim/ftplugin/snacks_picker_input_*.{vim,lua}"
Searching for "/Users/hvidsten/.local/share/nvim/lazy/bufferline.nvim/ftplugin/snacks_picker_input/*.{vim,lua}"
Searching for "/Users/hvidsten/.local/share/nvim/lazy/which-key.nvim/ftplugin/snacks_picker_input[.]{vim,lua}"
Searching for "/Users/hvidsten/.local/share/nvim/lazy/which-key.nvim/ftplugin/snacks_picker_input_*.{vim,lua}"
Searching for "/Users/hvidsten/.local/share/nvim/lazy/which-key.nvim/ftplugin/snacks_picker_input/*.{vim,lua}"
Searching for "/Users/hvidsten/.local/share/nvim/lazy/snacks.nvim/ftplugin/snacks_picker_input[.]{vim,lua}"
Searching for "/Users/hvidsten/.local/share/nvim/lazy/snacks.nvim/ftplugin/snacks_picker_input_*.{vim,lua}"
Searching for "/Users/hvidsten/.local/share/nvim/lazy/snacks.nvim/ftplugin/snacks_picker_input/*.{vim,lua}"
Searching for "/Users/hvidsten/.local/share/nvim/lazy/tokyonight.nvim/ftplugin/snacks_picker_input[.]{vim,lua}"
Searching for "/Users/hvidsten/.local/share/nvim/lazy/tokyonight.nvim/ftplugin/snacks_picker_input_*.{vim,lua}"
Searching for "/Users/hvidsten/.local/share/nvim/lazy/tokyonight.nvim/ftplugin/snacks_picker_input/*.{vim,lua}"
Searching for "/Users/hvidsten/.local/share/nvim/lazy/LazyVim/ftplugin/snacks_picker_input[.]{vim,lua}"
Searching for "/Users/hvidsten/.local/share/nvim/lazy/LazyVim/ftplugin/snacks_picker_input_*.{vim,lua}"
Searching for "/Users/hvidsten/.local/share/nvim/lazy/LazyVim/ftplugin/snacks_picker_input/*.{vim,lua}"
Searching for "/opt/homebrew/Cellar/neovim/0.11.5_1/share/nvim/runtime/ftplugin/snacks_picker_input[.]{vim,lua}"
Searching for "/opt/homebrew/Cellar/neovim/0.11.5_1/share/nvim/runtime/ftplugin/snacks_picker_input_*.{vim,lua}"
Searching for "/opt/homebrew/Cellar/neovim/0.11.5_1/share/nvim/runtime/ftplugin/snacks_picker_input/*.{vim,lua}"
Searching for "/opt/homebrew/Cellar/neovim/0.11.5_1/share/nvim/runtime/pack/dist/opt/netrw/ftplugin/snacks_picker_input[.]{vim,lua}"
Searching for "/opt/homebrew/Cellar/neovim/0.11.5_1/share/nvim/runtime/pack/dist/opt/netrw/ftplugin/snacks_picker_input_*.{vim,lua}"
Searching for "/opt/homebrew/Cellar/neovim/0.11.5_1/share/nvim/runtime/pack/dist/opt/netrw/ftplugin/snacks_picker_input/*.{vim,lua}"
Searching for "/opt/homebrew/Cellar/neovim/0.11.5_1/share/nvim/runtime/pack/dist/opt/matchit/ftplugin/snacks_picker_input[.]{vim,lua}"
Searching for "/opt/homebrew/Cellar/neovim/0.11.5_1/share/nvim/runtime/pack/dist/opt/matchit/ftplugin/snacks_picker_input_*.{vim,lua}"
Searching for "/opt/homebrew/Cellar/neovim/0.11.5_1/share/nvim/runtime/pack/dist/opt/matchit/ftplugin/snacks_picker_input/*.{vim,lua}"
Searching for "/opt/homebrew/Cellar/neovim/0.11.5_1/lib/nvim/ftplugin/snacks_picker_input[.]{vim,lua}"
Searching for "/opt/homebrew/Cellar/neovim/0.11.5_1/lib/nvim/ftplugin/snacks_picker_input_*.{vim,lua}"
Searching for "/opt/homebrew/Cellar/neovim/0.11.5_1/lib/nvim/ftplugin/snacks_picker_input/*.{vim,lua}"
Searching for "/Users/hvidsten/.local/state/nvim/lazy/readme/ftplugin/snacks_picker_input[.]{vim,lua}"
Searching for "/Users/hvidsten/.local/state/nvim/lazy/readme/ftplugin/snacks_picker_input_*.{vim,lua}"
Searching for "/Users/hvidsten/.local/state/nvim/lazy/readme/ftplugin/snacks_picker_input/*.{vim,lua}"
not found in runtime path: "ftplugin/snacks_picker_input[.]{vim,lua} ftplugin/snacks_picker_input_*.{vim,lua} ftplugin/snacks_picker_input/*.{vim,lua}"
line 21:       endfor
line 16:       for name in split(s, '\.')
line 17:         " Load Lua ftplugins after Vim ftplugins _per directory_
line 18:         " TODO(clason): use nvim__get_runtime when supports globs and modeline
line 19:         " XXX: "[.]" in the first pattern makes it a wildcard on Windows
line 20:         exe $'runtime! ftplugin/{name}[.]{{vim,lua}} ftplugin/{name}_*.{{vim,lua}} ftplugin/{name}/*.{{vim,lua}}'
line 21:       endfor
line 22:     endif
<SNR>2_LoadFTPlugin returning #0

continuing in FileType Autocommands for "*"

Executing FileType Autocommands for "*"
autocommand call s:LoadIndent()

Executing: call s:LoadIndent()
calling <SNR>3_LoadIndent()

line 1:     if exists("b:undo_indent")
line 2:       exe b:undo_indent
line 3:       unlet! b:undo_indent b:did_indent
line 4:     endif
line 5:     let s = expand("<amatch>")
line 6:     if s != ""
line 7:       if exists("b:did_indent")
line 8: ^Iunlet b:did_indent
line 9:       endif
line 10: 
line 11:       " When there is a dot it is used to separate filetype names.  Thus for
line 12:       " "aaa.bbb" load "indent/aaa.vim" and then "indent/bbb.vim".
line 13:       for name in split(s, '\.')
line 14:         " XXX: "[.]" in the pattern makes it a wildcard on Windows
line 15:         exe $'runtime! indent/{name}[.]{{vim,lua}}'
line 15: runtime! indent/snacks_picker_input[.]{vim,lua}
Searching for "indent/snacks_picker_input[.]{vim,lua}" in runtime path
Searching for "/Users/hvidsten/.config/nvim/indent/snacks_picker_input[.]{vim,lua}"
Searching for "/Users/hvidsten/.local/share/nvim/site/indent/snacks_picker_input[.]{vim,lua}"
Searching for "/Users/hvidsten/.local/share/nvim/lazy/lazy.nvim/indent/snacks_picker_input[.]{vim,lua}"
Searching for "/Users/hvidsten/.local/share/nvim/lazy/trouble.nvim/indent/snacks_picker_input[.]{vim,lua}"
Searching for "/Users/hvidsten/.local/share/nvim/lazy/lualine.nvim/indent/snacks_picker_input[.]{vim,lua}"
Searching for "/Users/hvidsten/.local/share/nvim/lazy/flash.nvim/indent/snacks_picker_input[.]{vim,lua}"
Searching for "/Users/hvidsten/.local/share/nvim/lazy/nvim-treesitter/indent/snacks_picker_input[.]{vim,lua}"
Searching for "/Users/hvidsten/.local/share/nvim/lazy/nvim-treesitter-textobjects/indent/snacks_picker_input[.]{vim,lua}"
Searching for "/Users/hvidsten/.local/share/nvim/lazy/mini.ai/indent/snacks_picker_input[.]{vim,lua}"
Searching for "/Users/hvidsten/.local/share/nvim/lazy/ts-comments.nvim/indent/snacks_picker_input[.]{vim,lua}"
Searching for "/Users/hvidsten/.local/share/nvim/lazy/mini.pairs/indent/snacks_picker_input[.]{vim,lua}"
Searching for "/Users/hvidsten/.local/share/nvim/lazy/bufferline.nvim/indent/snacks_picker_input[.]{vim,lua}"
Searching for "/Users/hvidsten/.local/share/nvim/lazy/which-key.nvim/indent/snacks_picker_input[.]{vim,lua}"
Searching for "/Users/hvidsten/.local/share/nvim/lazy/snacks.nvim/indent/snacks_picker_input[.]{vim,lua}"
Searching for "/Users/hvidsten/.local/share/nvim/lazy/tokyonight.nvim/indent/snacks_picker_input[.]{vim,lua}"
Searching for "/Users/hvidsten/.local/share/nvim/lazy/LazyVim/indent/snacks_picker_input[.]{vim,lua}"
Searching for "/opt/homebrew/Cellar/neovim/0.11.5_1/share/nvim/runtime/indent/snacks_picker_input[.]{vim,lua}"
Searching for "/opt/homebrew/Cellar/neovim/0.11.5_1/share/nvim/runtime/pack/dist/opt/netrw/indent/snacks_picker_input[.]{vim,lua}"
Searching for "/opt/homebrew/Cellar/neovim/0.11.5_1/share/nvim/runtime/pack/dist/opt/matchit/indent/snacks_picker_input[.]{vim,lua}"
Searching for "/opt/homebrew/Cellar/neovim/0.11.5_1/lib/nvim/indent/snacks_picker_input[.]{vim,lua}"
Searching for "/Users/hvidsten/.local/state/nvim/lazy/readme/indent/snacks_picker_input[.]{vim,lua}"
not found in runtime path: "indent/snacks_picker_input[.]{vim,lua}"
line 16:       endfor
line 13:       for name in split(s, '\.')
line 14:         " XXX: "[.]" in the pattern makes it a wildcard on Windows
line 15:         exe $'runtime! indent/{name}[.]{{vim,lua}}'
line 16:       endfor
line 17:     endif
<SNR>3_LoadIndent returning #0

continuing in FileType Autocommands for "*"

Executing FileType Autocommands for "*"
autocommand if !exists('b:ts_highlight') | 0verbose exe "set syntax=" . expand("<amatch>") | endif

Executing: if !exists('b:ts_highlight') | 0verbose exe "set syntax=" . expand("<amatch>") | endif
Executing:  0verbose exe "set syntax=" . expand("<amatch>") | endif
Executing:  endif
Executing FileType Autocommands for "*"
autocommand <Lua 313: ~/.local/share/nvim/lazy/snacks.nvim/lua/snacks/keymap.lua:110>

Executing: 
Executing FileType Autocommands for "*"
autocommand <Lua 352: ~/.local/share/nvim/lazy/LazyVim/lua/lazyvim/plugins/treesitter.lua:200>

Executing: 
Executing FileType Autocommands for "*"
autocommand <Lua 361: ~/.local/share/nvim/lazy/LazyVim/lua/lazyvim/plugins/treesitter.lua:103>

Executing: 
Executing FileType Autocommands for "*"
autocommand call v:lua.require'lualine'.refresh({'kind': 'window', 'place': ['statusline'], 'trigger': 'autocmd'})

Executing: call v:lua.require'lualine'.refresh({'kind': 'window', 'place': ['statusline'], 'trigger': 'autocmd'})
Executing BufWinEnter Autocommands for "*"
autocommand autocmd SafeState * ++once call s:Highlight_Matching_Pair()

Executing: autocmd SafeState * ++once call s:Highlight_Matching_Pair()
Executing BufWinEnter Autocommands for "*"
autocommand <Lua 80: vim/_editor.lua:0>

Executing: 
Executing BufWinEnter Autocommands for "*"
autocommand <Lua 650: ~/.local/share/nvim/lazy/snacks.nvim/lua/snacks/picker/core/preview.lua:36>

Executing: 
Executing BufWinEnter Autocommands for "*"
autocommand <Lua 734: ~/.local/share/nvim/lazy/snacks.nvim/lua/snacks/win.lua:893>

Executing: 
Executing: unlet! b:keymap_name
Searching for "parser/regex.*" in runtime path
Searching for "/Users/hvidsten/.config/nvim/parser/regex.*"
Searching for "/Users/hvidsten/.local/share/nvim/site/parser/regex.*"
Searching for "queries/regex/injections.scm" in runtime path
Searching for "/Users/hvidsten/.config/nvim/queries/regex/injections.scm"
Searching for "/Users/hvidsten/.local/share/nvim/site/queries/regex/injections.scm"
Searching for "/Users/hvidsten/.local/share/nvim/lazy/lazy.nvim/queries/regex/injections.scm"
Searching for "/Users/hvidsten/.local/share/nvim/lazy/trouble.nvim/queries/regex/injections.scm"
Searching for "/Users/hvidsten/.local/share/nvim/lazy/lualine.nvim/queries/regex/injections.scm"
Searching for "/Users/hvidsten/.local/share/nvim/lazy/flash.nvim/queries/regex/injections.scm"
Searching for "/Users/hvidsten/.local/share/nvim/lazy/nvim-treesitter/queries/regex/injections.scm"
Searching for "/Users/hvidsten/.local/share/nvim/lazy/nvim-treesitter-textobjects/queries/regex/injections.scm"
Searching for "/Users/hvidsten/.local/share/nvim/lazy/mini.ai/queries/regex/injections.scm"
Searching for "/Users/hvidsten/.local/share/nvim/lazy/ts-comments.nvim/queries/regex/injections.scm"
Searching for "/Users/hvidsten/.local/share/nvim/lazy/mini.pairs/queries/regex/injections.scm"
Searching for "/Users/hvidsten/.local/share/nvim/lazy/bufferline.nvim/queries/regex/injections.scm"
Searching for "/Users/hvidsten/.local/share/nvim/lazy/which-key.nvim/queries/regex/injections.scm"
Searching for "/Users/hvidsten/.local/share/nvim/lazy/snacks.nvim/queries/regex/injections.scm"
Searching for "/Users/hvidsten/.local/share/nvim/lazy/tokyonight.nvim/queries/regex/injections.scm"
Searching for "/Users/hvidsten/.local/share/nvim/lazy/LazyVim/queries/regex/injections.scm"
Searching for "/opt/homebrew/Cellar/neovim/0.11.5_1/share/nvim/runtime/queries/regex/injections.scm"
Searching for "/opt/homebrew/Cellar/neovim/0.11.5_1/share/nvim/runtime/pack/dist/opt/netrw/queries/regex/injections.scm"
Searching for "/opt/homebrew/Cellar/neovim/0.11.5_1/share/nvim/runtime/pack/dist/opt/matchit/queries/regex/injections.scm"
Searching for "/opt/homebrew/Cellar/neovim/0.11.5_1/lib/nvim/queries/regex/injections.scm"
Searching for "/Users/hvidsten/.local/state/nvim/lazy/readme/queries/regex/injections.scm"
not found in runtime path: "queries/regex/injections.scm"
Searching for "queries/regex/highlights.scm" in runtime path
Searching for "/Users/hvidsten/.config/nvim/queries/regex/highlights.scm"
Searching for "/Users/hvidsten/.local/share/nvim/site/queries/regex/highlights.scm"
Searching for "/Users/hvidsten/.local/share/nvim/lazy/lazy.nvim/queries/regex/highlights.scm"
Searching for "/Users/hvidsten/.local/share/nvim/lazy/trouble.nvim/queries/regex/highlights.scm"
Searching for "/Users/hvidsten/.local/share/nvim/lazy/lualine.nvim/queries/regex/highlights.scm"
Searching for "/Users/hvidsten/.local/share/nvim/lazy/flash.nvim/queries/regex/highlights.scm"
Searching for "/Users/hvidsten/.local/share/nvim/lazy/nvim-treesitter/queries/regex/highlights.scm"
Searching for "/Users/hvidsten/.local/share/nvim/lazy/nvim-treesitter-textobjects/queries/regex/highlights.scm"
Searching for "/Users/hvidsten/.local/share/nvim/lazy/mini.ai/queries/regex/highlights.scm"
Searching for "/Users/hvidsten/.local/share/nvim/lazy/ts-comments.nvim/queries/regex/highlights.scm"
Searching for "/Users/hvidsten/.local/share/nvim/lazy/mini.pairs/queries/regex/highlights.scm"
Searching for "/Users/hvidsten/.local/share/nvim/lazy/bufferline.nvim/queries/regex/highlights.scm"
Searching for "/Users/hvidsten/.local/share/nvim/lazy/which-key.nvim/queries/regex/highlights.scm"
Searching for "/Users/hvidsten/.local/share/nvim/lazy/snacks.nvim/queries/regex/highlights.scm"
Searching for "/Users/hvidsten/.local/share/nvim/lazy/tokyonight.nvim/queries/regex/highlights.scm"
Searching for "/Users/hvidsten/.local/share/nvim/lazy/LazyVim/queries/regex/highlights.scm"
Searching for "/opt/homebrew/Cellar/neovim/0.11.5_1/share/nvim/runtime/queries/regex/highlights.scm"
Searching for "/opt/homebrew/Cellar/neovim/0.11.5_1/share/nvim/runtime/pack/dist/opt/netrw/queries/regex/highlights.scm"
Searching for "/opt/homebrew/Cellar/neovim/0.11.5_1/share/nvim/runtime/pack/dist/opt/matchit/queries/regex/highlights.scm"
Searching for "/opt/homebrew/Cellar/neovim/0.11.5_1/lib/nvim/queries/regex/highlights.scm"
Searching for "/Users/hvidsten/.local/state/nvim/lazy/readme/queries/regex/highlights.scm"
Executing Syntax Autocommands for "*"
autocommand call s:SynSet()

Executing: call s:SynSet()
calling <SNR>32_SynSet()

line 1:   " clear syntax for :set syntax=OFF  and any syntax name that doesn't exist
line 2:   syn clear
line 3:   if exists("b:current_syntax")
line 4:     unlet b:current_syntax
line 5:   endif
line 6: 
line 7:   0verbose let s = expand("<amatch>")
line 8:   if s == "ON"
line 9:     " :set syntax=ON
line 10:     if &filetype == ""
line 11:       echohl ErrorMsg
line 12:       echo "filetype unknown"
line 13:       echohl None
line 14:     endif
line 15:     let s = &filetype
line 16:   elseif s == "OFF"
line 17:     let s = ""
line 18:   endif
line 19: 
line 20:   if s != ""
line 21:     " Load the syntax file(s).  When there are several, separated by dots,
line 22:     " load each in sequence.  Skip empty entries.
line 23:     for name in split(s, '\.')
line 24:       if !empty(name)
line 25:         " XXX: "[.]" in the first pattern makes it a wildcard on Windows
line 26:         exe $'runtime! syntax/{name}[.]{{vim,lua}} syntax/{name}/*.{{vim,lua}}'
line 27:       endif
line 28:     endfor
line 29:   endif
<SNR>32_SynSet returning #0

continuing in Syntax Autocommands for "*"

Executing BufNew Autocommands for "*"
autocommand <Lua 508: ~/.local/share/nvim/lazy/which-key.nvim/lua/which-key/state.lua:135>

Executing: 
Executing FileType Autocommands for "*"
autocommand call s:LoadFTPlugin()

Executing: call s:LoadFTPlugin()
calling <SNR>2_LoadFTPlugin()

line 1:     if exists("b:undo_ftplugin")
line 2:       exe b:undo_ftplugin
line 3:       unlet! b:undo_ftplugin b:did_ftplugin
line 4:     endif
line 5: 
line 6:     let s = expand("<amatch>")
line 7:     if s != ""
line 8:       if &cpo =~# "S" && exists("b:did_ftplugin")
line 9: ^I" In compatible mode options are reset to the global values, need to
line 10: ^I" set the local values also when a plugin was already used.
line 11: ^Iunlet b:did_ftplugin
line 12:       endif
line 13: 
line 14:       " When there is a dot it is used to separate filetype names.  Thus for
line 15:       " "aaa.bbb" load "aaa" and then "bbb".
line 16:       for name in split(s, '\.')
line 17:         " Load Lua ftplugins after Vim ftplugins _per directory_
line 18:         " TODO(clason): use nvim__get_runtime when supports globs and modeline
line 19:         " XXX: "[.]" in the first pattern makes it a wildcard on Windows
line 20:         exe $'runtime! ftplugin/{name}[.]{{vim,lua}} ftplugin/{name}_*.{{vim,lua}} ftplugin/{name}/*.{{vim,lua}}'
line 20: runtime! ftplugin/snacks_picker_list[.]{vim,lua} ftplugin/snacks_picker_list_*.{vim,lua} ftplugin/snacks_picker_list/*.{vim,lua}
Searching for "ftplugin/snacks_picker_list[.]{vim,lua} ftplugin/snacks_picker_list_*.{vim,lua} ftplugin/snacks_picker_list/*.{vim,lua}" in runtime path
Searching for "/Users/hvidsten/.config/nvim/ftplugin/snacks_picker_list[.]{vim,lua}"
Searching for "/Users/hvidsten/.config/nvim/ftplugin/snacks_picker_list_*.{vim,lua}"
Searching for "/Users/hvidsten/.config/nvim/ftplugin/snacks_picker_list/*.{vim,lua}"
Searching for "/Users/hvidsten/.local/share/nvim/site/ftplugin/snacks_picker_list[.]{vim,lua}"
Searching for "/Users/hvidsten/.local/share/nvim/site/ftplugin/snacks_picker_list_*.{vim,lua}"
Searching for "/Users/hvidsten/.local/share/nvim/site/ftplugin/snacks_picker_list/*.{vim,lua}"
Searching for "/Users/hvidsten/.local/share/nvim/lazy/lazy.nvim/ftplugin/snacks_picker_list[.]{vim,lua}"
Searching for "/Users/hvidsten/.local/share/nvim/lazy/lazy.nvim/ftplugin/snacks_picker_list_*.{vim,lua}"
Searching for "/Users/hvidsten/.local/share/nvim/lazy/lazy.nvim/ftplugin/snacks_picker_list/*.{vim,lua}"
Searching for "/Users/hvidsten/.local/share/nvim/lazy/trouble.nvim/ftplugin/snacks_picker_list[.]{vim,lua}"
Searching for "/Users/hvidsten/.local/share/nvim/lazy/trouble.nvim/ftplugin/snacks_picker_list_*.{vim,lua}"
Searching for "/Users/hvidsten/.local/share/nvim/lazy/trouble.nvim/ftplugin/snacks_picker_list/*.{vim,lua}"
Searching for "/Users/hvidsten/.local/share/nvim/lazy/lualine.nvim/ftplugin/snacks_picker_list[.]{vim,lua}"
Searching for "/Users/hvidsten/.local/share/nvim/lazy/lualine.nvim/ftplugin/snacks_picker_list_*.{vim,lua}"
Searching for "/Users/hvidsten/.local/share/nvim/lazy/lualine.nvim/ftplugin/snacks_picker_list/*.{vim,lua}"
Searching for "/Users/hvidsten/.local/share/nvim/lazy/flash.nvim/ftplugin/snacks_picker_list[.]{vim,lua}"
Searching for "/Users/hvidsten/.local/share/nvim/lazy/flash.nvim/ftplugin/snacks_picker_list_*.{vim,lua}"
Searching for "/Users/hvidsten/.local/share/nvim/lazy/flash.nvim/ftplugin/snacks_picker_list/*.{vim,lua}"
Searching for "/Users/hvidsten/.local/share/nvim/lazy/nvim-treesitter/ftplugin/snacks_picker_list[.]{vim,lua}"
Searching for "/Users/hvidsten/.local/share/nvim/lazy/nvim-treesitter/ftplugin/snacks_picker_list_*.{vim,lua}"
Searching for "/Users/hvidsten/.local/share/nvim/lazy/nvim-treesitter/ftplugin/snacks_picker_list/*.{vim,lua}"
Searching for "/Users/hvidsten/.local/share/nvim/lazy/nvim-treesitter-textobjects/ftplugin/snacks_picker_list[.]{vim,lua}"
Searching for "/Users/hvidsten/.local/share/nvim/lazy/nvim-treesitter-textobjects/ftplugin/snacks_picker_list_*.{vim,lua}"
Searching for "/Users/hvidsten/.local/share/nvim/lazy/nvim-treesitter-textobjects/ftplugin/snacks_picker_list/*.{vim,lua}"
Searching for "/Users/hvidsten/.local/share/nvim/lazy/mini.ai/ftplugin/snacks_picker_list[.]{vim,lua}"
Searching for "/Users/hvidsten/.local/share/nvim/lazy/mini.ai/ftplugin/snacks_picker_list_*.{vim,lua}"
Searching for "/Users/hvidsten/.local/share/nvim/lazy/mini.ai/ftplugin/snacks_picker_list/*.{vim,lua}"
Searching for "/Users/hvidsten/.local/share/nvim/lazy/ts-comments.nvim/ftplugin/snacks_picker_list[.]{vim,lua}"
Searching for "/Users/hvidsten/.local/share/nvim/lazy/ts-comments.nvim/ftplugin/snacks_picker_list_*.{vim,lua}"
Searching for "/Users/hvidsten/.local/share/nvim/lazy/ts-comments.nvim/ftplugin/snacks_picker_list/*.{vim,lua}"
Searching for "/Users/hvidsten/.local/share/nvim/lazy/mini.pairs/ftplugin/snacks_picker_list[.]{vim,lua}"
Searching for "/Users/hvidsten/.local/share/nvim/lazy/mini.pairs/ftplugin/snacks_picker_list_*.{vim,lua}"
Searching for "/Users/hvidsten/.local/share/nvim/lazy/mini.pairs/ftplugin/snacks_picker_list/*.{vim,lua}"
Searching for "/Users/hvidsten/.local/share/nvim/lazy/bufferline.nvim/ftplugin/snacks_picker_list[.]{vim,lua}"
Searching for "/Users/hvidsten/.local/share/nvim/lazy/bufferline.nvim/ftplugin/snacks_picker_list_*.{vim,lua}"
Searching for "/Users/hvidsten/.local/share/nvim/lazy/bufferline.nvim/ftplugin/snacks_picker_list/*.{vim,lua}"
Searching for "/Users/hvidsten/.local/share/nvim/lazy/which-key.nvim/ftplugin/snacks_picker_list[.]{vim,lua}"
Searching for "/Users/hvidsten/.local/share/nvim/lazy/which-key.nvim/ftplugin/snacks_picker_list_*.{vim,lua}"
Searching for "/Users/hvidsten/.local/share/nvim/lazy/which-key.nvim/ftplugin/snacks_picker_list/*.{vim,lua}"
Searching for "/Users/hvidsten/.local/share/nvim/lazy/snacks.nvim/ftplugin/snacks_picker_list[.]{vim,lua}"
Searching for "/Users/hvidsten/.local/share/nvim/lazy/snacks.nvim/ftplugin/snacks_picker_list_*.{vim,lua}"
Searching for "/Users/hvidsten/.local/share/nvim/lazy/snacks.nvim/ftplugin/snacks_picker_list/*.{vim,lua}"
Searching for "/Users/hvidsten/.local/share/nvim/lazy/tokyonight.nvim/ftplugin/snacks_picker_list[.]{vim,lua}"
Searching for "/Users/hvidsten/.local/share/nvim/lazy/tokyonight.nvim/ftplugin/snacks_picker_list_*.{vim,lua}"
Searching for "/Users/hvidsten/.local/share/nvim/lazy/tokyonight.nvim/ftplugin/snacks_picker_list/*.{vim,lua}"
Searching for "/Users/hvidsten/.local/share/nvim/lazy/LazyVim/ftplugin/snacks_picker_list[.]{vim,lua}"
Searching for "/Users/hvidsten/.local/share/nvim/lazy/LazyVim/ftplugin/snacks_picker_list_*.{vim,lua}"
Searching for "/Users/hvidsten/.local/share/nvim/lazy/LazyVim/ftplugin/snacks_picker_list/*.{vim,lua}"
Searching for "/opt/homebrew/Cellar/neovim/0.11.5_1/share/nvim/runtime/ftplugin/snacks_picker_list[.]{vim,lua}"
Searching for "/opt/homebrew/Cellar/neovim/0.11.5_1/share/nvim/runtime/ftplugin/snacks_picker_list_*.{vim,lua}"
Searching for "/opt/homebrew/Cellar/neovim/0.11.5_1/share/nvim/runtime/ftplugin/snacks_picker_list/*.{vim,lua}"
Searching for "/opt/homebrew/Cellar/neovim/0.11.5_1/share/nvim/runtime/pack/dist/opt/netrw/ftplugin/snacks_picker_list[.]{vim,lua}"
Searching for "/opt/homebrew/Cellar/neovim/0.11.5_1/share/nvim/runtime/pack/dist/opt/netrw/ftplugin/snacks_picker_list_*.{vim,lua}"
Searching for "/opt/homebrew/Cellar/neovim/0.11.5_1/share/nvim/runtime/pack/dist/opt/netrw/ftplugin/snacks_picker_list/*.{vim,lua}"
Searching for "/opt/homebrew/Cellar/neovim/0.11.5_1/share/nvim/runtime/pack/dist/opt/matchit/ftplugin/snacks_picker_list[.]{vim,lua}"
Searching for "/opt/homebrew/Cellar/neovim/0.11.5_1/share/nvim/runtime/pack/dist/opt/matchit/ftplugin/snacks_picker_list_*.{vim,lua}"
Searching for "/opt/homebrew/Cellar/neovim/0.11.5_1/share/nvim/runtime/pack/dist/opt/matchit/ftplugin/snacks_picker_list/*.{vim,lua}"
Searching for "/opt/homebrew/Cellar/neovim/0.11.5_1/lib/nvim/ftplugin/snacks_picker_list[.]{vim,lua}"
Searching for "/opt/homebrew/Cellar/neovim/0.11.5_1/lib/nvim/ftplugin/snacks_picker_list_*.{vim,lua}"
Searching for "/opt/homebrew/Cellar/neovim/0.11.5_1/lib/nvim/ftplugin/snacks_picker_list/*.{vim,lua}"
Searching for "/Users/hvidsten/.local/state/nvim/lazy/readme/ftplugin/snacks_picker_list[.]{vim,lua}"
Searching for "/Users/hvidsten/.local/state/nvim/lazy/readme/ftplugin/snacks_picker_list_*.{vim,lua}"
Searching for "/Users/hvidsten/.local/state/nvim/lazy/readme/ftplugin/snacks_picker_list/*.{vim,lua}"
not found in runtime path: "ftplugin/snacks_picker_list[.]{vim,lua} ftplugin/snacks_picker_list_*.{vim,lua} ftplugin/snacks_picker_list/*.{vim,lua}"
line 21:       endfor
line 16:       for name in split(s, '\.')
line 17:         " Load Lua ftplugins after Vim ftplugins _per directory_
line 18:         " TODO(clason): use nvim__get_runtime when supports globs and modeline
line 19:         " XXX: "[.]" in the first pattern makes it a wildcard on Windows
line 20:         exe $'runtime! ftplugin/{name}[.]{{vim,lua}} ftplugin/{name}_*.{{vim,lua}} ftplugin/{name}/*.{{vim,lua}}'
line 21:       endfor
line 22:     endif
<SNR>2_LoadFTPlugin returning #0

continuing in FileType Autocommands for "*"

Executing FileType Autocommands for "*"
autocommand call s:LoadIndent()

Executing: call s:LoadIndent()
calling <SNR>3_LoadIndent()

line 1:     if exists("b:undo_indent")
line 2:       exe b:undo_indent
line 3:       unlet! b:undo_indent b:did_indent
line 4:     endif
line 5:     let s = expand("<amatch>")
line 6:     if s != ""
line 7:       if exists("b:did_indent")
line 8: ^Iunlet b:did_indent
line 9:       endif
line 10: 
line 11:       " When there is a dot it is used to separate filetype names.  Thus for
line 12:       " "aaa.bbb" load "indent/aaa.vim" and then "indent/bbb.vim".
line 13:       for name in split(s, '\.')
line 14:         " XXX: "[.]" in the pattern makes it a wildcard on Windows
line 15:         exe $'runtime! indent/{name}[.]{{vim,lua}}'
line 15: runtime! indent/snacks_picker_list[.]{vim,lua}
Searching for "indent/snacks_picker_list[.]{vim,lua}" in runtime path
Searching for "/Users/hvidsten/.config/nvim/indent/snacks_picker_list[.]{vim,lua}"
Searching for "/Users/hvidsten/.local/share/nvim/site/indent/snacks_picker_list[.]{vim,lua}"
Searching for "/Users/hvidsten/.local/share/nvim/lazy/lazy.nvim/indent/snacks_picker_list[.]{vim,lua}"
Searching for "/Users/hvidsten/.local/share/nvim/lazy/trouble.nvim/indent/snacks_picker_list[.]{vim,lua}"
Searching for "/Users/hvidsten/.local/share/nvim/lazy/lualine.nvim/indent/snacks_picker_list[.]{vim,lua}"
Searching for "/Users/hvidsten/.local/share/nvim/lazy/flash.nvim/indent/snacks_picker_list[.]{vim,lua}"
Searching for "/Users/hvidsten/.local/share/nvim/lazy/nvim-treesitter/indent/snacks_picker_list[.]{vim,lua}"
Searching for "/Users/hvidsten/.local/share/nvim/lazy/nvim-treesitter-textobjects/indent/snacks_picker_list[.]{vim,lua}"
Searching for "/Users/hvidsten/.local/share/nvim/lazy/mini.ai/indent/snacks_picker_list[.]{vim,lua}"
Searching for "/Users/hvidsten/.local/share/nvim/lazy/ts-comments.nvim/indent/snacks_picker_list[.]{vim,lua}"
Searching for "/Users/hvidsten/.local/share/nvim/lazy/mini.pairs/indent/snacks_picker_list[.]{vim,lua}"
Searching for "/Users/hvidsten/.local/share/nvim/lazy/bufferline.nvim/indent/snacks_picker_list[.]{vim,lua}"
Searching for "/Users/hvidsten/.local/share/nvim/lazy/which-key.nvim/indent/snacks_picker_list[.]{vim,lua}"
Searching for "/Users/hvidsten/.local/share/nvim/lazy/snacks.nvim/indent/snacks_picker_list[.]{vim,lua}"
Searching for "/Users/hvidsten/.local/share/nvim/lazy/tokyonight.nvim/indent/snacks_picker_list[.]{vim,lua}"
Searching for "/Users/hvidsten/.local/share/nvim/lazy/LazyVim/indent/snacks_picker_list[.]{vim,lua}"
Searching for "/opt/homebrew/Cellar/neovim/0.11.5_1/share/nvim/runtime/indent/snacks_picker_list[.]{vim,lua}"
Searching for "/opt/homebrew/Cellar/neovim/0.11.5_1/share/nvim/runtime/pack/dist/opt/netrw/indent/snacks_picker_list[.]{vim,lua}"
Searching for "/opt/homebrew/Cellar/neovim/0.11.5_1/share/nvim/runtime/pack/dist/opt/matchit/indent/snacks_picker_list[.]{vim,lua}"
Searching for "/opt/homebrew/Cellar/neovim/0.11.5_1/lib/nvim/indent/snacks_picker_list[.]{vim,lua}"
Searching for "/Users/hvidsten/.local/state/nvim/lazy/readme/indent/snacks_picker_list[.]{vim,lua}"
not found in runtime path: "indent/snacks_picker_list[.]{vim,lua}"
line 16:       endfor
line 13:       for name in split(s, '\.')
line 14:         " XXX: "[.]" in the pattern makes it a wildcard on Windows
line 15:         exe $'runtime! indent/{name}[.]{{vim,lua}}'
line 16:       endfor
line 17:     endif
<SNR>3_LoadIndent returning #0

continuing in FileType Autocommands for "*"

Executing FileType Autocommands for "*"
autocommand if !exists('b:ts_highlight') | 0verbose exe "set syntax=" . expand("<amatch>") | endif

Executing: if !exists('b:ts_highlight') | 0verbose exe "set syntax=" . expand("<amatch>") | endif
Executing:  0verbose exe "set syntax=" . expand("<amatch>") | endif
Executing:  endif
Executing FileType Autocommands for "*"
autocommand <Lua 313: ~/.local/share/nvim/lazy/snacks.nvim/lua/snacks/keymap.lua:110>

Executing: 
Executing FileType Autocommands for "*"
autocommand <Lua 352: ~/.local/share/nvim/lazy/LazyVim/lua/lazyvim/plugins/treesitter.lua:200>

Executing: 
Executing FileType Autocommands for "*"
autocommand <Lua 361: ~/.local/share/nvim/lazy/LazyVim/lua/lazyvim/plugins/treesitter.lua:103>

Executing: 
Executing FileType Autocommands for "*"
autocommand call v:lua.require'lualine'.refresh({'kind': 'window', 'place': ['statusline'], 'trigger': 'autocmd'})

Executing: call v:lua.require'lualine'.refresh({'kind': 'window', 'place': ['statusline'], 'trigger': 'autocmd'})
Executing BufWinEnter Autocommands for "*"
autocommand autocmd SafeState * ++once call s:Highlight_Matching_Pair()

Executing: autocmd SafeState * ++once call s:Highlight_Matching_Pair()
Executing BufWinEnter Autocommands for "*"
autocommand <Lua 80: vim/_editor.lua:0>

Executing: 
Executing BufWinEnter Autocommands for "*"
autocommand <Lua 650: ~/.local/share/nvim/lazy/snacks.nvim/lua/snacks/picker/core/preview.lua:36>

Executing: 
Executing BufWinEnter Autocommands for "*"
autocommand <Lua 734: ~/.local/share/nvim/lazy/snacks.nvim/lua/snacks/win.lua:893>

Executing: 
Executing BufWinEnter Autocommands for "*"
autocommand <Lua 626: ~/.local/share/nvim/lazy/snacks.nvim/lua/snacks/win.lua:893>

Executing: 
Executing: unlet! b:keymap_name
Executing OptionSet Autocommands for "runtimepath"
autocommand <Lua 353: /opt/homebrew/Cellar/neovim/0.11.5_1/share/nvim/runtime/lua/vim/treesitter/query.lua:338>

Executing: 
sourcing "nvim_exec2()"
line 1: augroup filetypedetect
finished sourcing nvim_exec2()
sourcing "nvim_exec2()"
line 1: augroup END
finished sourcing nvim_exec2()
Executing BufNew Autocommands for "*"
autocommand <Lua 508: ~/.local/share/nvim/lazy/which-key.nvim/lua/which-key/state.lua:135>

Executing: 
Executing BufFilePost Autocommands for "*"
autocommand <Lua 245: /opt/homebrew/Cellar/neovim/0.11.5_1/share/nvim/runtime/plugin/editorconfig.lua:4>

Executing: 
Executing BufNew Autocommands for "*"
autocommand <Lua 508: ~/.local/share/nvim/lazy/which-key.nvim/lua/which-key/state.lua:135>

Executing: 
Executing FileType Autocommands for "*"
autocommand call s:LoadFTPlugin()

Executing: call s:LoadFTPlugin()
calling <SNR>2_LoadFTPlugin()

line 1:     if exists("b:undo_ftplugin")
line 2:       exe b:undo_ftplugin
line 3:       unlet! b:undo_ftplugin b:did_ftplugin
line 4:     endif
line 5: 
line 6:     let s = expand("<amatch>")
line 7:     if s != ""
line 8:       if &cpo =~# "S" && exists("b:did_ftplugin")
line 9: ^I" In compatible mode options are reset to the global values, need to
line 10: ^I" set the local values also when a plugin was already used.
line 11: ^Iunlet b:did_ftplugin
line 12:       endif
line 13: 
line 14:       " When there is a dot it is used to separate filetype names.  Thus for
line 15:       " "aaa.bbb" load "aaa" and then "bbb".
line 16:       for name in split(s, '\.')
line 17:         " Load Lua ftplugins after Vim ftplugins _per directory_
line 18:         " TODO(clason): use nvim__get_runtime when supports globs and modeline
line 19:         " XXX: "[.]" in the first pattern makes it a wildcard on Windows
line 20:         exe $'runtime! ftplugin/{name}[.]{{vim,lua}} ftplugin/{name}_*.{{vim,lua}} ftplugin/{name}/*.{{vim,lua}}'
line 20: runtime! ftplugin/snacks_picker_preview[.]{vim,lua} ftplugin/snacks_picker_preview_*.{vim,lua} ftplugin/snacks_picker_preview/*.{vim,lua}
Searching for "ftplugin/snacks_picker_preview[.]{vim,lua} ftplugin/snacks_picker_preview_*.{vim,lua} ftplugin/snacks_picker_preview/*.{vim,lua}" in runtime path
Searching for "/Users/hvidsten/.config/nvim/ftplugin/snacks_picker_preview[.]{vim,lua}"
Searching for "/Users/hvidsten/.config/nvim/ftplugin/snacks_picker_preview_*.{vim,lua}"
Searching for "/Users/hvidsten/.config/nvim/ftplugin/snacks_picker_preview/*.{vim,lua}"
Searching for "/Users/hvidsten/.local/share/nvim/site/ftplugin/snacks_picker_preview[.]{vim,lua}"
Searching for "/Users/hvidsten/.local/share/nvim/site/ftplugin/snacks_picker_preview_*.{vim,lua}"
Searching for "/Users/hvidsten/.local/share/nvim/site/ftplugin/snacks_picker_preview/*.{vim,lua}"
Searching for "/Users/hvidsten/.local/share/nvim/lazy/lazy.nvim/ftplugin/snacks_picker_preview[.]{vim,lua}"
Searching for "/Users/hvidsten/.local/share/nvim/lazy/lazy.nvim/ftplugin/snacks_picker_preview_*.{vim,lua}"
Searching for "/Users/hvidsten/.local/share/nvim/lazy/lazy.nvim/ftplugin/snacks_picker_preview/*.{vim,lua}"
Searching for "/Users/hvidsten/.local/share/nvim/lazy/mini.icons/ftplugin/snacks_picker_preview[.]{vim,lua}"
Searching for "/Users/hvidsten/.local/share/nvim/lazy/mini.icons/ftplugin/snacks_picker_preview_*.{vim,lua}"
Searching for "/Users/hvidsten/.local/share/nvim/lazy/mini.icons/ftplugin/snacks_picker_preview/*.{vim,lua}"
Searching for "/Users/hvidsten/.local/share/nvim/lazy/trouble.nvim/ftplugin/snacks_picker_preview[.]{vim,lua}"
Searching for "/Users/hvidsten/.local/share/nvim/lazy/trouble.nvim/ftplugin/snacks_picker_preview_*.{vim,lua}"
Searching for "/Users/hvidsten/.local/share/nvim/lazy/trouble.nvim/ftplugin/snacks_picker_preview/*.{vim,lua}"
Searching for "/Users/hvidsten/.local/share/nvim/lazy/lualine.nvim/ftplugin/snacks_picker_preview[.]{vim,lua}"
Searching for "/Users/hvidsten/.local/share/nvim/lazy/lualine.nvim/ftplugin/snacks_picker_preview_*.{vim,lua}"
Searching for "/Users/hvidsten/.local/share/nvim/lazy/lualine.nvim/ftplugin/snacks_picker_preview/*.{vim,lua}"
Searching for "/Users/hvidsten/.local/share/nvim/lazy/flash.nvim/ftplugin/snacks_picker_preview[.]{vim,lua}"
Searching for "/Users/hvidsten/.local/share/nvim/lazy/flash.nvim/ftplugin/snacks_picker_preview_*.{vim,lua}"
Searching for "/Users/hvidsten/.local/share/nvim/lazy/flash.nvim/ftplugin/snacks_picker_preview/*.{vim,lua}"
Searching for "/Users/hvidsten/.local/share/nvim/lazy/nvim-treesitter/ftplugin/snacks_picker_preview[.]{vim,lua}"
Searching for "/Users/hvidsten/.local/share/nvim/lazy/nvim-treesitter/ftplugin/snacks_picker_preview_*.{vim,lua}"
Searching for "/Users/hvidsten/.local/share/nvim/lazy/nvim-treesitter/ftplugin/snacks_picker_preview/*.{vim,lua}"
Searching for "/Users/hvidsten/.local/share/nvim/lazy/nvim-treesitter-textobjects/ftplugin/snacks_picker_preview[.]{vim,lua}"
Searching for "/Users/hvidsten/.local/share/nvim/lazy/nvim-treesitter-textobjects/ftplugin/snacks_picker_preview_*.{vim,lua}"
Searching for "/Users/hvidsten/.local/share/nvim/lazy/nvim-treesitter-textobjects/ftplugin/snacks_picker_preview/*.{vim,lua}"
Searching for "/Users/hvidsten/.local/share/nvim/lazy/mini.ai/ftplugin/snacks_picker_preview[.]{vim,lua}"
Searching for "/Users/hvidsten/.local/share/nvim/lazy/mini.ai/ftplugin/snacks_picker_preview_*.{vim,lua}"
Searching for "/Users/hvidsten/.local/share/nvim/lazy/mini.ai/ftplugin/snacks_picker_preview/*.{vim,lua}"
Searching for "/Users/hvidsten/.local/share/nvim/lazy/ts-comments.nvim/ftplugin/snacks_picker_preview[.]{vim,lua}"
Searching for "/Users/hvidsten/.local/share/nvim/lazy/ts-comments.nvim/ftplugin/snacks_picker_preview_*.{vim,lua}"
Searching for "/Users/hvidsten/.local/share/nvim/lazy/ts-comments.nvim/ftplugin/snacks_picker_preview/*.{vim,lua}"
Searching for "/Users/hvidsten/.local/share/nvim/lazy/mini.pairs/ftplugin/snacks_picker_preview[.]{vim,lua}"
Searching for "/Users/hvidsten/.local/share/nvim/lazy/mini.pairs/ftplugin/snacks_picker_preview_*.{vim,lua}"
Searching for "/Users/hvidsten/.local/share/nvim/lazy/mini.pairs/ftplugin/snacks_picker_preview/*.{vim,lua}"
Searching for "/Users/hvidsten/.local/share/nvim/lazy/bufferline.nvim/ftplugin/snacks_picker_preview[.]{vim,lua}"
Searching for "/Users/hvidsten/.local/share/nvim/lazy/bufferline.nvim/ftplugin/snacks_picker_preview_*.{vim,lua}"
Searching for "/Users/hvidsten/.local/share/nvim/lazy/bufferline.nvim/ftplugin/snacks_picker_preview/*.{vim,lua}"
Searching for "/Users/hvidsten/.local/share/nvim/lazy/which-key.nvim/ftplugin/snacks_picker_preview[.]{vim,lua}"
Searching for "/Users/hvidsten/.local/share/nvim/lazy/which-key.nvim/ftplugin/snacks_picker_preview_*.{vim,lua}"
Searching for "/Users/hvidsten/.local/share/nvim/lazy/which-key.nvim/ftplugin/snacks_picker_preview/*.{vim,lua}"
Searching for "/Users/hvidsten/.local/share/nvim/lazy/snacks.nvim/ftplugin/snacks_picker_preview[.]{vim,lua}"
Searching for "/Users/hvidsten/.local/share/nvim/lazy/snacks.nvim/ftplugin/snacks_picker_preview_*.{vim,lua}"
Searching for "/Users/hvidsten/.local/share/nvim/lazy/snacks.nvim/ftplugin/snacks_picker_preview/*.{vim,lua}"
Searching for "/Users/hvidsten/.local/share/nvim/lazy/tokyonight.nvim/ftplugin/snacks_picker_preview[.]{vim,lua}"
Searching for "/Users/hvidsten/.local/share/nvim/lazy/tokyonight.nvim/ftplugin/snacks_picker_preview_*.{vim,lua}"
Searching for "/Users/hvidsten/.local/share/nvim/lazy/tokyonight.nvim/ftplugin/snacks_picker_preview/*.{vim,lua}"
Searching for "/Users/hvidsten/.local/share/nvim/lazy/LazyVim/ftplugin/snacks_picker_preview[.]{vim,lua}"
Searching for "/Users/hvidsten/.local/share/nvim/lazy/LazyVim/ftplugin/snacks_picker_preview_*.{vim,lua}"
Searching for "/Users/hvidsten/.local/share/nvim/lazy/LazyVim/ftplugin/snacks_picker_preview/*.{vim,lua}"
Searching for "/opt/homebrew/Cellar/neovim/0.11.5_1/share/nvim/runtime/ftplugin/snacks_picker_preview[.]{vim,lua}"
Searching for "/opt/homebrew/Cellar/neovim/0.11.5_1/share/nvim/runtime/ftplugin/snacks_picker_preview_*.{vim,lua}"
Searching for "/opt/homebrew/Cellar/neovim/0.11.5_1/share/nvim/runtime/ftplugin/snacks_picker_preview/*.{vim,lua}"
Searching for "/opt/homebrew/Cellar/neovim/0.11.5_1/share/nvim/runtime/pack/dist/opt/netrw/ftplugin/snacks_picker_preview[.]{vim,lua}"
Searching for "/opt/homebrew/Cellar/neovim/0.11.5_1/share/nvim/runtime/pack/dist/opt/netrw/ftplugin/snacks_picker_preview_*.{vim,lua}"
Searching for "/opt/homebrew/Cellar/neovim/0.11.5_1/share/nvim/runtime/pack/dist/opt/netrw/ftplugin/snacks_picker_preview/*.{vim,lua}"
Searching for "/opt/homebrew/Cellar/neovim/0.11.5_1/share/nvim/runtime/pack/dist/opt/matchit/ftplugin/snacks_picker_preview[.]{vim,lua}"
Searching for "/opt/homebrew/Cellar/neovim/0.11.5_1/share/nvim/runtime/pack/dist/opt/matchit/ftplugin/snacks_picker_preview_*.{vim,lua}"
Searching for "/opt/homebrew/Cellar/neovim/0.11.5_1/share/nvim/runtime/pack/dist/opt/matchit/ftplugin/snacks_picker_preview/*.{vim,lua}"
Searching for "/opt/homebrew/Cellar/neovim/0.11.5_1/lib/nvim/ftplugin/snacks_picker_preview[.]{vim,lua}"
Searching for "/opt/homebrew/Cellar/neovim/0.11.5_1/lib/nvim/ftplugin/snacks_picker_preview_*.{vim,lua}"
Searching for "/opt/homebrew/Cellar/neovim/0.11.5_1/lib/nvim/ftplugin/snacks_picker_preview/*.{vim,lua}"
Searching for "/Users/hvidsten/.local/state/nvim/lazy/readme/ftplugin/snacks_picker_preview[.]{vim,lua}"
Searching for "/Users/hvidsten/.local/state/nvim/lazy/readme/ftplugin/snacks_picker_preview_*.{vim,lua}"
Searching for "/Users/hvidsten/.local/state/nvim/lazy/readme/ftplugin/snacks_picker_preview/*.{vim,lua}"
not found in runtime path: "ftplugin/snacks_picker_preview[.]{vim,lua} ftplugin/snacks_picker_preview_*.{vim,lua} ftplugin/snacks_picker_preview/*.{vim,lua}"
line 21:       endfor
line 16:       for name in split(s, '\.')
line 17:         " Load Lua ftplugins after Vim ftplugins _per directory_
line 18:         " TODO(clason): use nvim__get_runtime when supports globs and modeline
line 19:         " XXX: "[.]" in the first pattern makes it a wildcard on Windows
line 20:         exe $'runtime! ftplugin/{name}[.]{{vim,lua}} ftplugin/{name}_*.{{vim,lua}} ftplugin/{name}/*.{{vim,lua}}'
line 21:       endfor
line 22:     endif
<SNR>2_LoadFTPlugin returning #0

continuing in FileType Autocommands for "*"

Executing FileType Autocommands for "*"
autocommand call s:LoadIndent()

Executing: call s:LoadIndent()
calling <SNR>3_LoadIndent()

line 1:     if exists("b:undo_indent")
line 2:       exe b:undo_indent
line 3:       unlet! b:undo_indent b:did_indent
line 4:     endif
line 5:     let s = expand("<amatch>")
line 6:     if s != ""
line 7:       if exists("b:did_indent")
line 8: ^Iunlet b:did_indent
line 9:       endif
line 10: 
line 11:       " When there is a dot it is used to separate filetype names.  Thus for
line 12:       " "aaa.bbb" load "indent/aaa.vim" and then "indent/bbb.vim".
line 13:       for name in split(s, '\.')
line 14:         " XXX: "[.]" in the pattern makes it a wildcard on Windows
line 15:         exe $'runtime! indent/{name}[.]{{vim,lua}}'
line 15: runtime! indent/snacks_picker_preview[.]{vim,lua}
Searching for "indent/snacks_picker_preview[.]{vim,lua}" in runtime path
Searching for "/Users/hvidsten/.config/nvim/indent/snacks_picker_preview[.]{vim,lua}"
Searching for "/Users/hvidsten/.local/share/nvim/site/indent/snacks_picker_preview[.]{vim,lua}"
Searching for "/Users/hvidsten/.local/share/nvim/lazy/lazy.nvim/indent/snacks_picker_preview[.]{vim,lua}"
Searching for "/Users/hvidsten/.local/share/nvim/lazy/mini.icons/indent/snacks_picker_preview[.]{vim,lua}"
Searching for "/Users/hvidsten/.local/share/nvim/lazy/trouble.nvim/indent/snacks_picker_preview[.]{vim,lua}"
Searching for "/Users/hvidsten/.local/share/nvim/lazy/lualine.nvim/indent/snacks_picker_preview[.]{vim,lua}"
Searching for "/Users/hvidsten/.local/share/nvim/lazy/flash.nvim/indent/snacks_picker_preview[.]{vim,lua}"
Searching for "/Users/hvidsten/.local/share/nvim/lazy/nvim-treesitter/indent/snacks_picker_preview[.]{vim,lua}"
Searching for "/Users/hvidsten/.local/share/nvim/lazy/nvim-treesitter-textobjects/indent/snacks_picker_preview[.]{vim,lua}"
Searching for "/Users/hvidsten/.local/share/nvim/lazy/mini.ai/indent/snacks_picker_preview[.]{vim,lua}"
Searching for "/Users/hvidsten/.local/share/nvim/lazy/ts-comments.nvim/indent/snacks_picker_preview[.]{vim,lua}"
Searching for "/Users/hvidsten/.local/share/nvim/lazy/mini.pairs/indent/snacks_picker_preview[.]{vim,lua}"
Searching for "/Users/hvidsten/.local/share/nvim/lazy/bufferline.nvim/indent/snacks_picker_preview[.]{vim,lua}"
Searching for "/Users/hvidsten/.local/share/nvim/lazy/which-key.nvim/indent/snacks_picker_preview[.]{vim,lua}"
Searching for "/Users/hvidsten/.local/share/nvim/lazy/snacks.nvim/indent/snacks_picker_preview[.]{vim,lua}"
Searching for "/Users/hvidsten/.local/share/nvim/lazy/tokyonight.nvim/indent/snacks_picker_preview[.]{vim,lua}"
Searching for "/Users/hvidsten/.local/share/nvim/lazy/LazyVim/indent/snacks_picker_preview[.]{vim,lua}"
Searching for "/opt/homebrew/Cellar/neovim/0.11.5_1/share/nvim/runtime/indent/snacks_picker_preview[.]{vim,lua}"
Searching for "/opt/homebrew/Cellar/neovim/0.11.5_1/share/nvim/runtime/pack/dist/opt/netrw/indent/snacks_picker_preview[.]{vim,lua}"
Searching for "/opt/homebrew/Cellar/neovim/0.11.5_1/share/nvim/runtime/pack/dist/opt/matchit/indent/snacks_picker_preview[.]{vim,lua}"
Searching for "/opt/homebrew/Cellar/neovim/0.11.5_1/lib/nvim/indent/snacks_picker_preview[.]{vim,lua}"
Searching for "/Users/hvidsten/.local/state/nvim/lazy/readme/indent/snacks_picker_preview[.]{vim,lua}"
not found in runtime path: "indent/snacks_picker_preview[.]{vim,lua}"
line 16:       endfor
line 13:       for name in split(s, '\.')
line 14:         " XXX: "[.]" in the pattern makes it a wildcard on Windows
line 15:         exe $'runtime! indent/{name}[.]{{vim,lua}}'
line 16:       endfor
line 17:     endif
<SNR>3_LoadIndent returning #0

continuing in FileType Autocommands for "*"

Executing FileType Autocommands for "*"
autocommand if !exists('b:ts_highlight') | 0verbose exe "set syntax=" . expand("<amatch>") | endif

Executing: if !exists('b:ts_highlight') | 0verbose exe "set syntax=" . expand("<amatch>") | endif
Executing:  0verbose exe "set syntax=" . expand("<amatch>") | endif
Executing:  endif
Executing FileType Autocommands for "*"
autocommand <Lua 313: ~/.local/share/nvim/lazy/snacks.nvim/lua/snacks/keymap.lua:110>

Executing: 
Executing FileType Autocommands for "*"
autocommand <Lua 352: ~/.local/share/nvim/lazy/LazyVim/lua/lazyvim/plugins/treesitter.lua:200>

Executing: 
Executing FileType Autocommands for "*"
autocommand <Lua 361: ~/.local/share/nvim/lazy/LazyVim/lua/lazyvim/plugins/treesitter.lua:103>

Executing: 
Executing FileType Autocommands for "*"
autocommand call v:lua.require'lualine'.refresh({'kind': 'window', 'place': ['statusline'], 'trigger': 'autocmd'})

Executing: call v:lua.require'lualine'.refresh({'kind': 'window', 'place': ['statusline'], 'trigger': 'autocmd'})
Executing Syntax Autocommands for "*"
autocommand call s:SynSet()

Executing: call s:SynSet()
calling <SNR>32_SynSet()

line 1:   " clear syntax for :set syntax=OFF  and any syntax name that doesn't exist
line 2:   syn clear
line 3:   if exists("b:current_syntax")
line 4:     unlet b:current_syntax
line 5:   endif
line 6: 
line 7:   0verbose let s = expand("<amatch>")
line 8:   if s == "ON"
line 9:     " :set syntax=ON
line 10:     if &filetype == ""
line 11:       echohl ErrorMsg
line 12:       echo "filetype unknown"
line 13:       echohl None
line 14:     endif
line 15:     let s = &filetype
line 16:   elseif s == "OFF"
line 17:     let s = ""
line 18:   endif
line 19: 
line 20:   if s != ""
line 21:     " Load the syntax file(s).  When there are several, separated by dots,
line 22:     " load each in sequence.  Skip empty entries.
line 23:     for name in split(s, '\.')
line 24:       if !empty(name)
line 25:         " XXX: "[.]" in the first pattern makes it a wildcard on Windows
line 26:         exe $'runtime! syntax/{name}[.]{{vim,lua}} syntax/{name}/*.{{vim,lua}}'
line 27:       endif
line 28:     endfor
line 29:   endif
<SNR>32_SynSet returning #0

continuing in Syntax Autocommands for "*"

Executing BufWinEnter Autocommands for "*"
autocommand autocmd SafeState * ++once call s:Highlight_Matching_Pair()

Executing: autocmd SafeState * ++once call s:Highlight_Matching_Pair()
Executing BufWinEnter Autocommands for "*"
autocommand <Lua 80: vim/_editor.lua:0>

Executing: 
Executing BufWinEnter Autocommands for "*"
autocommand <Lua 650: ~/.local/share/nvim/lazy/snacks.nvim/lua/snacks/picker/core/preview.lua:36>

Executing: 
Executing BufWinEnter Autocommands for "*"
autocommand <Lua 734: ~/.local/share/nvim/lazy/snacks.nvim/lua/snacks/win.lua:893>

Executing: 
Executing BufWinEnter Autocommands for "*"
autocommand <Lua 626: ~/.local/share/nvim/lazy/snacks.nvim/lua/snacks/win.lua:893>

Executing: 
Executing BufWinEnter Autocommands for "*"
autocommand <Lua 606: ~/.local/share/nvim/lazy/snacks.nvim/lua/snacks/win.lua:893>

Executing: 
Executing: unlet! b:keymap_name
Executing BufLeave Autocommands for "*"
autocommand call s:Remove_Matches()

Executing: call s:Remove_Matches()
calling <SNR>24_Remove_Matches()

line 1:   if exists('w:paren_hl_on') && w:paren_hl_on
line 2:     while !empty(w:matchparen_ids)
line 3:       silent! call remove(w:matchparen_ids, 0)->matchdelete()
line 4:     endwhile
line 5:     let w:paren_hl_on = 0
line 6:   endif
<SNR>24_Remove_Matches returning #0

continuing in BufLeave Autocommands for "*"

Executing BufLeave Autocommands for "*"
autocommand <Lua 389: ~/.local/share/nvim/lazy/flash.nvim/lua/flash/plugins/char.lua:142>

Executing: 
Executing WinLeave Autocommands for "*"
autocommand call s:Remove_Matches()

Executing: call s:Remove_Matches()
calling <SNR>24_Remove_Matches()

line 1:   if exists('w:paren_hl_on') && w:paren_hl_on
line 2:     while !empty(w:matchparen_ids)
line 3:       silent! call remove(w:matchparen_ids, 0)->matchdelete()
line 4:     endwhile
line 5:     let w:paren_hl_on = 0
line 6:   endif
<SNR>24_Remove_Matches returning #0

continuing in WinLeave Autocommands for "*"

Executing WinLeave Autocommands for "*"
autocommand <Lua 737: ~/.local/share/nvim/lazy/snacks.nvim/lua/snacks/win.lua:487>

Executing: 
Executing WinLeave Autocommands for "*"
autocommand <Lua 608: ~/.local/share/nvim/lazy/snacks.nvim/lua/snacks/win.lua:487>

Executing: 
Executing WinEnter Autocommands for "*"
autocommand call s:Highlight_Matching_Pair()

Executing: call s:Highlight_Matching_Pair()
calling <SNR>24_Highlight_Matching_Pair()

line 1:   if !exists("w:matchparen_ids")
line 2:     let w:matchparen_ids = []
line 3:   endif
line 4:   " Remove any previous match.
line 5:   call s:Remove_Matches()
calling <SNR>24_Remove_Matches()

line 1:   if exists('w:paren_hl_on') && w:paren_hl_on
line 2:     while !empty(w:matchparen_ids)
line 3:       silent! call remove(w:matchparen_ids, 0)->matchdelete()
line 4:     endwhile
line 5:     let w:paren_hl_on = 0
line 6:   endif
<SNR>24_Remove_Matches returning #0

continuing in <SNR>24_Highlight_Matching_Pair

line 6: 
line 7:   " Avoid that we remove the popup menu.
line 8:   " Return when there are no colors (looks like the cursor jumps).
line 9:   if pumvisible() || (&t_Co < 8 && !has("gui_running"))
line 10:     return
line 11:   endif
line 12: 
line 13:   " Get the character under the cursor and check if it's in 'matchpairs'.
line 14:   let c_lnum = line('.')
line 15:   let c_col = col('.')
line 16:   let before = 0
line 17: 
line 18:   let text = getline(c_lnum)
line 19:   let c_before = text->strpart(0, c_col - 1)->slice(-1)
line 20:   let c = text->strpart(c_col - 1)->slice(0, 1)
line 21:   let plist = split(&matchpairs, '.\zs[:,]')
line 22:   let i = index(plist, c)
line 23:   if i < 0
line 24:     " not found, in Insert mode try character before the cursor
line 25:     if c_col > 1 && (mode() == 'i' || mode() == 'R')
line 26:       let before = strlen(c_before)
line 27:       let c = c_before
line 28:       let i = index(plist, c)
line 29:     endif
line 30:     if i < 0
line 31:       " not found, nothing to do
line 32:       return
<SNR>24_Highlight_Matching_Pair returning #0

continuing in WinEnter Autocommands for "*"

Executing WinEnter Autocommands for "*"
autocommand <Lua 258: ~/.local/share/nvim/lazy/snacks.nvim/lua/snacks/dashboard.lua:267>

Executing: 
autocommand <Lua 273: ~/.local/share/nvim/lazy/snacks.nvim/lua/snacks/dashboard.lua:1206>

Executing: 
Executing WinEnter Autocommands for "*"
autocommand <Lua 319: ~/.local/share/nvim/lazy/trouble.nvim/lua/trouble/view/main.lua:16>

Executing: 
Executing WinEnter Autocommands for "*"
autocommand call v:lua.require'lualine'.refresh({'kind': 'window', 'place': ['statusline'], 'trigger': 'autocmd'})

Executing: call v:lua.require'lualine'.refresh({'kind': 'window', 'place': ['statusline'], 'trigger': 'autocmd'})
Executing WinEnter Autocommands for "*"
autocommand <Lua 739: ~/.local/share/nvim/lazy/snacks.nvim/lua/snacks/win.lua:487>

Executing: 
autocommand <Lua 738: ~/.local/share/nvim/lazy/snacks.nvim/lua/snacks/win.lua:487>

Executing: 
autocommand <Lua 736: ~/.local/share/nvim/lazy/snacks.nvim/lua/snacks/win.lua:487>

Executing: 
Executing WinEnter Autocommands for "*"
autocommand <Lua 688: ~/.local/share/nvim/lazy/snacks.nvim/lua/snacks/win.lua:487>

Executing: 
Executing BufEnter Autocommands for "*"
autocommand <Lua 254: ~/.local/share/nvim/lazy/snacks.nvim/lua/snacks/explorer/init.lua:33>

Executing: 
Executing BufEnter Autocommands for "*"
autocommand <Lua 303: ~/.local/share/nvim/lazy/bufferline.nvim/lua/bufferline.lua:141>

Executing: 
Executing BufEnter Autocommands for "*"
autocommand <Lua 318: ~/.local/share/nvim/lazy/trouble.nvim/lua/trouble/view/main.lua:16>

Executing: 
Executing BufEnter Autocommands for "*"
autocommand <Lua 354: ~/.local/share/nvim/lazy/trouble.nvim/lua/trouble/view/section.lua:148>

Executing: 
Executing BufEnter Autocommands for "*"
autocommand lua require'lualine.components.branch.git_branch'.find_git_dir()

Executing: lua require'lualine.components.branch.git_branch'.find_git_dir()
Executing BufEnter Autocommands for "*"
autocommand call v:lua.require'lualine'.refresh({'kind': 'window', 'place': ['statusline'], 'trigger': 'autocmd'})

Executing: call v:lua.require'lualine'.refresh({'kind': 'window', 'place': ['statusline'], 'trigger': 'autocmd'})
Executing BufEnter Autocommands for "*"
autocommand <Lua 497: ~/.local/share/nvim/lazy/LazyVim/lua/lazyvim/util/root.lua:165>

Executing: 
Executing BufEnter Autocommands for "*"
autocommand <Lua 509: ~/.local/share/nvim/lazy/which-key.nvim/lua/which-key/state.lua:145>

Executing: 
Executing BufEnter Autocommands for "<buffer=3>"
autocommand <Lua 629: ~/.local/share/nvim/lazy/snacks.nvim/lua/snacks/win.lua:487>

line 0: sourcing "nvim_exec2() called at BufEnter Autocommands for "<buffer=3>":0"
line 1: startinsert!
finished sourcing nvim_exec2() called at BufEnter Autocommands for "<buffer=3>":0
continuing in BufEnter Autocommands for "<buffer=3>"
Executing: 
sourcing "nvim_exec2()"
line 1: highlight! lualine_transitional_lualine_a_normal_to_lualine_b_normal guifg=#82aaff guibg=#3b4261 gui=nocombine
finished sourcing nvim_exec2()
sourcing "nvim_exec2()"
line 1: highlight! lualine_transitional_lualine_b_normal_to_lualine_c_normal guifg=#3b4261 guibg=#1e2030 gui=nocombine
finished sourcing nvim_exec2()
Searching for "parser/cmake.*" in runtime path
Searching for "/Users/hvidsten/.config/nvim/parser/cmake.*"
Searching for "/Users/hvidsten/.local/share/nvim/site/parser/cmake.*"
Searching for "queries/cmake/injections.scm" in runtime path
Searching for "/Users/hvidsten/.config/nvim/queries/cmake/injections.scm"
Searching for "/Users/hvidsten/.local/share/nvim/site/queries/cmake/injections.scm"
Searching for "/Users/hvidsten/.local/share/nvim/lazy/lazy.nvim/queries/cmake/injections.scm"
Searching for "/Users/hvidsten/.local/share/nvim/lazy/mini.icons/queries/cmake/injections.scm"
Searching for "/Users/hvidsten/.local/share/nvim/lazy/trouble.nvim/queries/cmake/injections.scm"
Searching for "/Users/hvidsten/.local/share/nvim/lazy/lualine.nvim/queries/cmake/injections.scm"
Searching for "/Users/hvidsten/.local/share/nvim/lazy/flash.nvim/queries/cmake/injections.scm"
Searching for "/Users/hvidsten/.local/share/nvim/lazy/nvim-treesitter/queries/cmake/injections.scm"
Searching for "/Users/hvidsten/.local/share/nvim/lazy/nvim-treesitter-textobjects/queries/cmake/injections.scm"
Searching for "/Users/hvidsten/.local/share/nvim/lazy/mini.ai/queries/cmake/injections.scm"
Searching for "/Users/hvidsten/.local/share/nvim/lazy/ts-comments.nvim/queries/cmake/injections.scm"
Searching for "/Users/hvidsten/.local/share/nvim/lazy/mini.pairs/queries/cmake/injections.scm"
Searching for "/Users/hvidsten/.local/share/nvim/lazy/bufferline.nvim/queries/cmake/injections.scm"
Searching for "/Users/hvidsten/.local/share/nvim/lazy/which-key.nvim/queries/cmake/injections.scm"
Searching for "/Users/hvidsten/.local/share/nvim/lazy/snacks.nvim/queries/cmake/injections.scm"
Searching for "/Users/hvidsten/.local/share/nvim/lazy/tokyonight.nvim/queries/cmake/injections.scm"
Searching for "/Users/hvidsten/.local/share/nvim/lazy/LazyVim/queries/cmake/injections.scm"
Searching for "/opt/homebrew/Cellar/neovim/0.11.5_1/share/nvim/runtime/queries/cmake/injections.scm"
Searching for "/opt/homebrew/Cellar/neovim/0.11.5_1/share/nvim/runtime/pack/dist/opt/netrw/queries/cmake/injections.scm"
Searching for "/opt/homebrew/Cellar/neovim/0.11.5_1/share/nvim/runtime/pack/dist/opt/matchit/queries/cmake/injections.scm"
Searching for "/opt/homebrew/Cellar/neovim/0.11.5_1/lib/nvim/queries/cmake/injections.scm"
Searching for "/Users/hvidsten/.local/state/nvim/lazy/readme/queries/cmake/injections.scm"
Searching for "queries/cmake/highlights.scm" in runtime path
Searching for "/Users/hvidsten/.config/nvim/queries/cmake/highlights.scm"
Searching for "/Users/hvidsten/.local/share/nvim/site/queries/cmake/highlights.scm"
Searching for "/Users/hvidsten/.local/share/nvim/lazy/lazy.nvim/queries/cmake/highlights.scm"
Searching for "/Users/hvidsten/.local/share/nvim/lazy/mini.icons/queries/cmake/highlights.scm"
Searching for "/Users/hvidsten/.local/share/nvim/lazy/trouble.nvim/queries/cmake/highlights.scm"
Searching for "/Users/hvidsten/.local/share/nvim/lazy/lualine.nvim/queries/cmake/highlights.scm"
Searching for "/Users/hvidsten/.local/share/nvim/lazy/flash.nvim/queries/cmake/highlights.scm"
Searching for "/Users/hvidsten/.local/share/nvim/lazy/nvim-treesitter/queries/cmake/highlights.scm"
Searching for "/Users/hvidsten/.local/share/nvim/lazy/nvim-treesitter-textobjects/queries/cmake/highlights.scm"
Searching for "/Users/hvidsten/.local/share/nvim/lazy/mini.ai/queries/cmake/highlights.scm"
Searching for "/Users/hvidsten/.local/share/nvim/lazy/ts-comments.nvim/queries/cmake/highlights.scm"
Searching for "/Users/hvidsten/.local/share/nvim/lazy/mini.pairs/queries/cmake/highlights.scm"
Searching for "/Users/hvidsten/.local/share/nvim/lazy/bufferline.nvim/queries/cmake/highlights.scm"
Searching for "/Users/hvidsten/.local/share/nvim/lazy/which-key.nvim/queries/cmake/highlights.scm"
Searching for "/Users/hvidsten/.local/share/nvim/lazy/snacks.nvim/queries/cmake/highlights.scm"
Searching for "/Users/hvidsten/.local/share/nvim/lazy/tokyonight.nvim/queries/cmake/highlights.scm"
Searching for "/Users/hvidsten/.local/share/nvim/lazy/LazyVim/queries/cmake/highlights.scm"
Searching for "/opt/homebrew/Cellar/neovim/0.11.5_1/share/nvim/runtime/queries/cmake/highlights.scm"
Searching for "/opt/homebrew/Cellar/neovim/0.11.5_1/share/nvim/runtime/pack/dist/opt/netrw/queries/cmake/highlights.scm"
Searching for "/opt/homebrew/Cellar/neovim/0.11.5_1/share/nvim/runtime/pack/dist/opt/matchit/queries/cmake/highlights.scm"
Searching for "/opt/homebrew/Cellar/neovim/0.11.5_1/lib/nvim/queries/cmake/highlights.scm"
Searching for "/Users/hvidsten/.local/state/nvim/lazy/readme/queries/cmake/highlights.scm"
Executing Syntax Autocommands for "*"
autocommand call s:SynSet()

Executing: call s:SynSet()
calling <SNR>32_SynSet()

line 1:   " clear syntax for :set syntax=OFF  and any syntax name that doesn't exist
line 2:   syn clear
line 3:   if exists("b:current_syntax")
line 4:     unlet b:current_syntax
line 5:   endif
line 6: 
line 7:   0verbose let s = expand("<amatch>")
line 8:   if s == "ON"
line 9:     " :set syntax=ON
line 10:     if &filetype == ""
line 11:       echohl ErrorMsg
line 12:       echo "filetype unknown"
line 13:       echohl None
line 14:     endif
line 15:     let s = &filetype
line 16:   elseif s == "OFF"
line 17:     let s = ""
line 18:   endif
line 19: 
line 20:   if s != ""
line 21:     " Load the syntax file(s).  When there are several, separated by dots,
line 22:     " load each in sequence.  Skip empty entries.
line 23:     for name in split(s, '\.')
line 24:       if !empty(name)
line 25:         " XXX: "[.]" in the first pattern makes it a wildcard on Windows
line 26:         exe $'runtime! syntax/{name}[.]{{vim,lua}} syntax/{name}/*.{{vim,lua}}'
line 27:       endif
line 28:     endfor
line 29:   endif
<SNR>32_SynSet returning #0

continuing in Syntax Autocommands for "*"

Executing InsertEnter Autocommands for "*"
autocommand <Lua 188: ~/.local/share/nvim/lazy/lazy.nvim/lua/lazy/core/handler/event.lua:72>

line 0: sourcing "nvim_exec2() called at InsertEnter Autocommands for "*":0"
line 1: augroup filetypedetect
finished sourcing nvim_exec2() called at InsertEnter Autocommands for "*":0
continuing in InsertEnter Autocommands for "*"
line 0: sourcing "nvim_exec2() called at InsertEnter Autocommands for "*":0"
line 1: augroup END
finished sourcing nvim_exec2() called at InsertEnter Autocommands for "*":0
continuing in InsertEnter Autocommands for "*"
line 0: sourcing "nvim_exec2() called at InsertEnter Autocommands for "*":0"
line 1: source /Users/hvidsten/.local/share/nvim/lazy/blink.cmp/plugin/blink-cmp.lua
line 1: sourcing "/Users/hvidsten/.local/share/nvim/lazy/blink.cmp/plugin/blink-cmp.lua"
finished sourcing /Users/hvidsten/.local/share/nvim/lazy/blink.cmp/plugin/blink-cmp.lua
continuing in nvim_exec2() called at InsertEnter Autocommands for "*":0
finished sourcing nvim_exec2() called at InsertEnter Autocommands for "*":0
continuing in InsertEnter Autocommands for "*"
line 0: sourcing "nvim_exec2() called at InsertEnter Autocommands for "*":0"
line 1: augroup filetypedetect
finished sourcing nvim_exec2() called at InsertEnter Autocommands for "*":0
continuing in InsertEnter Autocommands for "*"
line 0: sourcing "nvim_exec2() called at InsertEnter Autocommands for "*":0"
line 1: augroup END
finished sourcing nvim_exec2() called at InsertEnter Autocommands for "*":0
continuing in InsertEnter Autocommands for "*"
Executing: 
Executing InsertEnter Autocommands for "*"
autocommand <Lua 391: ~/.local/share/nvim/lazy/flash.nvim/lua/flash/plugins/char.lua:142>

Executing: 
Executing ModeChanged Autocommands for "*"
autocommand call v:lua.require'lualine'.refresh({'kind': 'window', 'place': ['statusline'], 'trigger': 'autocmd'})

Executing: call v:lua.require'lualine'.refresh({'kind': 'window', 'place': ['statusline'], 'trigger': 'autocmd'})
Executing ModeChanged Autocommands for "*"
autocommand <Lua 504: ~/.local/share/nvim/lazy/which-key.nvim/lua/which-key/state.lua:93>

Executing: 
Executing CursorMovedI Autocommands for "*"
autocommand call s:Highlight_Matching_Pair()

Executing: call s:Highlight_Matching_Pair()
calling <SNR>24_Highlight_Matching_Pair()

line 1:   if !exists("w:matchparen_ids")
line 2:     let w:matchparen_ids = []
line 3:   endif
line 4:   " Remove any previous match.
line 5:   call s:Remove_Matches()
calling <SNR>24_Remove_Matches()

line 1:   if exists('w:paren_hl_on') && w:paren_hl_on
line 2:     while !empty(w:matchparen_ids)
line 3:       silent! call remove(w:matchparen_ids, 0)->matchdelete()
line 4:     endwhile
line 5:     let w:paren_hl_on = 0
line 6:   endif
<SNR>24_Remove_Matches returning #0

continuing in <SNR>24_Highlight_Matching_Pair

line 6: 
line 7:   " Avoid that we remove the popup menu.
line 8:   " Return when there are no colors (looks like the cursor jumps).
line 9:   if pumvisible() || (&t_Co < 8 && !has("gui_running"))
line 10:     return
line 11:   endif
line 12: 
line 13:   " Get the character under the cursor and check if it's in 'matchpairs'.
line 14:   let c_lnum = line('.')
line 15:   let c_col = col('.')
line 16:   let before = 0
line 17: 
line 18:   let text = getline(c_lnum)
line 19:   let c_before = text->strpart(0, c_col - 1)->slice(-1)
line 20:   let c = text->strpart(c_col - 1)->slice(0, 1)
line 21:   let plist = split(&matchpairs, '.\zs[:,]')
line 22:   let i = index(plist, c)
line 23:   if i < 0
line 24:     " not found, in Insert mode try character before the cursor
line 25:     if c_col > 1 && (mode() == 'i' || mode() == 'R')
line 26:       let before = strlen(c_before)
line 27:       let c = c_before
line 28:       let i = index(plist, c)
line 29:     endif
line 30:     if i < 0
line 31:       " not found, nothing to do
line 32:       return
<SNR>24_Highlight_Matching_Pair returning #0

continuing in CursorMovedI Autocommands for "*"

Executing CursorMovedI Autocommands for "*"
autocommand <Lua 224: vim/_editor.lua:0>

Executing: 
Executing CursorMovedI Autocommands for "*"
autocommand call v:lua.require'lualine'.refresh({'kind': 'window', 'place': ['statusline'], 'trigger': 'autocmd'})

Executing: call v:lua.require'lualine'.refresh({'kind': 'window', 'place': ['statusline'], 'trigger': 'autocmd'})
Executing TextChangedI Autocommands for "*"
autocommand call s:Highlight_Matching_Pair()

Executing: call s:Highlight_Matching_Pair()
calling <SNR>24_Highlight_Matching_Pair()

line 1:   if !exists("w:matchparen_ids")
line 2:     let w:matchparen_ids = []
line 3:   endif
line 4:   " Remove any previous match.
line 5:   call s:Remove_Matches()
calling <SNR>24_Remove_Matches()

line 1:   if exists('w:paren_hl_on') && w:paren_hl_on
line 2:     while !empty(w:matchparen_ids)
line 3:       silent! call remove(w:matchparen_ids, 0)->matchdelete()
line 4:     endwhile
line 5:     let w:paren_hl_on = 0
line 6:   endif
<SNR>24_Remove_Matches returning #0

continuing in <SNR>24_Highlight_Matching_Pair

line 6: 
line 7:   " Avoid that we remove the popup menu.
line 8:   " Return when there are no colors (looks like the cursor jumps).
line 9:   if pumvisible() || (&t_Co < 8 && !has("gui_running"))
line 10:     return
line 11:   endif
line 12: 
line 13:   " Get the character under the cursor and check if it's in 'matchpairs'.
line 14:   let c_lnum = line('.')
line 15:   let c_col = col('.')
line 16:   let before = 0
line 17: 
line 18:   let text = getline(c_lnum)
line 19:   let c_before = text->strpart(0, c_col - 1)->slice(-1)
line 20:   let c = text->strpart(c_col - 1)->slice(0, 1)
line 21:   let plist = split(&matchpairs, '.\zs[:,]')
line 22:   let i = index(plist, c)
line 23:   if i < 0
line 24:     " not found, in Insert mode try character before the cursor
line 25:     if c_col > 1 && (mode() == 'i' || mode() == 'R')
line 26:       let before = strlen(c_before)
line 27:       let c = c_before
line 28:       let i = index(plist, c)
line 29:     endif
line 30:     if i < 0
line 31:       " not found, nothing to do
line 32:       return
<SNR>24_Highlight_Matching_Pair returning #0

continuing in TextChangedI Autocommands for "*"

Executing TextChangedI Autocommands for "*"
autocommand <Lua 218: ~/.local/share/nvim/lazy/snacks.nvim/lua/snacks/scroll.lua:185>

Executing: 
Executing TextChangedI Autocommands for "*"
autocommand <Lua 348: ~/.local/share/nvim/lazy/trouble.nvim/lua/trouble/sources/lsp.lua:40>

Executing: 
Executing TextChangedI Autocommands for "<buffer=3>"
autocommand <Lua 628: ~/.local/share/nvim/lazy/snacks.nvim/lua/snacks/win.lua:487>

Executing: 
Executing SafeState Autocommands for "*"
autocommand call s:Highlight_Matching_Pair()

Executing: call s:Highlight_Matching_Pair()
calling <SNR>24_Highlight_Matching_Pair()

line 1:   if !exists("w:matchparen_ids")
line 2:     let w:matchparen_ids = []
line 3:   endif
line 4:   " Remove any previous match.
line 5:   call s:Remove_Matches()
calling <SNR>24_Remove_Matches()

line 1:   if exists('w:paren_hl_on') && w:paren_hl_on
line 2:     while !empty(w:matchparen_ids)
line 3:       silent! call remove(w:matchparen_ids, 0)->matchdelete()
line 4:     endwhile
line 5:     let w:paren_hl_on = 0
line 6:   endif
<SNR>24_Remove_Matches returning #0

continuing in <SNR>24_Highlight_Matching_Pair

line 6: 
line 7:   " Avoid that we remove the popup menu.
line 8:   " Return when there are no colors (looks like the cursor jumps).
line 9:   if pumvisible() || (&t_Co < 8 && !has("gui_running"))
line 10:     return
line 11:   endif
line 12: 
line 13:   " Get the character under the cursor and check if it's in 'matchpairs'.
line 14:   let c_lnum = line('.')
line 15:   let c_col = col('.')
line 16:   let before = 0
line 17: 
line 18:   let text = getline(c_lnum)
line 19:   let c_before = text->strpart(0, c_col - 1)->slice(-1)
line 20:   let c = text->strpart(c_col - 1)->slice(0, 1)
line 21:   let plist = split(&matchpairs, '.\zs[:,]')
line 22:   let i = index(plist, c)
line 23:   if i < 0
line 24:     " not found, in Insert mode try character before the cursor
line 25:     if c_col > 1 && (mode() == 'i' || mode() == 'R')
line 26:       let before = strlen(c_before)
line 27:       let c = c_before
line 28:       let i = index(plist, c)
line 29:     endif
line 30:     if i < 0
line 31:       " not found, nothing to do
line 32:       return
<SNR>24_Highlight_Matching_Pair returning #0

continuing in SafeState Autocommands for "*"

autocommand call s:Highlight_Matching_Pair()

Executing: call s:Highlight_Matching_Pair()
calling <SNR>24_Highlight_Matching_Pair()

line 1:   if !exists("w:matchparen_ids")
line 2:     let w:matchparen_ids = []
line 3:   endif
line 4:   " Remove any previous match.
line 5:   call s:Remove_Matches()
calling <SNR>24_Remove_Matches()

line 1:   if exists('w:paren_hl_on') && w:paren_hl_on
line 2:     while !empty(w:matchparen_ids)
line 3:       silent! call remove(w:matchparen_ids, 0)->matchdelete()
line 4:     endwhile
line 5:     let w:paren_hl_on = 0
line 6:   endif
<SNR>24_Remove_Matches returning #0

continuing in <SNR>24_Highlight_Matching_Pair

line 6: 
line 7:   " Avoid that we remove the popup menu.
line 8:   " Return when there are no colors (looks like the cursor jumps).
line 9:   if pumvisible() || (&t_Co < 8 && !has("gui_running"))
line 10:     return
line 11:   endif
line 12: 
line 13:   " Get the character under the cursor and check if it's in 'matchpairs'.
line 14:   let c_lnum = line('.')
line 15:   let c_col = col('.')
line 16:   let before = 0
line 17: 
line 18:   let text = getline(c_lnum)
line 19:   let c_before = text->strpart(0, c_col - 1)->slice(-1)
line 20:   let c = text->strpart(c_col - 1)->slice(0, 1)
line 21:   let plist = split(&matchpairs, '.\zs[:,]')
line 22:   let i = index(plist, c)
line 23:   if i < 0
line 24:     " not found, in Insert mode try character before the cursor
line 25:     if c_col > 1 && (mode() == 'i' || mode() == 'R')
line 26:       let before = strlen(c_before)
line 27:       let c = c_before
line 28:       let i = index(plist, c)
line 29:     endif
line 30:     if i < 0
line 31:       " not found, nothing to do
line 32:       return
<SNR>24_Highlight_Matching_Pair returning #0

continuing in SafeState Autocommands for "*"

autocommand call s:Highlight_Matching_Pair()

Executing: call s:Highlight_Matching_Pair()
calling <SNR>24_Highlight_Matching_Pair()

line 1:   if !exists("w:matchparen_ids")
line 2:     let w:matchparen_ids = []
line 3:   endif
line 4:   " Remove any previous match.
line 5:   call s:Remove_Matches()
calling <SNR>24_Remove_Matches()

line 1:   if exists('w:paren_hl_on') && w:paren_hl_on
line 2:     while !empty(w:matchparen_ids)
line 3:       silent! call remove(w:matchparen_ids, 0)->matchdelete()
line 4:     endwhile
line 5:     let w:paren_hl_on = 0
line 6:   endif
<SNR>24_Remove_Matches returning #0

continuing in <SNR>24_Highlight_Matching_Pair

line 6: 
line 7:   " Avoid that we remove the popup menu.
line 8:   " Return when there are no colors (looks like the cursor jumps).
line 9:   if pumvisible() || (&t_Co < 8 && !has("gui_running"))
line 10:     return
line 11:   endif
line 12: 
line 13:   " Get the character under the cursor and check if it's in 'matchpairs'.
line 14:   let c_lnum = line('.')
line 15:   let c_col = col('.')
line 16:   let before = 0
line 17: 
line 18:   let text = getline(c_lnum)
line 19:   let c_before = text->strpart(0, c_col - 1)->slice(-1)
line 20:   let c = text->strpart(c_col - 1)->slice(0, 1)
line 21:   let plist = split(&matchpairs, '.\zs[:,]')
line 22:   let i = index(plist, c)
line 23:   if i < 0
line 24:     " not found, in Insert mode try character before the cursor
line 25:     if c_col > 1 && (mode() == 'i' || mode() == 'R')
line 26:       let before = strlen(c_before)
line 27:       let c = c_before
line 28:       let i = index(plist, c)
line 29:     endif
line 30:     if i < 0
line 31:       " not found, nothing to do
line 32:       return
<SNR>24_Highlight_Matching_Pair returning #0

continuing in SafeState Autocommands for "*"

sourcing "nvim_exec2()"
line 1: highlight! lualine_transitional_lualine_a_insert_to_lualine_b_insert guifg=#c3e88d guibg=#3b4261 gui=nocombine
finished sourcing nvim_exec2()
sourcing "nvim_exec2()"
line 1: highlight! lualine_transitional_lualine_b_insert_to_lualine_c_normal guifg=#3b4261 guibg=#1e2030 gui=nocombine
finished sourcing nvim_exec2()
Executing InsertCharPre Autocommands for "*"
autocommand <Lua 892: ~/.local/share/nvim/lazy/blink.cmp/lua/blink/cmp/lib/buffer_events.lua:148>

Executing: 
Executing CursorMovedI Autocommands for "*"
autocommand call s:Highlight_Matching_Pair()

Executing: call s:Highlight_Matching_Pair()
calling <SNR>24_Highlight_Matching_Pair()

line 1:   if !exists("w:matchparen_ids")
line 2:     let w:matchparen_ids = []
line 3:   endif
line 4:   " Remove any previous match.
line 5:   call s:Remove_Matches()
calling <SNR>24_Remove_Matches()

line 1:   if exists('w:paren_hl_on') && w:paren_hl_on
line 2:     while !empty(w:matchparen_ids)
line 3:       silent! call remove(w:matchparen_ids, 0)->matchdelete()
line 4:     endwhile
line 5:     let w:paren_hl_on = 0
line 6:   endif
<SNR>24_Remove_Matches returning #0

continuing in <SNR>24_Highlight_Matching_Pair

line 6: 
line 7:   " Avoid that we remove the popup menu.
line 8:   " Return when there are no colors (looks like the cursor jumps).
line 9:   if pumvisible() || (&t_Co < 8 && !has("gui_running"))
line 10:     return
line 11:   endif
line 12: 
line 13:   " Get the character under the cursor and check if it's in 'matchpairs'.
line 14:   let c_lnum = line('.')
line 15:   let c_col = col('.')
line 16:   let before = 0
line 17: 
line 18:   let text = getline(c_lnum)
line 19:   let c_before = text->strpart(0, c_col - 1)->slice(-1)
line 20:   let c = text->strpart(c_col - 1)->slice(0, 1)
line 21:   let plist = split(&matchpairs, '.\zs[:,]')
line 22:   let i = index(plist, c)
line 23:   if i < 0
line 24:     " not found, in Insert mode try character before the cursor
line 25:     if c_col > 1 && (mode() == 'i' || mode() == 'R')
line 26:       let before = strlen(c_before)
line 27:       let c = c_before
line 28:       let i = index(plist, c)
line 29:     endif
line 30:     if i < 0
line 31:       " not found, nothing to do
line 32:       return
<SNR>24_Highlight_Matching_Pair returning #0

continuing in CursorMovedI Autocommands for "*"

Executing CursorMovedI Autocommands for "*"
autocommand <Lua 224: vim/_editor.lua:0>

Executing: 
Executing CursorMovedI Autocommands for "*"
autocommand call v:lua.require'lualine'.refresh({'kind': 'window', 'place': ['statusline'], 'trigger': 'autocmd'})

Executing: call v:lua.require'lualine'.refresh({'kind': 'window', 'place': ['statusline'], 'trigger': 'autocmd'})
Executing CursorMovedI Autocommands for "*"
autocommand <Lua 890: ~/.local/share/nvim/lazy/blink.cmp/lua/blink/cmp/lib/buffer_events.lua:88>

Executing: 
autocommand <Lua 905: ~/.local/share/nvim/lazy/blink.cmp/lua/blink/cmp/completion/windows/menu.lua:62>

Executing: 
Executing TextChangedI Autocommands for "*"
autocommand call s:Highlight_Matching_Pair()

Executing: call s:Highlight_Matching_Pair()
calling <SNR>24_Highlight_Matching_Pair()

line 1:   if !exists("w:matchparen_ids")
line 2:     let w:matchparen_ids = []
line 3:   endif
line 4:   " Remove any previous match.
line 5:   call s:Remove_Matches()
calling <SNR>24_Remove_Matches()

line 1:   if exists('w:paren_hl_on') && w:paren_hl_on
line 2:     while !empty(w:matchparen_ids)
line 3:       silent! call remove(w:matchparen_ids, 0)->matchdelete()
line 4:     endwhile
line 5:     let w:paren_hl_on = 0
line 6:   endif
<SNR>24_Remove_Matches returning #0

continuing in <SNR>24_Highlight_Matching_Pair

line 6: 
line 7:   " Avoid that we remove the popup menu.
line 8:   " Return when there are no colors (looks like the cursor jumps).
line 9:   if pumvisible() || (&t_Co < 8 && !has("gui_running"))
line 10:     return
line 11:   endif
line 12: 
line 13:   " Get the character under the cursor and check if it's in 'matchpairs'.
line 14:   let c_lnum = line('.')
line 15:   let c_col = col('.')
line 16:   let before = 0
line 17: 
line 18:   let text = getline(c_lnum)
line 19:   let c_before = text->strpart(0, c_col - 1)->slice(-1)
line 20:   let c = text->strpart(c_col - 1)->slice(0, 1)
line 21:   let plist = split(&matchpairs, '.\zs[:,]')
line 22:   let i = index(plist, c)
line 23:   if i < 0
line 24:     " not found, in Insert mode try character before the cursor
line 25:     if c_col > 1 && (mode() == 'i' || mode() == 'R')
line 26:       let before = strlen(c_before)
line 27:       let c = c_before
line 28:       let i = index(plist, c)
line 29:     endif
line 30:     if i < 0
line 31:       " not found, nothing to do
line 32:       return
<SNR>24_Highlight_Matching_Pair returning #0

continuing in TextChangedI Autocommands for "*"

Executing TextChangedI Autocommands for "*"
autocommand <Lua 218: ~/.local/share/nvim/lazy/snacks.nvim/lua/snacks/scroll.lua:185>

Executing: 
Executing TextChangedI Autocommands for "*"
autocommand <Lua 348: ~/.local/share/nvim/lazy/trouble.nvim/lua/trouble/sources/lsp.lua:40>

Executing: 
Executing TextChangedI Autocommands for "<buffer=3>"
autocommand <Lua 628: ~/.local/share/nvim/lazy/snacks.nvim/lua/snacks/win.lua:487>

Executing: 
Executing TextChangedI Autocommands for "*"
autocommand <Lua 935: ~/.local/share/nvim/lazy/blink.cmp/lua/blink/cmp/lib/buffer_events.lua:51>

Executing: 
Executing FileType Autocommands for "*"
autocommand if !exists('b:ts_highlight') | 0verbose exe "set syntax=" . expand("<amatch>") | endif

Executing: if !exists('b:ts_highlight') | 0verbose exe "set syntax=" . expand("<amatch>") | endif
Executing:  0verbose exe "set syntax=" . expand("<amatch>") | endif
Executing:  endif
Executing InsertCharPre Autocommands for "*"
autocommand <Lua 892: ~/.local/share/nvim/lazy/blink.cmp/lua/blink/cmp/lib/buffer_events.lua:148>

Executing: 
Executing CursorMovedI Autocommands for "*"
autocommand call s:Highlight_Matching_Pair()

Executing: call s:Highlight_Matching_Pair()
calling <SNR>24_Highlight_Matching_Pair()

line 1:   if !exists("w:matchparen_ids")
line 2:     let w:matchparen_ids = []
line 3:   endif
line 4:   " Remove any previous match.
line 5:   call s:Remove_Matches()
calling <SNR>24_Remove_Matches()

line 1:   if exists('w:paren_hl_on') && w:paren_hl_on
line 2:     while !empty(w:matchparen_ids)
line 3:       silent! call remove(w:matchparen_ids, 0)->matchdelete()
line 4:     endwhile
line 5:     let w:paren_hl_on = 0
line 6:   endif
<SNR>24_Remove_Matches returning #0

continuing in <SNR>24_Highlight_Matching_Pair

line 6: 
line 7:   " Avoid that we remove the popup menu.
line 8:   " Return when there are no colors (looks like the cursor jumps).
line 9:   if pumvisible() || (&t_Co < 8 && !has("gui_running"))
line 10:     return
line 11:   endif
line 12: 
line 13:   " Get the character under the cursor and check if it's in 'matchpairs'.
line 14:   let c_lnum = line('.')
line 15:   let c_col = col('.')
line 16:   let before = 0
line 17: 
line 18:   let text = getline(c_lnum)
line 19:   let c_before = text->strpart(0, c_col - 1)->slice(-1)
line 20:   let c = text->strpart(c_col - 1)->slice(0, 1)
line 21:   let plist = split(&matchpairs, '.\zs[:,]')
line 22:   let i = index(plist, c)
line 23:   if i < 0
line 24:     " not found, in Insert mode try character before the cursor
line 25:     if c_col > 1 && (mode() == 'i' || mode() == 'R')
line 26:       let before = strlen(c_before)
line 27:       let c = c_before
line 28:       let i = index(plist, c)
line 29:     endif
line 30:     if i < 0
line 31:       " not found, nothing to do
line 32:       return
<SNR>24_Highlight_Matching_Pair returning #0

continuing in CursorMovedI Autocommands for "*"

Executing CursorMovedI Autocommands for "*"
autocommand <Lua 224: vim/_editor.lua:0>

Executing: 
Executing CursorMovedI Autocommands for "*"
autocommand call v:lua.require'lualine'.refresh({'kind': 'window', 'place': ['statusline'], 'trigger': 'autocmd'})

Executing: call v:lua.require'lualine'.refresh({'kind': 'window', 'place': ['statusline'], 'trigger': 'autocmd'})
Executing CursorMovedI Autocommands for "*"
autocommand <Lua 890: ~/.local/share/nvim/lazy/blink.cmp/lua/blink/cmp/lib/buffer_events.lua:88>

Executing: 
autocommand <Lua 905: ~/.local/share/nvim/lazy/blink.cmp/lua/blink/cmp/completion/windows/menu.lua:62>

Executing: 
Executing TextChangedI Autocommands for "*"
autocommand call s:Highlight_Matching_Pair()

Executing: call s:Highlight_Matching_Pair()
calling <SNR>24_Highlight_Matching_Pair()

line 1:   if !exists("w:matchparen_ids")
line 2:     let w:matchparen_ids = []
line 3:   endif
line 4:   " Remove any previous match.
line 5:   call s:Remove_Matches()
calling <SNR>24_Remove_Matches()

line 1:   if exists('w:paren_hl_on') && w:paren_hl_on
line 2:     while !empty(w:matchparen_ids)
line 3:       silent! call remove(w:matchparen_ids, 0)->matchdelete()
line 4:     endwhile
line 5:     let w:paren_hl_on = 0
line 6:   endif
<SNR>24_Remove_Matches returning #0

continuing in <SNR>24_Highlight_Matching_Pair

line 6: 
line 7:   " Avoid that we remove the popup menu.
line 8:   " Return when there are no colors (looks like the cursor jumps).
line 9:   if pumvisible() || (&t_Co < 8 && !has("gui_running"))
line 10:     return
line 11:   endif
line 12: 
line 13:   " Get the character under the cursor and check if it's in 'matchpairs'.
line 14:   let c_lnum = line('.')
line 15:   let c_col = col('.')
line 16:   let before = 0
line 17: 
line 18:   let text = getline(c_lnum)
line 19:   let c_before = text->strpart(0, c_col - 1)->slice(-1)
line 20:   let c = text->strpart(c_col - 1)->slice(0, 1)
line 21:   let plist = split(&matchpairs, '.\zs[:,]')
line 22:   let i = index(plist, c)
line 23:   if i < 0
line 24:     " not found, in Insert mode try character before the cursor
line 25:     if c_col > 1 && (mode() == 'i' || mode() == 'R')
line 26:       let before = strlen(c_before)
line 27:       let c = c_before
line 28:       let i = index(plist, c)
line 29:     endif
line 30:     if i < 0
line 31:       " not found, nothing to do
line 32:       return
<SNR>24_Highlight_Matching_Pair returning #0

continuing in TextChangedI Autocommands for "*"

Executing TextChangedI Autocommands for "*"
autocommand <Lua 218: ~/.local/share/nvim/lazy/snacks.nvim/lua/snacks/scroll.lua:185>

Executing: 
Executing TextChangedI Autocommands for "*"
autocommand <Lua 348: ~/.local/share/nvim/lazy/trouble.nvim/lua/trouble/sources/lsp.lua:40>

Executing: 
Executing TextChangedI Autocommands for "<buffer=3>"
autocommand <Lua 628: ~/.local/share/nvim/lazy/snacks.nvim/lua/snacks/win.lua:487>

Executing: 
Executing TextChangedI Autocommands for "*"
autocommand <Lua 935: ~/.local/share/nvim/lazy/blink.cmp/lua/blink/cmp/lib/buffer_events.lua:51>

Executing: 
Searching for "parser/cpp.*" in runtime path
Searching for "/Users/hvidsten/.config/nvim/parser/cpp.*"
Searching for "/Users/hvidsten/.local/share/nvim/site/parser/cpp.*"
Searching for "queries/cpp/injections.scm" in runtime path
Searching for "/Users/hvidsten/.config/nvim/queries/cpp/injections.scm"
Searching for "/Users/hvidsten/.local/share/nvim/site/queries/cpp/injections.scm"
Searching for "/Users/hvidsten/.local/share/nvim/lazy/lazy.nvim/queries/cpp/injections.scm"
Searching for "/Users/hvidsten/.local/share/nvim/lazy/friendly-snippets/queries/cpp/injections.scm"
Searching for "/Users/hvidsten/.local/share/nvim/lazy/blink.cmp/queries/cpp/injections.scm"
Searching for "/Users/hvidsten/.local/share/nvim/lazy/mini.icons/queries/cpp/injections.scm"
Searching for "/Users/hvidsten/.local/share/nvim/lazy/trouble.nvim/queries/cpp/injections.scm"
Searching for "/Users/hvidsten/.local/share/nvim/lazy/lualine.nvim/queries/cpp/injections.scm"
Searching for "/Users/hvidsten/.local/share/nvim/lazy/flash.nvim/queries/cpp/injections.scm"
Searching for "/Users/hvidsten/.local/share/nvim/lazy/nvim-treesitter/queries/cpp/injections.scm"
Searching for "/Users/hvidsten/.local/share/nvim/lazy/nvim-treesitter-textobjects/queries/cpp/injections.scm"
Searching for "/Users/hvidsten/.local/share/nvim/lazy/mini.ai/queries/cpp/injections.scm"
Searching for "/Users/hvidsten/.local/share/nvim/lazy/ts-comments.nvim/queries/cpp/injections.scm"
Searching for "/Users/hvidsten/.local/share/nvim/lazy/mini.pairs/queries/cpp/injections.scm"
Searching for "/Users/hvidsten/.local/share/nvim/lazy/bufferline.nvim/queries/cpp/injections.scm"
Searching for "/Users/hvidsten/.local/share/nvim/lazy/which-key.nvim/queries/cpp/injections.scm"
Searching for "/Users/hvidsten/.local/share/nvim/lazy/snacks.nvim/queries/cpp/injections.scm"
Searching for "/Users/hvidsten/.local/share/nvim/lazy/tokyonight.nvim/queries/cpp/injections.scm"
Searching for "/Users/hvidsten/.local/share/nvim/lazy/LazyVim/queries/cpp/injections.scm"
Searching for "/opt/homebrew/Cellar/neovim/0.11.5_1/share/nvim/runtime/queries/cpp/injections.scm"
Searching for "/opt/homebrew/Cellar/neovim/0.11.5_1/share/nvim/runtime/pack/dist/opt/netrw/queries/cpp/injections.scm"
Searching for "/opt/homebrew/Cellar/neovim/0.11.5_1/share/nvim/runtime/pack/dist/opt/matchit/queries/cpp/injections.scm"
Searching for "/opt/homebrew/Cellar/neovim/0.11.5_1/lib/nvim/queries/cpp/injections.scm"
Searching for "/Users/hvidsten/.local/state/nvim/lazy/readme/queries/cpp/injections.scm"
Searching for "queries/c/injections.scm" in runtime path
Searching for "/Users/hvidsten/.config/nvim/queries/c/injections.scm"
Searching for "/Users/hvidsten/.local/share/nvim/site/queries/c/injections.scm"
Searching for "/Users/hvidsten/.local/share/nvim/lazy/lazy.nvim/queries/c/injections.scm"
Searching for "/Users/hvidsten/.local/share/nvim/lazy/friendly-snippets/queries/c/injections.scm"
Searching for "/Users/hvidsten/.local/share/nvim/lazy/blink.cmp/queries/c/injections.scm"
Searching for "/Users/hvidsten/.local/share/nvim/lazy/mini.icons/queries/c/injections.scm"
Searching for "/Users/hvidsten/.local/share/nvim/lazy/trouble.nvim/queries/c/injections.scm"
Searching for "/Users/hvidsten/.local/share/nvim/lazy/lualine.nvim/queries/c/injections.scm"
Searching for "/Users/hvidsten/.local/share/nvim/lazy/flash.nvim/queries/c/injections.scm"
Searching for "/Users/hvidsten/.local/share/nvim/lazy/nvim-treesitter/queries/c/injections.scm"
Searching for "/Users/hvidsten/.local/share/nvim/lazy/nvim-treesitter-textobjects/queries/c/injections.scm"
Searching for "/Users/hvidsten/.local/share/nvim/lazy/mini.ai/queries/c/injections.scm"
Searching for "/Users/hvidsten/.local/share/nvim/lazy/ts-comments.nvim/queries/c/injections.scm"
Searching for "/Users/hvidsten/.local/share/nvim/lazy/mini.pairs/queries/c/injections.scm"
Searching for "/Users/hvidsten/.local/share/nvim/lazy/bufferline.nvim/queries/c/injections.scm"
Searching for "/Users/hvidsten/.local/share/nvim/lazy/which-key.nvim/queries/c/injections.scm"
Searching for "/Users/hvidsten/.local/share/nvim/lazy/snacks.nvim/queries/c/injections.scm"
Searching for "/Users/hvidsten/.local/share/nvim/lazy/tokyonight.nvim/queries/c/injections.scm"
Searching for "/Users/hvidsten/.local/share/nvim/lazy/LazyVim/queries/c/injections.scm"
Searching for "/opt/homebrew/Cellar/neovim/0.11.5_1/share/nvim/runtime/queries/c/injections.scm"
Searching for "/opt/homebrew/Cellar/neovim/0.11.5_1/share/nvim/runtime/pack/dist/opt/netrw/queries/c/injections.scm"
Searching for "/opt/homebrew/Cellar/neovim/0.11.5_1/share/nvim/runtime/pack/dist/opt/matchit/queries/c/injections.scm"
Searching for "/opt/homebrew/Cellar/neovim/0.11.5_1/lib/nvim/queries/c/injections.scm"
Searching for "/Users/hvidsten/.local/state/nvim/lazy/readme/queries/c/injections.scm"
Searching for "queries/cpp/highlights.scm" in runtime path
Searching for "/Users/hvidsten/.config/nvim/queries/cpp/highlights.scm"
Searching for "/Users/hvidsten/.local/share/nvim/site/queries/cpp/highlights.scm"
Searching for "/Users/hvidsten/.local/share/nvim/lazy/lazy.nvim/queries/cpp/highlights.scm"
Searching for "/Users/hvidsten/.local/share/nvim/lazy/friendly-snippets/queries/cpp/highlights.scm"
Searching for "/Users/hvidsten/.local/share/nvim/lazy/blink.cmp/queries/cpp/highlights.scm"
Searching for "/Users/hvidsten/.local/share/nvim/lazy/mini.icons/queries/cpp/highlights.scm"
Searching for "/Users/hvidsten/.local/share/nvim/lazy/trouble.nvim/queries/cpp/highlights.scm"
Searching for "/Users/hvidsten/.local/share/nvim/lazy/lualine.nvim/queries/cpp/highlights.scm"
Searching for "/Users/hvidsten/.local/share/nvim/lazy/flash.nvim/queries/cpp/highlights.scm"
Searching for "/Users/hvidsten/.local/share/nvim/lazy/nvim-treesitter/queries/cpp/highlights.scm"
Searching for "/Users/hvidsten/.local/share/nvim/lazy/nvim-treesitter-textobjects/queries/cpp/highlights.scm"
Searching for "/Users/hvidsten/.local/share/nvim/lazy/mini.ai/queries/cpp/highlights.scm"
Searching for "/Users/hvidsten/.local/share/nvim/lazy/ts-comments.nvim/queries/cpp/highlights.scm"
Searching for "/Users/hvidsten/.local/share/nvim/lazy/mini.pairs/queries/cpp/highlights.scm"
Searching for "/Users/hvidsten/.local/share/nvim/lazy/bufferline.nvim/queries/cpp/highlights.scm"
Searching for "/Users/hvidsten/.local/share/nvim/lazy/which-key.nvim/queries/cpp/highlights.scm"
Searching for "/Users/hvidsten/.local/share/nvim/lazy/snacks.nvim/queries/cpp/highlights.scm"
Searching for "/Users/hvidsten/.local/share/nvim/lazy/tokyonight.nvim/queries/cpp/highlights.scm"
Searching for "/Users/hvidsten/.local/share/nvim/lazy/LazyVim/queries/cpp/highlights.scm"
Searching for "/opt/homebrew/Cellar/neovim/0.11.5_1/share/nvim/runtime/queries/cpp/highlights.scm"
Searching for "/opt/homebrew/Cellar/neovim/0.11.5_1/share/nvim/runtime/pack/dist/opt/netrw/queries/cpp/highlights.scm"
Searching for "/opt/homebrew/Cellar/neovim/0.11.5_1/share/nvim/runtime/pack/dist/opt/matchit/queries/cpp/highlights.scm"
Searching for "/opt/homebrew/Cellar/neovim/0.11.5_1/lib/nvim/queries/cpp/highlights.scm"
Searching for "/Users/hvidsten/.local/state/nvim/lazy/readme/queries/cpp/highlights.scm"
Searching for "queries/c/highlights.scm" in runtime path
Searching for "/Users/hvidsten/.config/nvim/queries/c/highlights.scm"
Searching for "/Users/hvidsten/.local/share/nvim/site/queries/c/highlights.scm"
Searching for "/Users/hvidsten/.local/share/nvim/lazy/lazy.nvim/queries/c/highlights.scm"
Searching for "/Users/hvidsten/.local/share/nvim/lazy/friendly-snippets/queries/c/highlights.scm"
Searching for "/Users/hvidsten/.local/share/nvim/lazy/blink.cmp/queries/c/highlights.scm"
Searching for "/Users/hvidsten/.local/share/nvim/lazy/mini.icons/queries/c/highlights.scm"
Searching for "/Users/hvidsten/.local/share/nvim/lazy/trouble.nvim/queries/c/highlights.scm"
Searching for "/Users/hvidsten/.local/share/nvim/lazy/lualine.nvim/queries/c/highlights.scm"
Searching for "/Users/hvidsten/.local/share/nvim/lazy/flash.nvim/queries/c/highlights.scm"
Searching for "/Users/hvidsten/.local/share/nvim/lazy/nvim-treesitter/queries/c/highlights.scm"
Searching for "/Users/hvidsten/.local/share/nvim/lazy/nvim-treesitter-textobjects/queries/c/highlights.scm"
Searching for "/Users/hvidsten/.local/share/nvim/lazy/mini.ai/queries/c/highlights.scm"
Searching for "/Users/hvidsten/.local/share/nvim/lazy/ts-comments.nvim/queries/c/highlights.scm"
Searching for "/Users/hvidsten/.local/share/nvim/lazy/mini.pairs/queries/c/highlights.scm"
Searching for "/Users/hvidsten/.local/share/nvim/lazy/bufferline.nvim/queries/c/highlights.scm"
Searching for "/Users/hvidsten/.local/share/nvim/lazy/which-key.nvim/queries/c/highlights.scm"
Searching for "/Users/hvidsten/.local/share/nvim/lazy/snacks.nvim/queries/c/highlights.scm"
Searching for "/Users/hvidsten/.local/share/nvim/lazy/tokyonight.nvim/queries/c/highlights.scm"
Searching for "/Users/hvidsten/.local/share/nvim/lazy/LazyVim/queries/c/highlights.scm"
Searching for "/opt/homebrew/Cellar/neovim/0.11.5_1/share/nvim/runtime/queries/c/highlights.scm"
Searching for "/opt/homebrew/Cellar/neovim/0.11.5_1/share/nvim/runtime/pack/dist/opt/netrw/queries/c/highlights.scm"
Searching for "/opt/homebrew/Cellar/neovim/0.11.5_1/share/nvim/runtime/pack/dist/opt/matchit/queries/c/highlights.scm"
Searching for "/opt/homebrew/Cellar/neovim/0.11.5_1/lib/nvim/queries/c/highlights.scm"
Searching for "/Users/hvidsten/.local/state/nvim/lazy/readme/queries/c/highlights.scm"
Executing Syntax Autocommands for "*"
autocommand call s:SynSet()

Executing: call s:SynSet()
calling <SNR>32_SynSet()

line 1:   " clear syntax for :set syntax=OFF  and any syntax name that doesn't exist
line 2:   syn clear
line 3:   if exists("b:current_syntax")
line 4:     unlet b:current_syntax
line 5:   endif
line 6: 
line 7:   0verbose let s = expand("<amatch>")
line 8:   if s == "ON"
line 9:     " :set syntax=ON
line 10:     if &filetype == ""
line 11:       echohl ErrorMsg
line 12:       echo "filetype unknown"
line 13:       echohl None
line 14:     endif
line 15:     let s = &filetype
line 16:   elseif s == "OFF"
line 17:     let s = ""
line 18:   endif
line 19: 
line 20:   if s != ""
line 21:     " Load the syntax file(s).  When there are several, separated by dots,
line 22:     " load each in sequence.  Skip empty entries.
line 23:     for name in split(s, '\.')
line 24:       if !empty(name)
line 25:         " XXX: "[.]" in the first pattern makes it a wildcard on Windows
line 26:         exe $'runtime! syntax/{name}[.]{{vim,lua}} syntax/{name}/*.{{vim,lua}}'
line 27:       endif
line 28:     endfor
line 29:   endif
<SNR>32_SynSet returning #0

continuing in Syntax Autocommands for "*"

Executing InsertCharPre Autocommands for "*"
autocommand <Lua 892: ~/.local/share/nvim/lazy/blink.cmp/lua/blink/cmp/lib/buffer_events.lua:148>

Executing: 
Executing InsertCharPre Autocommands for "*"
autocommand <Lua 892: ~/.local/share/nvim/lazy/blink.cmp/lua/blink/cmp/lib/buffer_events.lua:148>

Executing: 
Executing CursorMovedI Autocommands for "*"
autocommand call s:Highlight_Matching_Pair()

Executing: call s:Highlight_Matching_Pair()
calling <SNR>24_Highlight_Matching_Pair()

line 1:   if !exists("w:matchparen_ids")
line 2:     let w:matchparen_ids = []
line 3:   endif
line 4:   " Remove any previous match.
line 5:   call s:Remove_Matches()
calling <SNR>24_Remove_Matches()

line 1:   if exists('w:paren_hl_on') && w:paren_hl_on
line 2:     while !empty(w:matchparen_ids)
line 3:       silent! call remove(w:matchparen_ids, 0)->matchdelete()
line 4:     endwhile
line 5:     let w:paren_hl_on = 0
line 6:   endif
<SNR>24_Remove_Matches returning #0

continuing in <SNR>24_Highlight_Matching_Pair

line 6: 
line 7:   " Avoid that we remove the popup menu.
line 8:   " Return when there are no colors (looks like the cursor jumps).
line 9:   if pumvisible() || (&t_Co < 8 && !has("gui_running"))
line 10:     return
line 11:   endif
line 12: 
line 13:   " Get the character under the cursor and check if it's in 'matchpairs'.
line 14:   let c_lnum = line('.')
line 15:   let c_col = col('.')
line 16:   let before = 0
line 17: 
line 18:   let text = getline(c_lnum)
line 19:   let c_before = text->strpart(0, c_col - 1)->slice(-1)
line 20:   let c = text->strpart(c_col - 1)->slice(0, 1)
line 21:   let plist = split(&matchpairs, '.\zs[:,]')
line 22:   let i = index(plist, c)
line 23:   if i < 0
line 24:     " not found, in Insert mode try character before the cursor
line 25:     if c_col > 1 && (mode() == 'i' || mode() == 'R')
line 26:       let before = strlen(c_before)
line 27:       let c = c_before
line 28:       let i = index(plist, c)
line 29:     endif
line 30:     if i < 0
line 31:       " not found, nothing to do
line 32:       return
<SNR>24_Highlight_Matching_Pair returning #0

continuing in CursorMovedI Autocommands for "*"

Executing CursorMovedI Autocommands for "*"
autocommand <Lua 224: vim/_editor.lua:0>

Executing: 
Executing CursorMovedI Autocommands for "*"
autocommand call v:lua.require'lualine'.refresh({'kind': 'window', 'place': ['statusline'], 'trigger': 'autocmd'})

Executing: call v:lua.require'lualine'.refresh({'kind': 'window', 'place': ['statusline'], 'trigger': 'autocmd'})
Executing CursorMovedI Autocommands for "*"
autocommand <Lua 890: ~/.local/share/nvim/lazy/blink.cmp/lua/blink/cmp/lib/buffer_events.lua:88>

Executing: 
autocommand <Lua 905: ~/.local/share/nvim/lazy/blink.cmp/lua/blink/cmp/completion/windows/menu.lua:62>

Executing: 
Executing TextChangedI Autocommands for "*"
autocommand call s:Highlight_Matching_Pair()

Executing: call s:Highlight_Matching_Pair()
calling <SNR>24_Highlight_Matching_Pair()

line 1:   if !exists("w:matchparen_ids")
line 2:     let w:matchparen_ids = []
line 3:   endif
line 4:   " Remove any previous match.
line 5:   call s:Remove_Matches()
calling <SNR>24_Remove_Matches()

line 1:   if exists('w:paren_hl_on') && w:paren_hl_on
line 2:     while !empty(w:matchparen_ids)
line 3:       silent! call remove(w:matchparen_ids, 0)->matchdelete()
line 4:     endwhile
line 5:     let w:paren_hl_on = 0
line 6:   endif
<SNR>24_Remove_Matches returning #0

continuing in <SNR>24_Highlight_Matching_Pair

line 6: 
line 7:   " Avoid that we remove the popup menu.
line 8:   " Return when there are no colors (looks like the cursor jumps).
line 9:   if pumvisible() || (&t_Co < 8 && !has("gui_running"))
line 10:     return
line 11:   endif
line 12: 
line 13:   " Get the character under the cursor and check if it's in 'matchpairs'.
line 14:   let c_lnum = line('.')
line 15:   let c_col = col('.')
line 16:   let before = 0
line 17: 
line 18:   let text = getline(c_lnum)
line 19:   let c_before = text->strpart(0, c_col - 1)->slice(-1)
line 20:   let c = text->strpart(c_col - 1)->slice(0, 1)
line 21:   let plist = split(&matchpairs, '.\zs[:,]')
line 22:   let i = index(plist, c)
line 23:   if i < 0
line 24:     " not found, in Insert mode try character before the cursor
line 25:     if c_col > 1 && (mode() == 'i' || mode() == 'R')
line 26:       let before = strlen(c_before)
line 27:       let c = c_before
line 28:       let i = index(plist, c)
line 29:     endif
line 30:     if i < 0
line 31:       " not found, nothing to do
line 32:       return
<SNR>24_Highlight_Matching_Pair returning #0

continuing in TextChangedI Autocommands for "*"

Executing TextChangedI Autocommands for "*"
autocommand <Lua 218: ~/.local/share/nvim/lazy/snacks.nvim/lua/snacks/scroll.lua:185>

Executing: 
Executing TextChangedI Autocommands for "*"
autocommand <Lua 348: ~/.local/share/nvim/lazy/trouble.nvim/lua/trouble/sources/lsp.lua:40>

Executing: 
Executing TextChangedI Autocommands for "<buffer=3>"
autocommand <Lua 628: ~/.local/share/nvim/lazy/snacks.nvim/lua/snacks/win.lua:487>

Executing: 
Executing TextChangedI Autocommands for "*"
autocommand <Lua 935: ~/.local/share/nvim/lazy/blink.cmp/lua/blink/cmp/lib/buffer_events.lua:51>

Executing: 
Searching for "parser/comment.*" in runtime path
Searching for "/Users/hvidsten/.config/nvim/parser/comment.*"
Searching for "/Users/hvidsten/.local/share/nvim/site/parser/comment.*"
Searching for "/Users/hvidsten/.local/share/nvim/lazy/lazy.nvim/parser/comment.*"
Searching for "/Users/hvidsten/.local/share/nvim/lazy/friendly-snippets/parser/comment.*"
Searching for "/Users/hvidsten/.local/share/nvim/lazy/blink.cmp/parser/comment.*"
Searching for "/Users/hvidsten/.local/share/nvim/lazy/mini.icons/parser/comment.*"
Searching for "/Users/hvidsten/.local/share/nvim/lazy/trouble.nvim/parser/comment.*"
Searching for "/Users/hvidsten/.local/share/nvim/lazy/lualine.nvim/parser/comment.*"
Searching for "/Users/hvidsten/.local/share/nvim/lazy/flash.nvim/parser/comment.*"
Searching for "/Users/hvidsten/.local/share/nvim/lazy/nvim-treesitter/parser/comment.*"
Searching for "/Users/hvidsten/.local/share/nvim/lazy/nvim-treesitter-textobjects/parser/comment.*"
Searching for "/Users/hvidsten/.local/share/nvim/lazy/mini.ai/parser/comment.*"
Searching for "/Users/hvidsten/.local/share/nvim/lazy/ts-comments.nvim/parser/comment.*"
Searching for "/Users/hvidsten/.local/share/nvim/lazy/mini.pairs/parser/comment.*"
Searching for "/Users/hvidsten/.local/share/nvim/lazy/bufferline.nvim/parser/comment.*"
Searching for "/Users/hvidsten/.local/share/nvim/lazy/which-key.nvim/parser/comment.*"
Searching for "/Users/hvidsten/.local/share/nvim/lazy/snacks.nvim/parser/comment.*"
Searching for "/Users/hvidsten/.local/share/nvim/lazy/tokyonight.nvim/parser/comment.*"
Searching for "/Users/hvidsten/.local/share/nvim/lazy/LazyVim/parser/comment.*"
Searching for "/opt/homebrew/Cellar/neovim/0.11.5_1/share/nvim/runtime/parser/comment.*"
Searching for "/opt/homebrew/Cellar/neovim/0.11.5_1/share/nvim/runtime/pack/dist/opt/netrw/parser/comment.*"
Searching for "/opt/homebrew/Cellar/neovim/0.11.5_1/share/nvim/runtime/pack/dist/opt/matchit/parser/comment.*"
Searching for "/opt/homebrew/Cellar/neovim/0.11.5_1/lib/nvim/parser/comment.*"
Searching for "/Users/hvidsten/.local/state/nvim/lazy/readme/parser/comment.*"
not found in runtime path: "parser/comment.*"
Executing ModeChanged Autocommands for "*"
autocommand call v:lua.require'lualine'.refresh({'kind': 'window', 'place': ['statusline'], 'trigger': 'autocmd'})

Executing: call v:lua.require'lualine'.refresh({'kind': 'window', 'place': ['statusline'], 'trigger': 'autocmd'})
Executing ModeChanged Autocommands for "*"
autocommand <Lua 504: ~/.local/share/nvim/lazy/which-key.nvim/lua/which-key/state.lua:93>

Executing: 
Executing ModeChanged Autocommands for "*"
autocommand <Lua 898: ~/.local/share/nvim/lazy/blink.cmp/lua/blink/cmp/lib/buffer_events.lua:129>

Executing: 
Executing InsertLeave Autocommands for "*"
autocommand <Lua 81: ~/.local/share/nvim/lazy/snacks.nvim/lua/snacks/scroll.lua:185>

Executing: 
Executing InsertLeave Autocommands for "*"
autocommand <Lua 947: ~/.local/share/nvim/lazy/blink.cmp/lua/blink/cmp/lib/buffer_events.lua:81>

Executing: 
Executing CursorMoved Autocommands for "*"
autocommand call s:Highlight_Matching_Pair()

Executing: call s:Highlight_Matching_Pair()
calling <SNR>24_Highlight_Matching_Pair()

line 1:   if !exists("w:matchparen_ids")
line 2:     let w:matchparen_ids = []
line 3:   endif
line 4:   " Remove any previous match.
line 5:   call s:Remove_Matches()
calling <SNR>24_Remove_Matches()

line 1:   if exists('w:paren_hl_on') && w:paren_hl_on
line 2:     while !empty(w:matchparen_ids)
line 3:       silent! call remove(w:matchparen_ids, 0)->matchdelete()
line 4:     endwhile
line 5:     let w:paren_hl_on = 0
line 6:   endif
<SNR>24_Remove_Matches returning #0

continuing in <SNR>24_Highlight_Matching_Pair

line 6: 
line 7:   " Avoid that we remove the popup menu.
line 8:   " Return when there are no colors (looks like the cursor jumps).
line 9:   if pumvisible() || (&t_Co < 8 && !has("gui_running"))
line 10:     return
line 11:   endif
line 12: 
line 13:   " Get the character under the cursor and check if it's in 'matchpairs'.
line 14:   let c_lnum = line('.')
line 15:   let c_col = col('.')
line 16:   let before = 0
line 17: 
line 18:   let text = getline(c_lnum)
line 19:   let c_before = text->strpart(0, c_col - 1)->slice(-1)
line 20:   let c = text->strpart(c_col - 1)->slice(0, 1)
line 21:   let plist = split(&matchpairs, '.\zs[:,]')
line 22:   let i = index(plist, c)
line 23:   if i < 0
line 24:     " not found, in Insert mode try character before the cursor
line 25:     if c_col > 1 && (mode() == 'i' || mode() == 'R')
line 26:       let before = strlen(c_before)
line 27:       let c = c_before
line 28:       let i = index(plist, c)
line 29:     endif
line 30:     if i < 0
line 31:       " not found, nothing to do
line 32:       return
<SNR>24_Highlight_Matching_Pair returning #0

continuing in CursorMoved Autocommands for "*"

Executing CursorMoved Autocommands for "*"
autocommand <Lua 223: vim/_editor.lua:0>

Executing: 
Executing CursorMoved Autocommands for "*"
autocommand <Lua 390: ~/.local/share/nvim/lazy/flash.nvim/lua/flash/plugins/char.lua:142>

Executing: 
Executing CursorMoved Autocommands for "*"
autocommand <Lua 358: ~/.local/share/nvim/lazy/trouble.nvim/lua/trouble/view/section.lua:148>

Executing: 
Executing CursorMoved Autocommands for "*"
autocommand call v:lua.require'lualine'.refresh({'kind': 'window', 'place': ['statusline'], 'trigger': 'autocmd'})

Executing: call v:lua.require'lualine'.refresh({'kind': 'window', 'place': ['statusline'], 'trigger': 'autocmd'})
Executing CursorMoved Autocommands for "*"
autocommand <Lua 934: ~/.local/share/nvim/lazy/blink.cmp/lua/blink/cmp/lib/buffer_events.lua:88>

Executing: 
Executing BufLeave Autocommands for "*"
autocommand call s:Remove_Matches()

Executing: call s:Remove_Matches()
calling <SNR>24_Remove_Matches()

line 1:   if exists('w:paren_hl_on') && w:paren_hl_on
line 2:     while !empty(w:matchparen_ids)
line 3:       silent! call remove(w:matchparen_ids, 0)->matchdelete()
line 4:     endwhile
line 5:     let w:paren_hl_on = 0
line 6:   endif
<SNR>24_Remove_Matches returning #0

continuing in BufLeave Autocommands for "*"

Executing BufLeave Autocommands for "*"
autocommand <Lua 389: ~/.local/share/nvim/lazy/flash.nvim/lua/flash/plugins/char.lua:142>

Executing: 
Executing BufLeave Autocommands for "*"
autocommand <Lua 899: ~/.local/share/nvim/lazy/blink.cmp/lua/blink/cmp/lib/buffer_events.lua:129>

Executing: 
Executing WinLeave Autocommands for "*"
autocommand call s:Remove_Matches()

Executing: call s:Remove_Matches()
calling <SNR>24_Remove_Matches()

line 1:   if exists('w:paren_hl_on') && w:paren_hl_on
line 2:     while !empty(w:matchparen_ids)
line 3:       silent! call remove(w:matchparen_ids, 0)->matchdelete()
line 4:     endwhile
line 5:     let w:paren_hl_on = 0
line 6:   endif
<SNR>24_Remove_Matches returning #0

continuing in WinLeave Autocommands for "*"

Executing WinLeave Autocommands for "*"
autocommand <Lua 737: ~/.local/share/nvim/lazy/snacks.nvim/lua/snacks/win.lua:487>

Executing: 
Executing WinLeave Autocommands for "*"
autocommand <Lua 608: ~/.local/share/nvim/lazy/snacks.nvim/lua/snacks/win.lua:487>

Executing: 
Executing WinEnter Autocommands for "*"
autocommand call s:Highlight_Matching_Pair()

Executing: call s:Highlight_Matching_Pair()
calling <SNR>24_Highlight_Matching_Pair()

line 1:   if !exists("w:matchparen_ids")
line 2:     let w:matchparen_ids = []
line 3:   endif
line 4:   " Remove any previous match.
line 5:   call s:Remove_Matches()
calling <SNR>24_Remove_Matches()

line 1:   if exists('w:paren_hl_on') && w:paren_hl_on
line 2:     while !empty(w:matchparen_ids)
line 3:       silent! call remove(w:matchparen_ids, 0)->matchdelete()
line 4:     endwhile
line 5:     let w:paren_hl_on = 0
line 6:   endif
<SNR>24_Remove_Matches returning #0

continuing in <SNR>24_Highlight_Matching_Pair

line 6: 
line 7:   " Avoid that we remove the popup menu.
line 8:   " Return when there are no colors (looks like the cursor jumps).
line 9:   if pumvisible() || (&t_Co < 8 && !has("gui_running"))
line 10:     return
line 11:   endif
line 12: 
line 13:   " Get the character under the cursor and check if it's in 'matchpairs'.
line 14:   let c_lnum = line('.')
line 15:   let c_col = col('.')
line 16:   let before = 0
line 17: 
line 18:   let text = getline(c_lnum)
line 19:   let c_before = text->strpart(0, c_col - 1)->slice(-1)
line 20:   let c = text->strpart(c_col - 1)->slice(0, 1)
line 21:   let plist = split(&matchpairs, '.\zs[:,]')
line 22:   let i = index(plist, c)
line 23:   if i < 0
line 24:     " not found, in Insert mode try character before the cursor
line 25:     if c_col > 1 && (mode() == 'i' || mode() == 'R')
line 26:       let before = strlen(c_before)
line 27:       let c = c_before
line 28:       let i = index(plist, c)
line 29:     endif
line 30:     if i < 0
line 31:       " not found, nothing to do
line 32:       return
<SNR>24_Highlight_Matching_Pair returning #0

continuing in WinEnter Autocommands for "*"

Executing WinEnter Autocommands for "*"
autocommand <Lua 258: ~/.local/share/nvim/lazy/snacks.nvim/lua/snacks/dashboard.lua:267>

Executing: 
autocommand <Lua 273: ~/.local/share/nvim/lazy/snacks.nvim/lua/snacks/dashboard.lua:1206>

Executing: 
Executing WinEnter Autocommands for "*"
autocommand <Lua 319: ~/.local/share/nvim/lazy/trouble.nvim/lua/trouble/view/main.lua:16>

Executing: 
Executing WinEnter Autocommands for "*"
autocommand call v:lua.require'lualine'.refresh({'kind': 'window', 'place': ['statusline'], 'trigger': 'autocmd'})

Executing: call v:lua.require'lualine'.refresh({'kind': 'window', 'place': ['statusline'], 'trigger': 'autocmd'})
Executing WinEnter Autocommands for "*"
autocommand <Lua 739: ~/.local/share/nvim/lazy/snacks.nvim/lua/snacks/win.lua:487>

Executing: 
autocommand <Lua 738: ~/.local/share/nvim/lazy/snacks.nvim/lua/snacks/win.lua:487>

Executing: 
autocommand <Lua 736: ~/.local/share/nvim/lazy/snacks.nvim/lua/snacks/win.lua:487>

Executing: 
Executing WinEnter Autocommands for "*"
autocommand <Lua 688: ~/.local/share/nvim/lazy/snacks.nvim/lua/snacks/win.lua:487>

Executing: 
Executing BufEnter Autocommands for "*"
autocommand <Lua 254: ~/.local/share/nvim/lazy/snacks.nvim/lua/snacks/explorer/init.lua:33>

Executing: 
Executing BufEnter Autocommands for "*"
autocommand <Lua 303: ~/.local/share/nvim/lazy/bufferline.nvim/lua/bufferline.lua:141>

Executing: 
Executing BufEnter Autocommands for "*"
autocommand <Lua 318: ~/.local/share/nvim/lazy/trouble.nvim/lua/trouble/view/main.lua:16>

Executing: 
Executing BufEnter Autocommands for "*"
autocommand <Lua 354: ~/.local/share/nvim/lazy/trouble.nvim/lua/trouble/view/section.lua:148>

Executing: 
Executing BufEnter Autocommands for "*"
autocommand lua require'lualine.components.branch.git_branch'.find_git_dir()

Executing: lua require'lualine.components.branch.git_branch'.find_git_dir()
Executing BufEnter Autocommands for "*"
autocommand call v:lua.require'lualine'.refresh({'kind': 'window', 'place': ['statusline'], 'trigger': 'autocmd'})

Executing: call v:lua.require'lualine'.refresh({'kind': 'window', 'place': ['statusline'], 'trigger': 'autocmd'})
Executing BufEnter Autocommands for "*"
autocommand <Lua 497: ~/.local/share/nvim/lazy/LazyVim/lua/lazyvim/util/root.lua:165>

Executing: 
Executing BufEnter Autocommands for "*"
autocommand <Lua 509: ~/.local/share/nvim/lazy/which-key.nvim/lua/which-key/state.lua:145>

Executing: 
sourcing "nvim_exec2()"
line 1: normal! m'
finished sourcing nvim_exec2()
Executing BufNew Autocommands for "*"
autocommand <Lua 508: ~/.local/share/nvim/lazy/which-key.nvim/lua/which-key/state.lua:135>

Executing: 
Executing BufAdd Autocommands for "*"
autocommand <Lua 300: ~/.local/share/nvim/lazy/bufferline.nvim/lua/bufferline.lua:129>

Executing: 
Executing BufAdd Autocommands for "*"
autocommand <Lua 306: ~/.local/share/nvim/lazy/LazyVim/lua/lazyvim/plugins/ui.lua:55>

Executing: 
sourcing "nvim_exec2()"
line 1: buffer 7
Executing BufLeave Autocommands for "*"
autocommand call s:Remove_Matches()

Executing: call s:Remove_Matches()
calling <SNR>24_Remove_Matches()

line 1:   if exists('w:paren_hl_on') && w:paren_hl_on
line 2:     while !empty(w:matchparen_ids)
line 3:       silent! call remove(w:matchparen_ids, 0)->matchdelete()
line 4:     endwhile
line 5:     let w:paren_hl_on = 0
line 6:   endif
<SNR>24_Remove_Matches returning #0

continuing in BufLeave Autocommands for "*"

Executing BufLeave Autocommands for "*"
autocommand <Lua 389: ~/.local/share/nvim/lazy/flash.nvim/lua/flash/plugins/char.lua:142>

Executing: 
Executing BufLeave Autocommands for "*"
autocommand <Lua 899: ~/.local/share/nvim/lazy/blink.cmp/lua/blink/cmp/lib/buffer_events.lua:129>

Executing: 
Executing BufWipeout Autocommands for "<buffer=1>"
autocommand <Lua 256: ~/.local/share/nvim/lazy/snacks.nvim/lua/snacks/dashboard.lua:260>

Executing User Autocommands for "SnacksDashboardClosed"
autocommand <Lua 272: vim/_editor.lua:0>

Executing: 
Executing: 
auto-removing autocommand: BufDelete <buffer=1>
auto-removing autocommand: BufWipeout <buffer=1>
auto-removing autocommand: CursorMoved <buffer=1>
Executing SwapExists Autocommands for "*"
autocommand <Lua 68: vim/_defaults.lua:0>

Executing: 
Found a swap file by the name "~/.local/state/nvim/swap/%Users%hvidsten%Documents%WORK%CGI_PROGRAMMING%git_opengl_renderer%src%main.cpp.swp"
          owned by: hvidsten   dated: Thu Jul 30 14:48:50 2026
         file name: ~hvidsten/Documents/WORK/CGI_PROGRAMMING/git_opengl_renderer/src/main.cpp
          modified: YES
         user name: hvidsten   host name: Rosss-MacBook-Pro.local
        process ID: 71680
While opening file "/Users/hvidsten/Documents/WORK/CGI_PROGRAMMING/git_opengl_renderer/src/main.cpp"
             dated: Thu Jul 30 14:50:04 2026
      NEWER than swap file!

(1) Another program may be editing the same file.  If this is the case,
    be careful not to end up with two different instances of the same
    file when making changes.  Quit, or continue with caution.
(2) An edit session for this file crashed.
    If this is the case, use ":recover" or "nvim -r /Users/hvidsten/Documents/WORK/CGI_PROGRAMMING/git_opengl_renderer/src/main.cpp"
    to recover the changes (see ":help recovery").
    If you did this already, delete the swap file "/Users/hvidsten/.local/state/nvim/swap/%Users%hvidsten%Documents%WORK%CGI_PROGRAMMING%git_opengl_renderer%src%main.cpp.swp"
    to avoid this message.
Swap file "~/.local/state/nvim/swap/%Users%hvidsten%Documents%WORK%CGI_PROGRAMMING%git_opengl_renderer%src%main.cpp.swp" already exists!

Executing ModeChanged Autocommands for "*"
autocommand call v:lua.require'lualine'.refresh({'kind': 'window', 'place': ['statusline'], 'trigger': 'autocmd'})

Executing: call v:lua.require'lualine'.refresh({'kind': 'window', 'place': ['statusline'], 'trigger': 'autocmd'})
Executing ModeChanged Autocommands for "*"
autocommand <Lua 504: ~/.local/share/nvim/lazy/which-key.nvim/lua/which-key/state.lua:93>

Executing: 
Executing ModeChanged Autocommands for "*"
autocommand <Lua 898: ~/.local/share/nvim/lazy/blink.cmp/lua/blink/cmp/lib/buffer_events.lua:129>

Executing: 
Executing BufReadPre Autocommands for "*"
autocommand <Lua 86: ~/.local/share/nvim/lazy/lazy.nvim/lua/lazy/core/handler/event.lua:72>

line 0: sourcing "nvim_exec2() called at BufReadPre Autocommands for "*":0"
line 1: augroup filetypedetect
finished sourcing nvim_exec2() called at BufReadPre Autocommands for "*":0
continuing in BufReadPre Autocommands for "*"
line 0: sourcing "nvim_exec2() called at BufReadPre Autocommands for "*":0"
line 1: augroup END
finished sourcing nvim_exec2() called at BufReadPre Autocommands for "*":0
continuing in BufReadPre Autocommands for "*"
line 0: sourcing "nvim_exec2() called at BufReadPre Autocommands for "*":0"
line 1: augroup filetypedetect
finished sourcing nvim_exec2() called at BufReadPre Autocommands for "*":0
continuing in BufReadPre Autocommands for "*"
line 0: sourcing "nvim_exec2() called at BufReadPre Autocommands for "*":0"
line 1: augroup END
finished sourcing nvim_exec2() called at BufReadPre Autocommands for "*":0
continuing in BufReadPre Autocommands for "*"
line 0: sourcing "nvim_exec2() called at BufReadPre Autocommands for "*":0"
line 1: source /Users/hvidsten/.local/share/nvim/lazy/nvim-lspconfig/plugin/lspconfig.lua
line 1: sourcing "/Users/hvidsten/.local/share/nvim/lazy/nvim-lspconfig/plugin/lspconfig.lua"
finished sourcing /Users/hvidsten/.local/share/nvim/lazy/nvim-lspconfig/plugin/lspconfig.lua
continuing in nvim_exec2() called at BufReadPre Autocommands for "*":0
finished sourcing nvim_exec2() called at BufReadPre Autocommands for "*":0
continuing in BufReadPre Autocommands for "*"
line 0: sourcing "nvim_exec2() called at BufReadPre Autocommands for "*":0"
line 1: augroup filetypedetect
finished sourcing nvim_exec2() called at BufReadPre Autocommands for "*":0
continuing in BufReadPre Autocommands for "*"
line 0: sourcing "nvim_exec2() called at BufReadPre Autocommands for "*":0"
line 1: augroup END
finished sourcing nvim_exec2() called at BufReadPre Autocommands for "*":0
continuing in BufReadPre Autocommands for "*"
Executing FileType Autocommands for "*"
autocommand <Lua 761: /opt/homebrew/Cellar/neovim/0.11.5_1/share/nvim/runtime/lua/vim/lsp.lua:627>

Executing: 
Executing FileType Autocommands for "*"
autocommand <Lua 761: /opt/homebrew/Cellar/neovim/0.11.5_1/share/nvim/runtime/lua/vim/lsp.lua:627>

Searching for "lsp/clangd.lua" in runtime path
Searching for "/Users/hvidsten/.config/nvim/lsp/clangd.lua"
Searching for "/Users/hvidsten/.local/share/nvim/site/lsp/clangd.lua"
Searching for "/Users/hvidsten/.local/share/nvim/lazy/lazy.nvim/lsp/clangd.lua"
Searching for "/Users/hvidsten/.local/share/nvim/lazy/mason-lspconfig.nvim/lsp/clangd.lua"
Searching for "/Users/hvidsten/.local/share/nvim/lazy/mason.nvim/lsp/clangd.lua"
Searching for "/Users/hvidsten/.local/share/nvim/lazy/nvim-lspconfig/lsp/clangd.lua"
Searching for "/Users/hvidsten/.local/share/nvim/lazy/friendly-snippets/lsp/clangd.lua"
Searching for "/Users/hvidsten/.local/share/nvim/lazy/blink.cmp/lsp/clangd.lua"
Searching for "/Users/hvidsten/.local/share/nvim/lazy/mini.icons/lsp/clangd.lua"
Searching for "/Users/hvidsten/.local/share/nvim/lazy/trouble.nvim/lsp/clangd.lua"
Searching for "/Users/hvidsten/.local/share/nvim/lazy/lualine.nvim/lsp/clangd.lua"
Searching for "/Users/hvidsten/.local/share/nvim/lazy/flash.nvim/lsp/clangd.lua"
Searching for "/Users/hvidsten/.local/share/nvim/lazy/nvim-treesitter/lsp/clangd.lua"
Searching for "/Users/hvidsten/.local/share/nvim/lazy/nvim-treesitter-textobjects/lsp/clangd.lua"
Searching for "/Users/hvidsten/.local/share/nvim/lazy/mini.ai/lsp/clangd.lua"
Searching for "/Users/hvidsten/.local/share/nvim/lazy/ts-comments.nvim/lsp/clangd.lua"
Searching for "/Users/hvidsten/.local/share/nvim/lazy/mini.pairs/lsp/clangd.lua"
Searching for "/Users/hvidsten/.local/share/nvim/lazy/bufferline.nvim/lsp/clangd.lua"
Searching for "/Users/hvidsten/.local/share/nvim/lazy/which-key.nvim/lsp/clangd.lua"
Searching for "/Users/hvidsten/.local/share/nvim/lazy/snacks.nvim/lsp/clangd.lua"
Searching for "/Users/hvidsten/.local/share/nvim/lazy/tokyonight.nvim/lsp/clangd.lua"
Searching for "/Users/hvidsten/.local/share/nvim/lazy/LazyVim/lsp/clangd.lua"
Searching for "/opt/homebrew/Cellar/neovim/0.11.5_1/share/nvim/runtime/lsp/clangd.lua"
Searching for "/opt/homebrew/Cellar/neovim/0.11.5_1/share/nvim/runtime/pack/dist/opt/netrw/lsp/clangd.lua"
Searching for "/opt/homebrew/Cellar/neovim/0.11.5_1/share/nvim/runtime/pack/dist/opt/matchit/lsp/clangd.lua"
Searching for "/opt/homebrew/Cellar/neovim/0.11.5_1/lib/nvim/lsp/clangd.lua"
Searching for "/Users/hvidsten/.local/state/nvim/lazy/readme/lsp/clangd.lua"
Searching for "/Users/hvidsten/.local/share/nvim/lazy/mason-lspconfig.nvim/after/lsp/clangd.lua"
Executing: 
Executing FileType Autocommands for "*"
autocommand <Lua 761: /opt/homebrew/Cellar/neovim/0.11.5_1/share/nvim/runtime/lua/vim/lsp.lua:627>

Executing: 
Executing FileType Autocommands for "*"
autocommand <Lua 761: /opt/homebrew/Cellar/neovim/0.11.5_1/share/nvim/runtime/lua/vim/lsp.lua:627>

Searching for "lsp/gopls.lua" in runtime path
Searching for "/Users/hvidsten/.config/nvim/lsp/gopls.lua"
Searching for "/Users/hvidsten/.local/share/nvim/site/lsp/gopls.lua"
Searching for "/Users/hvidsten/.local/share/nvim/lazy/lazy.nvim/lsp/gopls.lua"
Searching for "/Users/hvidsten/.local/share/nvim/lazy/mason-lspconfig.nvim/lsp/gopls.lua"
Searching for "/Users/hvidsten/.local/share/nvim/lazy/mason.nvim/lsp/gopls.lua"
Searching for "/Users/hvidsten/.local/share/nvim/lazy/nvim-lspconfig/lsp/gopls.lua"
Searching for "/Users/hvidsten/.local/share/nvim/lazy/friendly-snippets/lsp/gopls.lua"
Searching for "/Users/hvidsten/.local/share/nvim/lazy/blink.cmp/lsp/gopls.lua"
Searching for "/Users/hvidsten/.local/share/nvim/lazy/mini.icons/lsp/gopls.lua"
Searching for "/Users/hvidsten/.local/share/nvim/lazy/trouble.nvim/lsp/gopls.lua"
Searching for "/Users/hvidsten/.local/share/nvim/lazy/lualine.nvim/lsp/gopls.lua"
Searching for "/Users/hvidsten/.local/share/nvim/lazy/flash.nvim/lsp/gopls.lua"
Searching for "/Users/hvidsten/.local/share/nvim/lazy/nvim-treesitter/lsp/gopls.lua"
Searching for "/Users/hvidsten/.local/share/nvim/lazy/nvim-treesitter-textobjects/lsp/gopls.lua"
Searching for "/Users/hvidsten/.local/share/nvim/lazy/mini.ai/lsp/gopls.lua"
Searching for "/Users/hvidsten/.local/share/nvim/lazy/ts-comments.nvim/lsp/gopls.lua"
Searching for "/Users/hvidsten/.local/share/nvim/lazy/mini.pairs/lsp/gopls.lua"
Searching for "/Users/hvidsten/.local/share/nvim/lazy/bufferline.nvim/lsp/gopls.lua"
Searching for "/Users/hvidsten/.local/share/nvim/lazy/which-key.nvim/lsp/gopls.lua"
Searching for "/Users/hvidsten/.local/share/nvim/lazy/snacks.nvim/lsp/gopls.lua"
Searching for "/Users/hvidsten/.local/share/nvim/lazy/tokyonight.nvim/lsp/gopls.lua"
Searching for "/Users/hvidsten/.local/share/nvim/lazy/LazyVim/lsp/gopls.lua"
Searching for "/opt/homebrew/Cellar/neovim/0.11.5_1/share/nvim/runtime/lsp/gopls.lua"
Searching for "/opt/homebrew/Cellar/neovim/0.11.5_1/share/nvim/runtime/pack/dist/opt/netrw/lsp/gopls.lua"
Searching for "/opt/homebrew/Cellar/neovim/0.11.5_1/share/nvim/runtime/pack/dist/opt/matchit/lsp/gopls.lua"
Searching for "/opt/homebrew/Cellar/neovim/0.11.5_1/lib/nvim/lsp/gopls.lua"
Searching for "/Users/hvidsten/.local/state/nvim/lazy/readme/lsp/gopls.lua"
Searching for "/Users/hvidsten/.local/share/nvim/lazy/mason-lspconfig.nvim/after/lsp/gopls.lua"
Executing: 
Executing FileType Autocommands for "*"
autocommand <Lua 761: /opt/homebrew/Cellar/neovim/0.11.5_1/share/nvim/runtime/lua/vim/lsp.lua:627>

Executing: 
Executing FileType Autocommands for "*"
autocommand <Lua 761: /opt/homebrew/Cellar/neovim/0.11.5_1/share/nvim/runtime/lua/vim/lsp.lua:627>

Searching for "lsp/lua_ls.lua" in runtime path
Searching for "/Users/hvidsten/.config/nvim/lsp/lua_ls.lua"
Searching for "/Users/hvidsten/.local/share/nvim/site/lsp/lua_ls.lua"
Searching for "/Users/hvidsten/.local/share/nvim/lazy/lazy.nvim/lsp/lua_ls.lua"
Searching for "/Users/hvidsten/.local/share/nvim/lazy/mason-lspconfig.nvim/lsp/lua_ls.lua"
Searching for "/Users/hvidsten/.local/share/nvim/lazy/mason.nvim/lsp/lua_ls.lua"
Searching for "/Users/hvidsten/.local/share/nvim/lazy/nvim-lspconfig/lsp/lua_ls.lua"
Searching for "/Users/hvidsten/.local/share/nvim/lazy/friendly-snippets/lsp/lua_ls.lua"
Searching for "/Users/hvidsten/.local/share/nvim/lazy/blink.cmp/lsp/lua_ls.lua"
Searching for "/Users/hvidsten/.local/share/nvim/lazy/mini.icons/lsp/lua_ls.lua"
Searching for "/Users/hvidsten/.local/share/nvim/lazy/trouble.nvim/lsp/lua_ls.lua"
Searching for "/Users/hvidsten/.local/share/nvim/lazy/lualine.nvim/lsp/lua_ls.lua"
Searching for "/Users/hvidsten/.local/share/nvim/lazy/flash.nvim/lsp/lua_ls.lua"
Searching for "/Users/hvidsten/.local/share/nvim/lazy/nvim-treesitter/lsp/lua_ls.lua"
Searching for "/Users/hvidsten/.local/share/nvim/lazy/nvim-treesitter-textobjects/lsp/lua_ls.lua"
Searching for "/Users/hvidsten/.local/share/nvim/lazy/mini.ai/lsp/lua_ls.lua"
Searching for "/Users/hvidsten/.local/share/nvim/lazy/ts-comments.nvim/lsp/lua_ls.lua"
Searching for "/Users/hvidsten/.local/share/nvim/lazy/mini.pairs/lsp/lua_ls.lua"
Searching for "/Users/hvidsten/.local/share/nvim/lazy/bufferline.nvim/lsp/lua_ls.lua"
Searching for "/Users/hvidsten/.local/share/nvim/lazy/which-key.nvim/lsp/lua_ls.lua"
Searching for "/Users/hvidsten/.local/share/nvim/lazy/snacks.nvim/lsp/lua_ls.lua"
Searching for "/Users/hvidsten/.local/share/nvim/lazy/tokyonight.nvim/lsp/lua_ls.lua"
Searching for "/Users/hvidsten/.local/share/nvim/lazy/LazyVim/lsp/lua_ls.lua"
Searching for "/opt/homebrew/Cellar/neovim/0.11.5_1/share/nvim/runtime/lsp/lua_ls.lua"
Searching for "/opt/homebrew/Cellar/neovim/0.11.5_1/share/nvim/runtime/pack/dist/opt/netrw/lsp/lua_ls.lua"
Searching for "/opt/homebrew/Cellar/neovim/0.11.5_1/share/nvim/runtime/pack/dist/opt/matchit/lsp/lua_ls.lua"
Searching for "/opt/homebrew/Cellar/neovim/0.11.5_1/lib/nvim/lsp/lua_ls.lua"
Searching for "/Users/hvidsten/.local/state/nvim/lazy/readme/lsp/lua_ls.lua"
Searching for "/Users/hvidsten/.local/share/nvim/lazy/mason-lspconfig.nvim/after/lsp/lua_ls.lua"
Executing: 
Executing FileType Autocommands for "*"
autocommand <Lua 761: /opt/homebrew/Cellar/neovim/0.11.5_1/share/nvim/runtime/lua/vim/lsp.lua:627>

Executing: 
Executing FileType Autocommands for "*"
autocommand <Lua 761: /opt/homebrew/Cellar/neovim/0.11.5_1/share/nvim/runtime/lua/vim/lsp.lua:627>

Searching for "lsp/rust_analyzer.lua" in runtime path
Searching for "/Users/hvidsten/.config/nvim/lsp/rust_analyzer.lua"
Searching for "/Users/hvidsten/.local/share/nvim/site/lsp/rust_analyzer.lua"
Searching for "/Users/hvidsten/.local/share/nvim/lazy/lazy.nvim/lsp/rust_analyzer.lua"
Searching for "/Users/hvidsten/.local/share/nvim/lazy/mason-lspconfig.nvim/lsp/rust_analyzer.lua"
Searching for "/Users/hvidsten/.local/share/nvim/lazy/mason.nvim/lsp/rust_analyzer.lua"
Searching for "/Users/hvidsten/.local/share/nvim/lazy/nvim-lspconfig/lsp/rust_analyzer.lua"
Searching for "/Users/hvidsten/.local/share/nvim/lazy/friendly-snippets/lsp/rust_analyzer.lua"
Searching for "/Users/hvidsten/.local/share/nvim/lazy/blink.cmp/lsp/rust_analyzer.lua"
Searching for "/Users/hvidsten/.local/share/nvim/lazy/mini.icons/lsp/rust_analyzer.lua"
Searching for "/Users/hvidsten/.local/share/nvim/lazy/trouble.nvim/lsp/rust_analyzer.lua"
Searching for "/Users/hvidsten/.local/share/nvim/lazy/lualine.nvim/lsp/rust_analyzer.lua"
Searching for "/Users/hvidsten/.local/share/nvim/lazy/flash.nvim/lsp/rust_analyzer.lua"
Searching for "/Users/hvidsten/.local/share/nvim/lazy/nvim-treesitter/lsp/rust_analyzer.lua"
Searching for "/Users/hvidsten/.local/share/nvim/lazy/nvim-treesitter-textobjects/lsp/rust_analyzer.lua"
Searching for "/Users/hvidsten/.local/share/nvim/lazy/mini.ai/lsp/rust_analyzer.lua"
Searching for "/Users/hvidsten/.local/share/nvim/lazy/ts-comments.nvim/lsp/rust_analyzer.lua"
Searching for "/Users/hvidsten/.local/share/nvim/lazy/mini.pairs/lsp/rust_analyzer.lua"
Searching for "/Users/hvidsten/.local/share/nvim/lazy/bufferline.nvim/lsp/rust_analyzer.lua"
Searching for "/Users/hvidsten/.local/share/nvim/lazy/which-key.nvim/lsp/rust_analyzer.lua"
Searching for "/Users/hvidsten/.local/share/nvim/lazy/snacks.nvim/lsp/rust_analyzer.lua"
Searching for "/Users/hvidsten/.local/share/nvim/lazy/tokyonight.nvim/lsp/rust_analyzer.lua"
Searching for "/Users/hvidsten/.local/share/nvim/lazy/LazyVim/lsp/rust_analyzer.lua"
Searching for "/opt/homebrew/Cellar/neovim/0.11.5_1/share/nvim/runtime/lsp/rust_analyzer.lua"
Searching for "/opt/homebrew/Cellar/neovim/0.11.5_1/share/nvim/runtime/pack/dist/opt/netrw/lsp/rust_analyzer.lua"
Searching for "/opt/homebrew/Cellar/neovim/0.11.5_1/share/nvim/runtime/pack/dist/opt/matchit/lsp/rust_analyzer.lua"
Searching for "/opt/homebrew/Cellar/neovim/0.11.5_1/lib/nvim/lsp/rust_analyzer.lua"
Searching for "/Users/hvidsten/.local/state/nvim/lazy/readme/lsp/rust_analyzer.lua"
Searching for "/Users/hvidsten/.local/share/nvim/lazy/mason-lspconfig.nvim/after/lsp/rust_analyzer.lua"
Executing: 
line 0: sourcing "nvim_exec2() called at BufReadPre Autocommands for "*":0"
line 1: augroup filetypedetect
finished sourcing nvim_exec2() called at BufReadPre Autocommands for "*":0
continuing in BufReadPre Autocommands for "*"
line 0: sourcing "nvim_exec2() called at BufReadPre Autocommands for "*":0"
line 1: augroup END
finished sourcing nvim_exec2() called at BufReadPre Autocommands for "*":0
continuing in BufReadPre Autocommands for "*"
Executing: 
Executing BufReadPre Autocommands for "*"
autocommand <Lua 232: ~/.local/share/nvim/lazy/snacks.nvim/lua/snacks/init.lua:190>

Executing: 
Reading ShaDa file "/Users/hvidsten/.local/state/nvim/shada/main.shada" marks
Reading undo file: /Users/hvidsten/.local/state/nvim/undo/%Users%hvidsten%Documents%WORK%CGI_PROGRAMMING%git_opengl_renderer%src%main.cpp
Executing BufReadPost Autocommands for "*"
autocommand <Lua 152: ~/.local/share/nvim/lazy/lazy.nvim/lua/lazy/core/handler/event.lua:72>

line 0: sourcing "nvim_exec2() called at BufReadPost Autocommands for "*":0"
line 1: source /Users/hvidsten/.local/share/nvim/lazy/nvim-ts-autotag/plugin/nvim-ts-autotag.lua
line 1: sourcing "/Users/hvidsten/.local/share/nvim/lazy/nvim-ts-autotag/plugin/nvim-ts-autotag.lua"
finished sourcing /Users/hvidsten/.local/share/nvim/lazy/nvim-ts-autotag/plugin/nvim-ts-autotag.lua
continuing in nvim_exec2() called at BufReadPost Autocommands for "*":0
finished sourcing nvim_exec2() called at BufReadPost Autocommands for "*":0
continuing in BufReadPost Autocommands for "*"
line 0: sourcing "nvim_exec2() called at BufReadPost Autocommands for "*":0"
line 1: augroup filetypedetect
finished sourcing nvim_exec2() called at BufReadPost Autocommands for "*":0
continuing in BufReadPost Autocommands for "*"
line 0: sourcing "nvim_exec2() called at BufReadPost Autocommands for "*":0"
line 1: augroup END
finished sourcing nvim_exec2() called at BufReadPost Autocommands for "*":0
continuing in BufReadPost Autocommands for "*"
line 0: sourcing "nvim_exec2() called at BufReadPost Autocommands for "*":0"
line 1: augroup filetypedetect
finished sourcing nvim_exec2() called at BufReadPost Autocommands for "*":0
continuing in BufReadPost Autocommands for "*"
line 0: sourcing "nvim_exec2() called at BufReadPost Autocommands for "*":0"
line 1: augroup END
finished sourcing nvim_exec2() called at BufReadPost Autocommands for "*":0
continuing in BufReadPost Autocommands for "*"
line 0: sourcing "nvim_exec2() called at BufReadPost Autocommands for "*":0"
line 1: source /Users/hvidsten/.local/share/nvim/lazy/todo-comments.nvim/plugin/todo.vim
line 1: sourcing "/Users/hvidsten/.local/share/nvim/lazy/todo-comments.nvim/plugin/todo.vim"
line 1: command! -nargs=* TodoQuickFix lua require("todo-comments.search").setqflist(<q-args>)
line 2: command! -nargs=* TodoLocList lua require("todo-comments.search").setloclist(<q-args>)
line 3: command! -nargs=* TodoTelescope Telescope todo-comments todo <args>
line 4: command! -nargs=* TodoFzfLua lua require("todo-comments.fzf").todo() <args>
line 5: command! -nargs=* TodoTrouble Trouble todo <args>
finished sourcing /Users/hvidsten/.local/share/nvim/lazy/todo-comments.nvim/plugin/todo.vim
continuing in nvim_exec2() called at BufReadPost Autocommands for "*":0
finished sourcing nvim_exec2() called at BufReadPost Autocommands for "*":0
continuing in BufReadPost Autocommands for "*"
line 0: sourcing "nvim_exec2() called at BufReadPost Autocommands for "*":0"
line 1: augroup filetypedetect
finished sourcing nvim_exec2() called at BufReadPost Autocommands for "*":0
continuing in BufReadPost Autocommands for "*"
line 0: sourcing "nvim_exec2() called at BufReadPost Autocommands for "*":0"
line 1: augroup END
finished sourcing nvim_exec2() called at BufReadPost Autocommands for "*":0
continuing in BufReadPost Autocommands for "*"
line 0: sourcing "nvim_exec2() called at BufReadPost Autocommands for "*":0"
line 1: hi def TodoBgPERF guibg=#c099ff guifg=#222436 gui=BOLD
finished sourcing nvim_exec2() called at BufReadPost Autocommands for "*":0
continuing in BufReadPost Autocommands for "*"
line 0: sourcing "nvim_exec2() called at BufReadPost Autocommands for "*":0"
line 1: hi def TodoFgPERF guibg=NONE guifg=#c099ff gui=NONE
finished sourcing nvim_exec2() called at BufReadPost Autocommands for "*":0
continuing in BufReadPost Autocommands for "*"
line 0: sourcing "nvim_exec2() called at BufReadPost Autocommands for "*":0"
line 1: hi def TodoSignPERF guibg=#222436 guifg=#c099ff gui=NONE
finished sourcing nvim_exec2() called at BufReadPost Autocommands for "*":0
continuing in BufReadPost Autocommands for "*"
line 0: sourcing "nvim_exec2() called at BufReadPost Autocommands for "*":0"
line 1: hi def TodoBgTODO guibg=#0db9d7 guifg=#222436 gui=BOLD
finished sourcing nvim_exec2() called at BufReadPost Autocommands for "*":0
continuing in BufReadPost Autocommands for "*"
line 0: sourcing "nvim_exec2() called at BufReadPost Autocommands for "*":0"
line 1: hi def TodoFgTODO guibg=NONE guifg=#0db9d7 gui=NONE
finished sourcing nvim_exec2() called at BufReadPost Autocommands for "*":0
continuing in BufReadPost Autocommands for "*"
line 0: sourcing "nvim_exec2() called at BufReadPost Autocommands for "*":0"
line 1: hi def TodoSignTODO guibg=#222436 guifg=#0db9d7 gui=NONE
finished sourcing nvim_exec2() called at BufReadPost Autocommands for "*":0
continuing in BufReadPost Autocommands for "*"
line 0: sourcing "nvim_exec2() called at BufReadPost Autocommands for "*":0"
line 1: hi def TodoBgFIX guibg=#c53b53 guifg=#c8d3f5 gui=BOLD
finished sourcing nvim_exec2() called at BufReadPost Autocommands for "*":0
continuing in BufReadPost Autocommands for "*"
line 0: sourcing "nvim_exec2() called at BufReadPost Autocommands for "*":0"
line 1: hi def TodoFgFIX guibg=NONE guifg=#c53b53 gui=NONE
finished sourcing nvim_exec2() called at BufReadPost Autocommands for "*":0
continuing in BufReadPost Autocommands for "*"
line 0: sourcing "nvim_exec2() called at BufReadPost Autocommands for "*":0"
line 1: hi def TodoSignFIX guibg=#222436 guifg=#c53b53 gui=NONE
finished sourcing nvim_exec2() called at BufReadPost Autocommands for "*":0
continuing in BufReadPost Autocommands for "*"
line 0: sourcing "nvim_exec2() called at BufReadPost Autocommands for "*":0"
line 1: hi def TodoBgHACK guibg=#ffc777 guifg=#222436 gui=BOLD
finished sourcing nvim_exec2() called at BufReadPost Autocommands for "*":0
continuing in BufReadPost Autocommands for "*"
line 0: sourcing "nvim_exec2() called at BufReadPost Autocommands for "*":0"
line 1: hi def TodoFgHACK guibg=NONE guifg=#ffc777 gui=NONE
finished sourcing nvim_exec2() called at BufReadPost Autocommands for "*":0
continuing in BufReadPost Autocommands for "*"
line 0: sourcing "nvim_exec2() called at BufReadPost Autocommands for "*":0"
line 1: hi def TodoSignHACK guibg=#222436 guifg=#ffc777 gui=NONE
finished sourcing nvim_exec2() called at BufReadPost Autocommands for "*":0
continuing in BufReadPost Autocommands for "*"
line 0: sourcing "nvim_exec2() called at BufReadPost Autocommands for "*":0"
line 1: hi def TodoBgWARN guibg=#ffc777 guifg=#222436 gui=BOLD
finished sourcing nvim_exec2() called at BufReadPost Autocommands for "*":0
continuing in BufReadPost Autocommands for "*"
line 0: sourcing "nvim_exec2() called at BufReadPost Autocommands for "*":0"
line 1: hi def TodoFgWARN guibg=NONE guifg=#ffc777 gui=NONE
finished sourcing nvim_exec2() called at BufReadPost Autocommands for "*":0
continuing in BufReadPost Autocommands for "*"
line 0: sourcing "nvim_exec2() called at BufReadPost Autocommands for "*":0"
line 1: hi def TodoSignWARN guibg=#222436 guifg=#ffc777 gui=NONE
finished sourcing nvim_exec2() called at BufReadPost Autocommands for "*":0
continuing in BufReadPost Autocommands for "*"
line 0: sourcing "nvim_exec2() called at BufReadPost Autocommands for "*":0"
line 1: hi def TodoBgTEST guibg=#c099ff guifg=#222436 gui=BOLD
finished sourcing nvim_exec2() called at BufReadPost Autocommands for "*":0
continuing in BufReadPost Autocommands for "*"
line 0: sourcing "nvim_exec2() called at BufReadPost Autocommands for "*":0"
line 1: hi def TodoFgTEST guibg=NONE guifg=#c099ff gui=NONE
finished sourcing nvim_exec2() called at BufReadPost Autocommands for "*":0
continuing in BufReadPost Autocommands for "*"
line 0: sourcing "nvim_exec2() called at BufReadPost Autocommands for "*":0"
line 1: hi def TodoSignTEST guibg=#222436 guifg=#c099ff gui=NONE
finished sourcing nvim_exec2() called at BufReadPost Autocommands for "*":0
continuing in BufReadPost Autocommands for "*"
line 0: sourcing "nvim_exec2() called at BufReadPost Autocommands for "*":0"
line 1: hi def TodoBgNOTE guibg=#4fd6be guifg=#222436 gui=BOLD
finished sourcing nvim_exec2() called at BufReadPost Autocommands for "*":0
continuing in BufReadPost Autocommands for "*"
line 0: sourcing "nvim_exec2() called at BufReadPost Autocommands for "*":0"
line 1: hi def TodoFgNOTE guibg=NONE guifg=#4fd6be gui=NONE
finished sourcing nvim_exec2() called at BufReadPost Autocommands for "*":0
continuing in BufReadPost Autocommands for "*"
line 0: sourcing "nvim_exec2() called at BufReadPost Autocommands for "*":0"
line 1: hi def TodoSignNOTE guibg=#222436 guifg=#4fd6be gui=NONE
finished sourcing nvim_exec2() called at BufReadPost Autocommands for "*":0
continuing in BufReadPost Autocommands for "*"
line 0: sourcing "nvim_exec2() called at BufReadPost Autocommands for "*":0"
line 1: source /Users/hvidsten/.local/share/nvim/lazy/gitsigns.nvim/plugin/gitsigns.lua
line 1: sourcing "/Users/hvidsten/.local/share/nvim/lazy/gitsigns.nvim/plugin/gitsigns.lua"
finished sourcing /Users/hvidsten/.local/share/nvim/lazy/gitsigns.nvim/plugin/gitsigns.lua
continuing in nvim_exec2() called at BufReadPost Autocommands for "*":0
finished sourcing nvim_exec2() called at BufReadPost Autocommands for "*":0
continuing in BufReadPost Autocommands for "*"
line 0: sourcing "nvim_exec2() called at BufReadPost Autocommands for "*":0"
line 1: augroup filetypedetect
finished sourcing nvim_exec2() called at BufReadPost Autocommands for "*":0
continuing in BufReadPost Autocommands for "*"
line 0: sourcing "nvim_exec2() called at BufReadPost Autocommands for "*":0"
line 1: augroup END
finished sourcing nvim_exec2() called at BufReadPost Autocommands for "*":0
continuing in BufReadPost Autocommands for "*"
Executing BufReadPost Autocommands for "*"
autocommand <Lua 605: ~/.local/share/nvim/lazy/LazyVim/lua/lazyvim/plugins/linting.lua:51>

Executing: 
Executing BufReadPost Autocommands for "*"
autocommand <Lua 727: ~/.local/share/nvim/lazy/gitsigns.nvim/lua/gitsigns.lua:172>

Executing: 
Executing: 
Executing BufReadPost Autocommands for "*"
autocommand <Lua 219: /opt/homebrew/Cellar/neovim/0.11.5_1/share/nvim/runtime/filetype.lua:10>

Executing FileType Autocommands for "*"
autocommand call s:LoadFTPlugin()

Executing: call s:LoadFTPlugin()
calling <SNR>2_LoadFTPlugin()

line 1:     if exists("b:undo_ftplugin")
line 2:       exe b:undo_ftplugin
line 3:       unlet! b:undo_ftplugin b:did_ftplugin
line 4:     endif
line 5: 
line 6:     let s = expand("<amatch>")
line 7:     if s != ""
line 8:       if &cpo =~# "S" && exists("b:did_ftplugin")
line 9: ^I" In compatible mode options are reset to the global values, need to
line 10: ^I" set the local values also when a plugin was already used.
line 11: ^Iunlet b:did_ftplugin
line 12:       endif
line 13: 
line 14:       " When there is a dot it is used to separate filetype names.  Thus for
line 15:       " "aaa.bbb" load "aaa" and then "bbb".
line 16:       for name in split(s, '\.')
line 17:         " Load Lua ftplugins after Vim ftplugins _per directory_
line 18:         " TODO(clason): use nvim__get_runtime when supports globs and modeline
line 19:         " XXX: "[.]" in the first pattern makes it a wildcard on Windows
line 20:         exe $'runtime! ftplugin/{name}[.]{{vim,lua}} ftplugin/{name}_*.{{vim,lua}} ftplugin/{name}/*.{{vim,lua}}'
line 20: runtime! ftplugin/cpp[.]{vim,lua} ftplugin/cpp_*.{vim,lua} ftplugin/cpp/*.{vim,lua}
Searching for "ftplugin/cpp[.]{vim,lua} ftplugin/cpp_*.{vim,lua} ftplugin/cpp/*.{vim,lua}" in runtime path
Searching for "/Users/hvidsten/.config/nvim/ftplugin/cpp[.]{vim,lua}"
Searching for "/Users/hvidsten/.config/nvim/ftplugin/cpp_*.{vim,lua}"
Searching for "/Users/hvidsten/.config/nvim/ftplugin/cpp/*.{vim,lua}"
Searching for "/Users/hvidsten/.local/share/nvim/site/ftplugin/cpp[.]{vim,lua}"
Searching for "/Users/hvidsten/.local/share/nvim/site/ftplugin/cpp_*.{vim,lua}"
Searching for "/Users/hvidsten/.local/share/nvim/site/ftplugin/cpp/*.{vim,lua}"
Searching for "/Users/hvidsten/.local/share/nvim/lazy/lazy.nvim/ftplugin/cpp[.]{vim,lua}"
Searching for "/Users/hvidsten/.local/share/nvim/lazy/lazy.nvim/ftplugin/cpp_*.{vim,lua}"
Searching for "/Users/hvidsten/.local/share/nvim/lazy/lazy.nvim/ftplugin/cpp/*.{vim,lua}"
Searching for "/Users/hvidsten/.local/share/nvim/lazy/gitsigns.nvim/ftplugin/cpp[.]{vim,lua}"
Searching for "/Users/hvidsten/.local/share/nvim/lazy/gitsigns.nvim/ftplugin/cpp_*.{vim,lua}"
Searching for "/Users/hvidsten/.local/share/nvim/lazy/gitsigns.nvim/ftplugin/cpp/*.{vim,lua}"
Searching for "/Users/hvidsten/.local/share/nvim/lazy/todo-comments.nvim/ftplugin/cpp[.]{vim,lua}"
Searching for "/Users/hvidsten/.local/share/nvim/lazy/todo-comments.nvim/ftplugin/cpp_*.{vim,lua}"
Searching for "/Users/hvidsten/.local/share/nvim/lazy/todo-comments.nvim/ftplugin/cpp/*.{vim,lua}"
Searching for "/Users/hvidsten/.local/share/nvim/lazy/nvim-lint/ftplugin/cpp[.]{vim,lua}"
Searching for "/Users/hvidsten/.local/share/nvim/lazy/nvim-lint/ftplugin/cpp_*.{vim,lua}"
Searching for "/Users/hvidsten/.local/share/nvim/lazy/nvim-lint/ftplugin/cpp/*.{vim,lua}"
Searching for "/Users/hvidsten/.local/share/nvim/lazy/nvim-ts-autotag/ftplugin/cpp[.]{vim,lua}"
Searching for "/Users/hvidsten/.local/share/nvim/lazy/nvim-ts-autotag/ftplugin/cpp_*.{vim,lua}"
Searching for "/Users/hvidsten/.local/share/nvim/lazy/nvim-ts-autotag/ftplugin/cpp/*.{vim,lua}"
Searching for "/Users/hvidsten/.local/share/nvim/lazy/persistence.nvim/ftplugin/cpp[.]{vim,lua}"
Searching for "/Users/hvidsten/.local/share/nvim/lazy/persistence.nvim/ftplugin/cpp_*.{vim,lua}"
Searching for "/Users/hvidsten/.local/share/nvim/lazy/persistence.nvim/ftplugin/cpp/*.{vim,lua}"
Searching for "/Users/hvidsten/.local/share/nvim/lazy/mason-lspconfig.nvim/ftplugin/cpp[.]{vim,lua}"
Searching for "/Users/hvidsten/.local/share/nvim/lazy/mason-lspconfig.nvim/ftplugin/cpp_*.{vim,lua}"
Searching for "/Users/hvidsten/.local/share/nvim/lazy/mason-lspconfig.nvim/ftplugin/cpp/*.{vim,lua}"
Searching for "/Users/hvidsten/.local/share/nvim/lazy/mason.nvim/ftplugin/cpp[.]{vim,lua}"
Searching for "/Users/hvidsten/.local/share/nvim/lazy/mason.nvim/ftplugin/cpp_*.{vim,lua}"
Searching for "/Users/hvidsten/.local/share/nvim/lazy/mason.nvim/ftplugin/cpp/*.{vim,lua}"
Searching for "/Users/hvidsten/.local/share/nvim/lazy/nvim-lspconfig/ftplugin/cpp[.]{vim,lua}"
Searching for "/Users/hvidsten/.local/share/nvim/lazy/nvim-lspconfig/ftplugin/cpp_*.{vim,lua}"
Searching for "/Users/hvidsten/.local/share/nvim/lazy/nvim-lspconfig/ftplugin/cpp/*.{vim,lua}"
Searching for "/Users/hvidsten/.local/share/nvim/lazy/friendly-snippets/ftplugin/cpp[.]{vim,lua}"
Searching for "/Users/hvidsten/.local/share/nvim/lazy/friendly-snippets/ftplugin/cpp_*.{vim,lua}"
Searching for "/Users/hvidsten/.local/share/nvim/lazy/friendly-snippets/ftplugin/cpp/*.{vim,lua}"
Searching for "/Users/hvidsten/.local/share/nvim/lazy/blink.cmp/ftplugin/cpp[.]{vim,lua}"
Searching for "/Users/hvidsten/.local/share/nvim/lazy/blink.cmp/ftplugin/cpp_*.{vim,lua}"
Searching for "/Users/hvidsten/.local/share/nvim/lazy/blink.cmp/ftplugin/cpp/*.{vim,lua}"
Searching for "/Users/hvidsten/.local/share/nvim/lazy/mini.icons/ftplugin/cpp[.]{vim,lua}"
Searching for "/Users/hvidsten/.local/share/nvim/lazy/mini.icons/ftplugin/cpp_*.{vim,lua}"
Searching for "/Users/hvidsten/.local/share/nvim/lazy/mini.icons/ftplugin/cpp/*.{vim,lua}"
Searching for "/Users/hvidsten/.local/share/nvim/lazy/trouble.nvim/ftplugin/cpp[.]{vim,lua}"
Searching for "/Users/hvidsten/.local/share/nvim/lazy/trouble.nvim/ftplugin/cpp_*.{vim,lua}"
Searching for "/Users/hvidsten/.local/share/nvim/lazy/trouble.nvim/ftplugin/cpp/*.{vim,lua}"
Searching for "/Users/hvidsten/.local/share/nvim/lazy/lualine.nvim/ftplugin/cpp[.]{vim,lua}"
Searching for "/Users/hvidsten/.local/share/nvim/lazy/lualine.nvim/ftplugin/cpp_*.{vim,lua}"
Searching for "/Users/hvidsten/.local/share/nvim/lazy/lualine.nvim/ftplugin/cpp/*.{vim,lua}"
Searching for "/Users/hvidsten/.local/share/nvim/lazy/flash.nvim/ftplugin/cpp[.]{vim,lua}"
Searching for "/Users/hvidsten/.local/share/nvim/lazy/flash.nvim/ftplugin/cpp_*.{vim,lua}"
Searching for "/Users/hvidsten/.local/share/nvim/lazy/flash.nvim/ftplugin/cpp/*.{vim,lua}"
Searching for "/Users/hvidsten/.local/share/nvim/lazy/nvim-treesitter/ftplugin/cpp[.]{vim,lua}"
Searching for "/Users/hvidsten/.local/share/nvim/lazy/nvim-treesitter/ftplugin/cpp_*.{vim,lua}"
Searching for "/Users/hvidsten/.local/share/nvim/lazy/nvim-treesitter/ftplugin/cpp/*.{vim,lua}"
Searching for "/Users/hvidsten/.local/share/nvim/lazy/nvim-treesitter-textobjects/ftplugin/cpp[.]{vim,lua}"
Searching for "/Users/hvidsten/.local/share/nvim/lazy/nvim-treesitter-textobjects/ftplugin/cpp_*.{vim,lua}"
Searching for "/Users/hvidsten/.local/share/nvim/lazy/nvim-treesitter-textobjects/ftplugin/cpp/*.{vim,lua}"
Searching for "/Users/hvidsten/.local/share/nvim/lazy/mini.ai/ftplugin/cpp[.]{vim,lua}"
Searching for "/Users/hvidsten/.local/share/nvim/lazy/mini.ai/ftplugin/cpp_*.{vim,lua}"
Searching for "/Users/hvidsten/.local/share/nvim/lazy/mini.ai/ftplugin/cpp/*.{vim,lua}"
Searching for "/Users/hvidsten/.local/share/nvim/lazy/ts-comments.nvim/ftplugin/cpp[.]{vim,lua}"
Searching for "/Users/hvidsten/.local/share/nvim/lazy/ts-comments.nvim/ftplugin/cpp_*.{vim,lua}"
Searching for "/Users/hvidsten/.local/share/nvim/lazy/ts-comments.nvim/ftplugin/cpp/*.{vim,lua}"
Searching for "/Users/hvidsten/.local/share/nvim/lazy/mini.pairs/ftplugin/cpp[.]{vim,lua}"
Searching for "/Users/hvidsten/.local/share/nvim/lazy/mini.pairs/ftplugin/cpp_*.{vim,lua}"
Searching for "/Users/hvidsten/.local/share/nvim/lazy/mini.pairs/ftplugin/cpp/*.{vim,lua}"
Searching for "/Users/hvidsten/.local/share/nvim/lazy/bufferline.nvim/ftplugin/cpp[.]{vim,lua}"
Searching for "/Users/hvidsten/.local/share/nvim/lazy/bufferline.nvim/ftplugin/cpp_*.{vim,lua}"
Searching for "/Users/hvidsten/.local/share/nvim/lazy/bufferline.nvim/ftplugin/cpp/*.{vim,lua}"
Searching for "/Users/hvidsten/.local/share/nvim/lazy/which-key.nvim/ftplugin/cpp[.]{vim,lua}"
Searching for "/Users/hvidsten/.local/share/nvim/lazy/which-key.nvim/ftplugin/cpp_*.{vim,lua}"
Searching for "/Users/hvidsten/.local/share/nvim/lazy/which-key.nvim/ftplugin/cpp/*.{vim,lua}"
Searching for "/Users/hvidsten/.local/share/nvim/lazy/snacks.nvim/ftplugin/cpp[.]{vim,lua}"
Searching for "/Users/hvidsten/.local/share/nvim/lazy/snacks.nvim/ftplugin/cpp_*.{vim,lua}"
Searching for "/Users/hvidsten/.local/share/nvim/lazy/snacks.nvim/ftplugin/cpp/*.{vim,lua}"
Searching for "/Users/hvidsten/.local/share/nvim/lazy/tokyonight.nvim/ftplugin/cpp[.]{vim,lua}"
Searching for "/Users/hvidsten/.local/share/nvim/lazy/tokyonight.nvim/ftplugin/cpp_*.{vim,lua}"
Searching for "/Users/hvidsten/.local/share/nvim/lazy/tokyonight.nvim/ftplugin/cpp/*.{vim,lua}"
Searching for "/Users/hvidsten/.local/share/nvim/lazy/LazyVim/ftplugin/cpp[.]{vim,lua}"
Searching for "/Users/hvidsten/.local/share/nvim/lazy/LazyVim/ftplugin/cpp_*.{vim,lua}"
Searching for "/Users/hvidsten/.local/share/nvim/lazy/LazyVim/ftplugin/cpp/*.{vim,lua}"
Searching for "/opt/homebrew/Cellar/neovim/0.11.5_1/share/nvim/runtime/ftplugin/cpp[.]{vim,lua}"
line 20: sourcing "/opt/homebrew/Cellar/neovim/0.11.5_1/share/nvim/runtime/ftplugin/cpp.vim"
line 1: " Vim filetype plugin file
line 2: " Language:^IC++
line 3: " Maintainer:^IThe Vim Project <https://github.com/vim/vim>
line 4: " Last Change:^I2024 Jun 06
line 5: " Former Maintainer:^IBram Moolenaar <Bram@vim.org>
line 6: 
line 7: " Only do this when not done yet for this buffer
line 8: if exists("b:did_ftplugin")
line 9:   finish
line 10: endif
line 11: 
line 12: " Behaves mostly just like C
line 13: " XXX: "[.]" in the first pattern makes it a wildcard on Windows
line 14: runtime! ftplugin/c[.]{vim,lua} ftplugin/c_*.{vim,lua} ftplugin/c/*.{vim,lua}
Searching for "ftplugin/c[.]{vim,lua} ftplugin/c_*.{vim,lua} ftplugin/c/*.{vim,lua}" in runtime path
Searching for "/Users/hvidsten/.config/nvim/ftplugin/c[.]{vim,lua}"
Searching for "/Users/hvidsten/.config/nvim/ftplugin/c_*.{vim,lua}"
Searching for "/Users/hvidsten/.config/nvim/ftplugin/c/*.{vim,lua}"
Searching for "/Users/hvidsten/.local/share/nvim/site/ftplugin/c[.]{vim,lua}"
Searching for "/Users/hvidsten/.local/share/nvim/site/ftplugin/c_*.{vim,lua}"
Searching for "/Users/hvidsten/.local/share/nvim/site/ftplugin/c/*.{vim,lua}"
Searching for "/Users/hvidsten/.local/share/nvim/lazy/lazy.nvim/ftplugin/c[.]{vim,lua}"
Searching for "/Users/hvidsten/.local/share/nvim/lazy/lazy.nvim/ftplugin/c_*.{vim,lua}"
Searching for "/Users/hvidsten/.local/share/nvim/lazy/lazy.nvim/ftplugin/c/*.{vim,lua}"
Searching for "/Users/hvidsten/.local/share/nvim/lazy/gitsigns.nvim/ftplugin/c[.]{vim,lua}"
Searching for "/Users/hvidsten/.local/share/nvim/lazy/gitsigns.nvim/ftplugin/c_*.{vim,lua}"
Searching for "/Users/hvidsten/.local/share/nvim/lazy/gitsigns.nvim/ftplugin/c/*.{vim,lua}"
Searching for "/Users/hvidsten/.local/share/nvim/lazy/todo-comments.nvim/ftplugin/c[.]{vim,lua}"
Searching for "/Users/hvidsten/.local/share/nvim/lazy/todo-comments.nvim/ftplugin/c_*.{vim,lua}"
Searching for "/Users/hvidsten/.local/share/nvim/lazy/todo-comments.nvim/ftplugin/c/*.{vim,lua}"
Searching for "/Users/hvidsten/.local/share/nvim/lazy/nvim-lint/ftplugin/c[.]{vim,lua}"
Searching for "/Users/hvidsten/.local/share/nvim/lazy/nvim-lint/ftplugin/c_*.{vim,lua}"
Searching for "/Users/hvidsten/.local/share/nvim/lazy/nvim-lint/ftplugin/c/*.{vim,lua}"
Searching for "/Users/hvidsten/.local/share/nvim/lazy/nvim-ts-autotag/ftplugin/c[.]{vim,lua}"
Searching for "/Users/hvidsten/.local/share/nvim/lazy/nvim-ts-autotag/ftplugin/c_*.{vim,lua}"
Searching for "/Users/hvidsten/.local/share/nvim/lazy/nvim-ts-autotag/ftplugin/c/*.{vim,lua}"
Searching for "/Users/hvidsten/.local/share/nvim/lazy/persistence.nvim/ftplugin/c[.]{vim,lua}"
Searching for "/Users/hvidsten/.local/share/nvim/lazy/persistence.nvim/ftplugin/c_*.{vim,lua}"
Searching for "/Users/hvidsten/.local/share/nvim/lazy/persistence.nvim/ftplugin/c/*.{vim,lua}"
Searching for "/Users/hvidsten/.local/share/nvim/lazy/mason-lspconfig.nvim/ftplugin/c[.]{vim,lua}"
Searching for "/Users/hvidsten/.local/share/nvim/lazy/mason-lspconfig.nvim/ftplugin/c_*.{vim,lua}"
Searching for "/Users/hvidsten/.local/share/nvim/lazy/mason-lspconfig.nvim/ftplugin/c/*.{vim,lua}"
Searching for "/Users/hvidsten/.local/share/nvim/lazy/mason.nvim/ftplugin/c[.]{vim,lua}"
Searching for "/Users/hvidsten/.local/share/nvim/lazy/mason.nvim/ftplugin/c_*.{vim,lua}"
Searching for "/Users/hvidsten/.local/share/nvim/lazy/mason.nvim/ftplugin/c/*.{vim,lua}"
Searching for "/Users/hvidsten/.local/share/nvim/lazy/nvim-lspconfig/ftplugin/c[.]{vim,lua}"
Searching for "/Users/hvidsten/.local/share/nvim/lazy/nvim-lspconfig/ftplugin/c_*.{vim,lua}"
Searching for "/Users/hvidsten/.local/share/nvim/lazy/nvim-lspconfig/ftplugin/c/*.{vim,lua}"
Searching for "/Users/hvidsten/.local/share/nvim/lazy/friendly-snippets/ftplugin/c[.]{vim,lua}"
Searching for "/Users/hvidsten/.local/share/nvim/lazy/friendly-snippets/ftplugin/c_*.{vim,lua}"
Searching for "/Users/hvidsten/.local/share/nvim/lazy/friendly-snippets/ftplugin/c/*.{vim,lua}"
Searching for "/Users/hvidsten/.local/share/nvim/lazy/blink.cmp/ftplugin/c[.]{vim,lua}"
Searching for "/Users/hvidsten/.local/share/nvim/lazy/blink.cmp/ftplugin/c_*.{vim,lua}"
Searching for "/Users/hvidsten/.local/share/nvim/lazy/blink.cmp/ftplugin/c/*.{vim,lua}"
Searching for "/Users/hvidsten/.local/share/nvim/lazy/mini.icons/ftplugin/c[.]{vim,lua}"
Searching for "/Users/hvidsten/.local/share/nvim/lazy/mini.icons/ftplugin/c_*.{vim,lua}"
Searching for "/Users/hvidsten/.local/share/nvim/lazy/mini.icons/ftplugin/c/*.{vim,lua}"
Searching for "/Users/hvidsten/.local/share/nvim/lazy/trouble.nvim/ftplugin/c[.]{vim,lua}"
Searching for "/Users/hvidsten/.local/share/nvim/lazy/trouble.nvim/ftplugin/c_*.{vim,lua}"
Searching for "/Users/hvidsten/.local/share/nvim/lazy/trouble.nvim/ftplugin/c/*.{vim,lua}"
Searching for "/Users/hvidsten/.local/share/nvim/lazy/lualine.nvim/ftplugin/c[.]{vim,lua}"
Searching for "/Users/hvidsten/.local/share/nvim/lazy/lualine.nvim/ftplugin/c_*.{vim,lua}"
Searching for "/Users/hvidsten/.local/share/nvim/lazy/lualine.nvim/ftplugin/c/*.{vim,lua}"
Searching for "/Users/hvidsten/.local/share/nvim/lazy/flash.nvim/ftplugin/c[.]{vim,lua}"
Searching for "/Users/hvidsten/.local/share/nvim/lazy/flash.nvim/ftplugin/c_*.{vim,lua}"
Searching for "/Users/hvidsten/.local/share/nvim/lazy/flash.nvim/ftplugin/c/*.{vim,lua}"
Searching for "/Users/hvidsten/.local/share/nvim/lazy/nvim-treesitter/ftplugin/c[.]{vim,lua}"
Searching for "/Users/hvidsten/.local/share/nvim/lazy/nvim-treesitter/ftplugin/c_*.{vim,lua}"
Searching for "/Users/hvidsten/.local/share/nvim/lazy/nvim-treesitter/ftplugin/c/*.{vim,lua}"
Searching for "/Users/hvidsten/.local/share/nvim/lazy/nvim-treesitter-textobjects/ftplugin/c[.]{vim,lua}"
Searching for "/Users/hvidsten/.local/share/nvim/lazy/nvim-treesitter-textobjects/ftplugin/c_*.{vim,lua}"
Searching for "/Users/hvidsten/.local/share/nvim/lazy/nvim-treesitter-textobjects/ftplugin/c/*.{vim,lua}"
Searching for "/Users/hvidsten/.local/share/nvim/lazy/mini.ai/ftplugin/c[.]{vim,lua}"
Searching for "/Users/hvidsten/.local/share/nvim/lazy/mini.ai/ftplugin/c_*.{vim,lua}"
Searching for "/Users/hvidsten/.local/share/nvim/lazy/mini.ai/ftplugin/c/*.{vim,lua}"
Searching for "/Users/hvidsten/.local/share/nvim/lazy/ts-comments.nvim/ftplugin/c[.]{vim,lua}"
Searching for "/Users/hvidsten/.local/share/nvim/lazy/ts-comments.nvim/ftplugin/c_*.{vim,lua}"
Searching for "/Users/hvidsten/.local/share/nvim/lazy/ts-comments.nvim/ftplugin/c/*.{vim,lua}"
Searching for "/Users/hvidsten/.local/share/nvim/lazy/mini.pairs/ftplugin/c[.]{vim,lua}"
Searching for "/Users/hvidsten/.local/share/nvim/lazy/mini.pairs/ftplugin/c_*.{vim,lua}"
Searching for "/Users/hvidsten/.local/share/nvim/lazy/mini.pairs/ftplugin/c/*.{vim,lua}"
Searching for "/Users/hvidsten/.local/share/nvim/lazy/bufferline.nvim/ftplugin/c[.]{vim,lua}"
Searching for "/Users/hvidsten/.local/share/nvim/lazy/bufferline.nvim/ftplugin/c_*.{vim,lua}"
Searching for "/Users/hvidsten/.local/share/nvim/lazy/bufferline.nvim/ftplugin/c/*.{vim,lua}"
Searching for "/Users/hvidsten/.local/share/nvim/lazy/which-key.nvim/ftplugin/c[.]{vim,lua}"
Searching for "/Users/hvidsten/.local/share/nvim/lazy/which-key.nvim/ftplugin/c_*.{vim,lua}"
Searching for "/Users/hvidsten/.local/share/nvim/lazy/which-key.nvim/ftplugin/c/*.{vim,lua}"
Searching for "/Users/hvidsten/.local/share/nvim/lazy/snacks.nvim/ftplugin/c[.]{vim,lua}"
Searching for "/Users/hvidsten/.local/share/nvim/lazy/snacks.nvim/ftplugin/c_*.{vim,lua}"
Searching for "/Users/hvidsten/.local/share/nvim/lazy/snacks.nvim/ftplugin/c/*.{vim,lua}"
Searching for "/Users/hvidsten/.local/share/nvim/lazy/tokyonight.nvim/ftplugin/c[.]{vim,lua}"
Searching for "/Users/hvidsten/.local/share/nvim/lazy/tokyonight.nvim/ftplugin/c_*.{vim,lua}"
Searching for "/Users/hvidsten/.local/share/nvim/lazy/tokyonight.nvim/ftplugin/c/*.{vim,lua}"
Searching for "/Users/hvidsten/.local/share/nvim/lazy/LazyVim/ftplugin/c[.]{vim,lua}"
Searching for "/Users/hvidsten/.local/share/nvim/lazy/LazyVim/ftplugin/c_*.{vim,lua}"
Searching for "/Users/hvidsten/.local/share/nvim/lazy/LazyVim/ftplugin/c/*.{vim,lua}"
Searching for "/opt/homebrew/Cellar/neovim/0.11.5_1/share/nvim/runtime/ftplugin/c[.]{vim,lua}"
line 14: sourcing "/opt/homebrew/Cellar/neovim/0.11.5_1/share/nvim/runtime/ftplugin/c.vim"
line 1: " Vim filetype plugin file
line 2: " Language:^IC
line 3: " Maintainer:^IThe Vim Project <https://github.com/vim/vim>
line 4: " Last Change:^I2023 Aug 22
line 5: "^I^I2024 Jun 02 by Riley Bruins <ribru17@gmail.com> ('commentstring')
line 6: " Former Maintainer:^IBram Moolenaar <Bram@vim.org>
line 7: 
line 8: " Only do this when not done yet for this buffer
line 9: if exists("b:did_ftplugin")
line 10:   finish
line 11: endif
line 12: 
line 13: " Don't load another plugin for this buffer
line 14: let b:did_ftplugin = 1
line 15: 
line 16: " Using line continuation here.
line 17: let s:cpo_save = &cpo
line 18: set cpo-=C
line 19: 
line 20: let b:undo_ftplugin = "setl fo< com< ofu< cms< def< inc<"
line 21: 
line 22: " Set 'formatoptions' to break comment lines but not other lines,
line 23: " and insert the comment leader when hitting <CR> or using "o".
line 24: setlocal fo-=t fo+=croql
line 25: 
line 26: " These options have the right value as default, but the user may have
line 27: " overruled that.
line 28: setlocal commentstring=/*\ %s\ */ define& include&
line 29: 
line 30: " Set completion with CTRL-X CTRL-O to autoloaded function.
line 31: if exists('&ofu')
line 32:   setlocal ofu=ccomplete#Complete
line 33: endif
line 34: 
line 35: " Set 'comments' to format dashed lists in comments.
line 36: " Also include ///, used for Doxygen.
line 37:  setlocal comments=sO:*\ -,mO:*\ \ ,exO:*/,s1:/*,mb:*,ex:*/,:///,://
line 38: 
line 39: " When the matchit plugin is loaded, this makes the % command skip parens and
line 40: " braces in comments properly.
line 41: if !exists("b:match_words")
line 42:   let b:match_words = '^\s*#\s*if\%(\|def\|ndef\)\>:^\s*#\s*elif\%(\|def\|ndef\)\>:^\s*#\s*else\>:^\s*#\s*endif\>'
line 43:   let b:match_skip = 's:comment\|string\|character\|special'
line 44:   let b:undo_ftplugin ..= " | unlet! b:match_skip b:match_words"
line 45: endif
line 46: 
line 47: " Win32 and GTK can filter files in the browse dialog
line 48: if (has("gui_win32") || has("gui_gtk")) && !exists("b:browsefilter")
line 49:   if &ft == "cpp"
line 50:     let b:browsefilter = "C++ Source Files (*.cpp, *.c++)\t*.cpp;*.c++\n" .. "C Header Files (*.h)\t*.h\n" .. "C Source Files (*.c)\t*.c\n"
line 53:   elseif &ft == "ch"
line 54:     let b:browsefilter = "Ch Source Files (*.ch, *.chf)\t*.ch;*.chf\n" .. "C Header Files (*.h)\t*.h\n" .. "C Source Files (*.c)\t*.c\n"
line 57:   else
line 58:     let b:browsefilter = "C Source Files (*.c)\t*.c\n" .. "C Header Files (*.h)\t*.h\n" .. "Ch Source Files (*.ch, *.chf)\t*.ch;*.chf\n" .. "C++ Source Files (*.cpp, *.c++)\t*.cpp;*.c++\n"
line 62:   endif
line 63:   if has("win32")
line 64:     let b:browsefilter ..= "All Files (*.*)\t*\n"
line 65:   else
line 66:     let b:browsefilter ..= "All Files (*)\t*\n"
line 67:   endif
line 68:   let b:undo_ftplugin ..= " | unlet! b:browsefilter"
line 69: endif
line 70: 
line 71: let b:man_default_sects = '3,2'
line 72: 
line 73: let &cpo = s:cpo_save
line 74: unlet s:cpo_save
finished sourcing /opt/homebrew/Cellar/neovim/0.11.5_1/share/nvim/runtime/ftplugin/c.vim
continuing in /opt/homebrew/Cellar/neovim/0.11.5_1/share/nvim/runtime/ftplugin/cpp.vim
line 14: sourcing "/opt/homebrew/Cellar/neovim/0.11.5_1/share/nvim/runtime/ftplugin/c.lua"
finished sourcing /opt/homebrew/Cellar/neovim/0.11.5_1/share/nvim/runtime/ftplugin/c.lua
continuing in /opt/homebrew/Cellar/neovim/0.11.5_1/share/nvim/runtime/ftplugin/cpp.vim
Searching for "/opt/homebrew/Cellar/neovim/0.11.5_1/share/nvim/runtime/ftplugin/c_*.{vim,lua}"
Searching for "/opt/homebrew/Cellar/neovim/0.11.5_1/share/nvim/runtime/ftplugin/c/*.{vim,lua}"
Searching for "/opt/homebrew/Cellar/neovim/0.11.5_1/share/nvim/runtime/pack/dist/opt/netrw/ftplugin/c[.]{vim,lua}"
Searching for "/opt/homebrew/Cellar/neovim/0.11.5_1/share/nvim/runtime/pack/dist/opt/netrw/ftplugin/c_*.{vim,lua}"
Searching for "/opt/homebrew/Cellar/neovim/0.11.5_1/share/nvim/runtime/pack/dist/opt/netrw/ftplugin/c/*.{vim,lua}"
Searching for "/opt/homebrew/Cellar/neovim/0.11.5_1/share/nvim/runtime/pack/dist/opt/matchit/ftplugin/c[.]{vim,lua}"
Searching for "/opt/homebrew/Cellar/neovim/0.11.5_1/share/nvim/runtime/pack/dist/opt/matchit/ftplugin/c_*.{vim,lua}"
Searching for "/opt/homebrew/Cellar/neovim/0.11.5_1/share/nvim/runtime/pack/dist/opt/matchit/ftplugin/c/*.{vim,lua}"
Searching for "/opt/homebrew/Cellar/neovim/0.11.5_1/lib/nvim/ftplugin/c[.]{vim,lua}"
Searching for "/opt/homebrew/Cellar/neovim/0.11.5_1/lib/nvim/ftplugin/c_*.{vim,lua}"
Searching for "/opt/homebrew/Cellar/neovim/0.11.5_1/lib/nvim/ftplugin/c/*.{vim,lua}"
Searching for "/Users/hvidsten/.local/state/nvim/lazy/readme/ftplugin/c[.]{vim,lua}"
Searching for "/Users/hvidsten/.local/state/nvim/lazy/readme/ftplugin/c_*.{vim,lua}"
Searching for "/Users/hvidsten/.local/state/nvim/lazy/readme/ftplugin/c/*.{vim,lua}"
Searching for "/Users/hvidsten/.local/share/nvim/lazy/mason-lspconfig.nvim/after/ftplugin/c[.]{vim,lua}"
Searching for "/Users/hvidsten/.local/share/nvim/lazy/mason-lspconfig.nvim/after/ftplugin/c_*.{vim,lua}"
Searching for "/Users/hvidsten/.local/share/nvim/lazy/mason-lspconfig.nvim/after/ftplugin/c/*.{vim,lua}"
line 15: 
line 16: " Change 'commentstring' to "C++ style"/"mono-line" comments
line 17: setlocal commentstring=//\ %s
line 18: let b:undo_ftplugin ..= ' | setl commentstring<'
line 19: 
line 20: " C++ uses templates with <things>
line 21: " Disabled, because it gives an error for typing an unmatched ">".
line 22: " set matchpairs+=<:>
line 23: " let b:undo_ftplugin ..= ' | setl matchpairs<'
finished sourcing /opt/homebrew/Cellar/neovim/0.11.5_1/share/nvim/runtime/ftplugin/cpp.vim
continuing in <SNR>2_LoadFTPlugin
Searching for "/opt/homebrew/Cellar/neovim/0.11.5_1/share/nvim/runtime/ftplugin/cpp_*.{vim,lua}"
Searching for "/opt/homebrew/Cellar/neovim/0.11.5_1/share/nvim/runtime/ftplugin/cpp/*.{vim,lua}"
Searching for "/opt/homebrew/Cellar/neovim/0.11.5_1/share/nvim/runtime/pack/dist/opt/netrw/ftplugin/cpp[.]{vim,lua}"
Searching for "/opt/homebrew/Cellar/neovim/0.11.5_1/share/nvim/runtime/pack/dist/opt/netrw/ftplugin/cpp_*.{vim,lua}"
Searching for "/opt/homebrew/Cellar/neovim/0.11.5_1/share/nvim/runtime/pack/dist/opt/netrw/ftplugin/cpp/*.{vim,lua}"
Searching for "/opt/homebrew/Cellar/neovim/0.11.5_1/share/nvim/runtime/pack/dist/opt/matchit/ftplugin/cpp[.]{vim,lua}"
Searching for "/opt/homebrew/Cellar/neovim/0.11.5_1/share/nvim/runtime/pack/dist/opt/matchit/ftplugin/cpp_*.{vim,lua}"
Searching for "/opt/homebrew/Cellar/neovim/0.11.5_1/share/nvim/runtime/pack/dist/opt/matchit/ftplugin/cpp/*.{vim,lua}"
Searching for "/opt/homebrew/Cellar/neovim/0.11.5_1/lib/nvim/ftplugin/cpp[.]{vim,lua}"
Searching for "/opt/homebrew/Cellar/neovim/0.11.5_1/lib/nvim/ftplugin/cpp_*.{vim,lua}"
Searching for "/opt/homebrew/Cellar/neovim/0.11.5_1/lib/nvim/ftplugin/cpp/*.{vim,lua}"
Searching for "/Users/hvidsten/.local/state/nvim/lazy/readme/ftplugin/cpp[.]{vim,lua}"
Searching for "/Users/hvidsten/.local/state/nvim/lazy/readme/ftplugin/cpp_*.{vim,lua}"
Searching for "/Users/hvidsten/.local/state/nvim/lazy/readme/ftplugin/cpp/*.{vim,lua}"
Searching for "/Users/hvidsten/.local/share/nvim/lazy/mason-lspconfig.nvim/after/ftplugin/cpp[.]{vim,lua}"
Searching for "/Users/hvidsten/.local/share/nvim/lazy/mason-lspconfig.nvim/after/ftplugin/cpp_*.{vim,lua}"
Searching for "/Users/hvidsten/.local/share/nvim/lazy/mason-lspconfig.nvim/after/ftplugin/cpp/*.{vim,lua}"
line 21:       endfor
line 16:       for name in split(s, '\.')
line 17:         " Load Lua ftplugins after Vim ftplugins _per directory_
line 18:         " TODO(clason): use nvim__get_runtime when supports globs and modeline
line 19:         " XXX: "[.]" in the first pattern makes it a wildcard on Windows
line 20:         exe $'runtime! ftplugin/{name}[.]{{vim,lua}} ftplugin/{name}_*.{{vim,lua}} ftplugin/{name}/*.{{vim,lua}}'
line 21:       endfor
line 22:     endif
<SNR>2_LoadFTPlugin returning #0

continuing in FileType Autocommands for "*"

Executing FileType Autocommands for "*"
autocommand call s:LoadIndent()

Executing: call s:LoadIndent()
calling <SNR>3_LoadIndent()

line 1:     if exists("b:undo_indent")
line 2:       exe b:undo_indent
line 3:       unlet! b:undo_indent b:did_indent
line 4:     endif
line 5:     let s = expand("<amatch>")
line 6:     if s != ""
line 7:       if exists("b:did_indent")
line 8: ^Iunlet b:did_indent
line 9:       endif
line 10: 
line 11:       " When there is a dot it is used to separate filetype names.  Thus for
line 12:       " "aaa.bbb" load "indent/aaa.vim" and then "indent/bbb.vim".
line 13:       for name in split(s, '\.')
line 14:         " XXX: "[.]" in the pattern makes it a wildcard on Windows
line 15:         exe $'runtime! indent/{name}[.]{{vim,lua}}'
line 15: runtime! indent/cpp[.]{vim,lua}
Searching for "indent/cpp[.]{vim,lua}" in runtime path
Searching for "/Users/hvidsten/.config/nvim/indent/cpp[.]{vim,lua}"
Searching for "/Users/hvidsten/.local/share/nvim/site/indent/cpp[.]{vim,lua}"
Searching for "/Users/hvidsten/.local/share/nvim/lazy/lazy.nvim/indent/cpp[.]{vim,lua}"
Searching for "/Users/hvidsten/.local/share/nvim/lazy/gitsigns.nvim/indent/cpp[.]{vim,lua}"
Searching for "/Users/hvidsten/.local/share/nvim/lazy/todo-comments.nvim/indent/cpp[.]{vim,lua}"
Searching for "/Users/hvidsten/.local/share/nvim/lazy/nvim-lint/indent/cpp[.]{vim,lua}"
Searching for "/Users/hvidsten/.local/share/nvim/lazy/nvim-ts-autotag/indent/cpp[.]{vim,lua}"
Searching for "/Users/hvidsten/.local/share/nvim/lazy/persistence.nvim/indent/cpp[.]{vim,lua}"
Searching for "/Users/hvidsten/.local/share/nvim/lazy/mason-lspconfig.nvim/indent/cpp[.]{vim,lua}"
Searching for "/Users/hvidsten/.local/share/nvim/lazy/mason.nvim/indent/cpp[.]{vim,lua}"
Searching for "/Users/hvidsten/.local/share/nvim/lazy/nvim-lspconfig/indent/cpp[.]{vim,lua}"
Searching for "/Users/hvidsten/.local/share/nvim/lazy/friendly-snippets/indent/cpp[.]{vim,lua}"
Searching for "/Users/hvidsten/.local/share/nvim/lazy/blink.cmp/indent/cpp[.]{vim,lua}"
Searching for "/Users/hvidsten/.local/share/nvim/lazy/mini.icons/indent/cpp[.]{vim,lua}"
Searching for "/Users/hvidsten/.local/share/nvim/lazy/trouble.nvim/indent/cpp[.]{vim,lua}"
Searching for "/Users/hvidsten/.local/share/nvim/lazy/lualine.nvim/indent/cpp[.]{vim,lua}"
Searching for "/Users/hvidsten/.local/share/nvim/lazy/flash.nvim/indent/cpp[.]{vim,lua}"
Searching for "/Users/hvidsten/.local/share/nvim/lazy/nvim-treesitter/indent/cpp[.]{vim,lua}"
Searching for "/Users/hvidsten/.local/share/nvim/lazy/nvim-treesitter-textobjects/indent/cpp[.]{vim,lua}"
Searching for "/Users/hvidsten/.local/share/nvim/lazy/mini.ai/indent/cpp[.]{vim,lua}"
Searching for "/Users/hvidsten/.local/share/nvim/lazy/ts-comments.nvim/indent/cpp[.]{vim,lua}"
Searching for "/Users/hvidsten/.local/share/nvim/lazy/mini.pairs/indent/cpp[.]{vim,lua}"
Searching for "/Users/hvidsten/.local/share/nvim/lazy/bufferline.nvim/indent/cpp[.]{vim,lua}"
Searching for "/Users/hvidsten/.local/share/nvim/lazy/which-key.nvim/indent/cpp[.]{vim,lua}"
Searching for "/Users/hvidsten/.local/share/nvim/lazy/snacks.nvim/indent/cpp[.]{vim,lua}"
Searching for "/Users/hvidsten/.local/share/nvim/lazy/tokyonight.nvim/indent/cpp[.]{vim,lua}"
Searching for "/Users/hvidsten/.local/share/nvim/lazy/LazyVim/indent/cpp[.]{vim,lua}"
Searching for "/opt/homebrew/Cellar/neovim/0.11.5_1/share/nvim/runtime/indent/cpp[.]{vim,lua}"
line 15: sourcing "/opt/homebrew/Cellar/neovim/0.11.5_1/share/nvim/runtime/indent/cpp.vim"
line 1: " Vim indent file
line 2: " Language:^IC++
line 3: " Maintainer:^IThe Vim Project <https://github.com/vim/vim>
line 4: " Last Change:^I2023 Aug 10
line 5: " Former Maintainer:^IBram Moolenaar <Bram@vim.org>
line 6: 
line 7: " Only load this indent file when no other was loaded.
line 8: if exists("b:did_indent")
line 9:    finish
line 10: endif
line 11: let b:did_indent = 1
line 12: 
line 13: " C++ indenting is built-in, thus this is very simple
line 14: setlocal cindent
line 15: 
line 16: let b:undo_indent = "setl cin<"
finished sourcing /opt/homebrew/Cellar/neovim/0.11.5_1/share/nvim/runtime/indent/cpp.vim
continuing in <SNR>3_LoadIndent
Searching for "/opt/homebrew/Cellar/neovim/0.11.5_1/share/nvim/runtime/pack/dist/opt/netrw/indent/cpp[.]{vim,lua}"
Searching for "/opt/homebrew/Cellar/neovim/0.11.5_1/share/nvim/runtime/pack/dist/opt/matchit/indent/cpp[.]{vim,lua}"
Searching for "/opt/homebrew/Cellar/neovim/0.11.5_1/lib/nvim/indent/cpp[.]{vim,lua}"
Searching for "/Users/hvidsten/.local/state/nvim/lazy/readme/indent/cpp[.]{vim,lua}"
Searching for "/Users/hvidsten/.local/share/nvim/lazy/mason-lspconfig.nvim/after/indent/cpp[.]{vim,lua}"
line 16:       endfor
line 13:       for name in split(s, '\.')
line 14:         " XXX: "[.]" in the pattern makes it a wildcard on Windows
line 15:         exe $'runtime! indent/{name}[.]{{vim,lua}}'
line 16:       endfor
line 17:     endif
<SNR>3_LoadIndent returning #0

continuing in FileType Autocommands for "*"

Executing FileType Autocommands for "*"
autocommand if !exists('b:ts_highlight') | 0verbose exe "set syntax=" . expand("<amatch>") | endif

Executing: if !exists('b:ts_highlight') | 0verbose exe "set syntax=" . expand("<amatch>") | endif
Executing:  0verbose exe "set syntax=" . expand("<amatch>") | endif
Executing:  endif
Executing FileType Autocommands for "*"
autocommand <Lua 313: ~/.local/share/nvim/lazy/snacks.nvim/lua/snacks/keymap.lua:110>

Executing: 
Executing FileType Autocommands for "*"
autocommand <Lua 352: ~/.local/share/nvim/lazy/LazyVim/lua/lazyvim/plugins/treesitter.lua:200>

Searching for "queries/cpp/textobjects.scm" in runtime path
Searching for "/Users/hvidsten/.config/nvim/queries/cpp/textobjects.scm"
Searching for "/Users/hvidsten/.local/share/nvim/site/queries/cpp/textobjects.scm"
Searching for "/Users/hvidsten/.local/share/nvim/lazy/lazy.nvim/queries/cpp/textobjects.scm"
Searching for "/Users/hvidsten/.local/share/nvim/lazy/gitsigns.nvim/queries/cpp/textobjects.scm"
Searching for "/Users/hvidsten/.local/share/nvim/lazy/todo-comments.nvim/queries/cpp/textobjects.scm"
Searching for "/Users/hvidsten/.local/share/nvim/lazy/nvim-lint/queries/cpp/textobjects.scm"
Searching for "/Users/hvidsten/.local/share/nvim/lazy/nvim-ts-autotag/queries/cpp/textobjects.scm"
Searching for "/Users/hvidsten/.local/share/nvim/lazy/persistence.nvim/queries/cpp/textobjects.scm"
Searching for "/Users/hvidsten/.local/share/nvim/lazy/mason-lspconfig.nvim/queries/cpp/textobjects.scm"
Searching for "/Users/hvidsten/.local/share/nvim/lazy/mason.nvim/queries/cpp/textobjects.scm"
Searching for "/Users/hvidsten/.local/share/nvim/lazy/nvim-lspconfig/queries/cpp/textobjects.scm"
Searching for "/Users/hvidsten/.local/share/nvim/lazy/friendly-snippets/queries/cpp/textobjects.scm"
Searching for "/Users/hvidsten/.local/share/nvim/lazy/blink.cmp/queries/cpp/textobjects.scm"
Searching for "/Users/hvidsten/.local/share/nvim/lazy/mini.icons/queries/cpp/textobjects.scm"
Searching for "/Users/hvidsten/.local/share/nvim/lazy/trouble.nvim/queries/cpp/textobjects.scm"
Searching for "/Users/hvidsten/.local/share/nvim/lazy/lualine.nvim/queries/cpp/textobjects.scm"
Searching for "/Users/hvidsten/.local/share/nvim/lazy/flash.nvim/queries/cpp/textobjects.scm"
Searching for "/Users/hvidsten/.local/share/nvim/lazy/nvim-treesitter/queries/cpp/textobjects.scm"
Searching for "/Users/hvidsten/.local/share/nvim/lazy/nvim-treesitter-textobjects/queries/cpp/textobjects.scm"
Searching for "/Users/hvidsten/.local/share/nvim/lazy/mini.ai/queries/cpp/textobjects.scm"
Searching for "/Users/hvidsten/.local/share/nvim/lazy/ts-comments.nvim/queries/cpp/textobjects.scm"
Searching for "/Users/hvidsten/.local/share/nvim/lazy/mini.pairs/queries/cpp/textobjects.scm"
Searching for "/Users/hvidsten/.local/share/nvim/lazy/bufferline.nvim/queries/cpp/textobjects.scm"
Searching for "/Users/hvidsten/.local/share/nvim/lazy/which-key.nvim/queries/cpp/textobjects.scm"
Searching for "/Users/hvidsten/.local/share/nvim/lazy/snacks.nvim/queries/cpp/textobjects.scm"
Searching for "/Users/hvidsten/.local/share/nvim/lazy/tokyonight.nvim/queries/cpp/textobjects.scm"
Searching for "/Users/hvidsten/.local/share/nvim/lazy/LazyVim/queries/cpp/textobjects.scm"
Searching for "/opt/homebrew/Cellar/neovim/0.11.5_1/share/nvim/runtime/queries/cpp/textobjects.scm"
Searching for "/opt/homebrew/Cellar/neovim/0.11.5_1/share/nvim/runtime/pack/dist/opt/netrw/queries/cpp/textobjects.scm"
Searching for "/opt/homebrew/Cellar/neovim/0.11.5_1/share/nvim/runtime/pack/dist/opt/matchit/queries/cpp/textobjects.scm"
Searching for "/opt/homebrew/Cellar/neovim/0.11.5_1/lib/nvim/queries/cpp/textobjects.scm"
Searching for "/Users/hvidsten/.local/state/nvim/lazy/readme/queries/cpp/textobjects.scm"
Searching for "/Users/hvidsten/.local/share/nvim/lazy/mason-lspconfig.nvim/after/queries/cpp/textobjects.scm"
Searching for "queries/c/textobjects.scm" in runtime path
Searching for "/Users/hvidsten/.config/nvim/queries/c/textobjects.scm"
Searching for "/Users/hvidsten/.local/share/nvim/site/queries/c/textobjects.scm"
Searching for "/Users/hvidsten/.local/share/nvim/lazy/lazy.nvim/queries/c/textobjects.scm"
Searching for "/Users/hvidsten/.local/share/nvim/lazy/gitsigns.nvim/queries/c/textobjects.scm"
Searching for "/Users/hvidsten/.local/share/nvim/lazy/todo-comments.nvim/queries/c/textobjects.scm"
Searching for "/Users/hvidsten/.local/share/nvim/lazy/nvim-lint/queries/c/textobjects.scm"
Searching for "/Users/hvidsten/.local/share/nvim/lazy/nvim-ts-autotag/queries/c/textobjects.scm"
Searching for "/Users/hvidsten/.local/share/nvim/lazy/persistence.nvim/queries/c/textobjects.scm"
Searching for "/Users/hvidsten/.local/share/nvim/lazy/mason-lspconfig.nvim/queries/c/textobjects.scm"
Searching for "/Users/hvidsten/.local/share/nvim/lazy/mason.nvim/queries/c/textobjects.scm"
Searching for "/Users/hvidsten/.local/share/nvim/lazy/nvim-lspconfig/queries/c/textobjects.scm"
Searching for "/Users/hvidsten/.local/share/nvim/lazy/friendly-snippets/queries/c/textobjects.scm"
Searching for "/Users/hvidsten/.local/share/nvim/lazy/blink.cmp/queries/c/textobjects.scm"
Searching for "/Users/hvidsten/.local/share/nvim/lazy/mini.icons/queries/c/textobjects.scm"
Searching for "/Users/hvidsten/.local/share/nvim/lazy/trouble.nvim/queries/c/textobjects.scm"
Searching for "/Users/hvidsten/.local/share/nvim/lazy/lualine.nvim/queries/c/textobjects.scm"
Searching for "/Users/hvidsten/.local/share/nvim/lazy/flash.nvim/queries/c/textobjects.scm"
Searching for "/Users/hvidsten/.local/share/nvim/lazy/nvim-treesitter/queries/c/textobjects.scm"
Searching for "/Users/hvidsten/.local/share/nvim/lazy/nvim-treesitter-textobjects/queries/c/textobjects.scm"
Searching for "/Users/hvidsten/.local/share/nvim/lazy/mini.ai/queries/c/textobjects.scm"
Searching for "/Users/hvidsten/.local/share/nvim/lazy/ts-comments.nvim/queries/c/textobjects.scm"
Searching for "/Users/hvidsten/.local/share/nvim/lazy/mini.pairs/queries/c/textobjects.scm"
Searching for "/Users/hvidsten/.local/share/nvim/lazy/bufferline.nvim/queries/c/textobjects.scm"
Searching for "/Users/hvidsten/.local/share/nvim/lazy/which-key.nvim/queries/c/textobjects.scm"
Searching for "/Users/hvidsten/.local/share/nvim/lazy/snacks.nvim/queries/c/textobjects.scm"
Searching for "/Users/hvidsten/.local/share/nvim/lazy/tokyonight.nvim/queries/c/textobjects.scm"
Searching for "/Users/hvidsten/.local/share/nvim/lazy/LazyVim/queries/c/textobjects.scm"
Searching for "/opt/homebrew/Cellar/neovim/0.11.5_1/share/nvim/runtime/queries/c/textobjects.scm"
Searching for "/opt/homebrew/Cellar/neovim/0.11.5_1/share/nvim/runtime/pack/dist/opt/netrw/queries/c/textobjects.scm"
Searching for "/opt/homebrew/Cellar/neovim/0.11.5_1/share/nvim/runtime/pack/dist/opt/matchit/queries/c/textobjects.scm"
Searching for "/opt/homebrew/Cellar/neovim/0.11.5_1/lib/nvim/queries/c/textobjects.scm"
Searching for "/Users/hvidsten/.local/state/nvim/lazy/readme/queries/c/textobjects.scm"
Searching for "/Users/hvidsten/.local/share/nvim/lazy/mason-lspconfig.nvim/after/queries/c/textobjects.scm"
Executing: 
Executing FileType Autocommands for "*"
autocommand <Lua 361: ~/.local/share/nvim/lazy/LazyVim/lua/lazyvim/plugins/treesitter.lua:103>

Executing Syntax Autocommands for "*"
autocommand call s:SynSet()

Executing: call s:SynSet()
calling <SNR>32_SynSet()

line 1:   " clear syntax for :set syntax=OFF  and any syntax name that doesn't exist
line 2:   syn clear
line 3:   if exists("b:current_syntax")
line 4:     unlet b:current_syntax
line 5:   endif
line 6: 
line 7:   0verbose let s = expand("<amatch>")
line 8:   if s == "ON"
line 9:     " :set syntax=ON
line 10:     if &filetype == ""
line 11:       echohl ErrorMsg
line 12:       echo "filetype unknown"
line 13:       echohl None
line 14:     endif
line 15:     let s = &filetype
line 16:   elseif s == "OFF"
line 17:     let s = ""
line 18:   endif
line 19: 
line 20:   if s != ""
line 21:     " Load the syntax file(s).  When there are several, separated by dots,
line 22:     " load each in sequence.  Skip empty entries.
line 23:     for name in split(s, '\.')
line 24:       if !empty(name)
line 25:         " XXX: "[.]" in the first pattern makes it a wildcard on Windows
line 26:         exe $'runtime! syntax/{name}[.]{{vim,lua}} syntax/{name}/*.{{vim,lua}}'
line 27:       endif
line 28:     endfor
line 29:   endif
<SNR>32_SynSet returning #0

continuing in Syntax Autocommands for "*"

Searching for "queries/cpp/indents.scm" in runtime path
Searching for "/Users/hvidsten/.config/nvim/queries/cpp/indents.scm"
Searching for "/Users/hvidsten/.local/share/nvim/site/queries/cpp/indents.scm"
Searching for "/Users/hvidsten/.local/share/nvim/lazy/lazy.nvim/queries/cpp/indents.scm"
Searching for "/Users/hvidsten/.local/share/nvim/lazy/gitsigns.nvim/queries/cpp/indents.scm"
Searching for "/Users/hvidsten/.local/share/nvim/lazy/todo-comments.nvim/queries/cpp/indents.scm"
Searching for "/Users/hvidsten/.local/share/nvim/lazy/nvim-lint/queries/cpp/indents.scm"
Searching for "/Users/hvidsten/.local/share/nvim/lazy/nvim-ts-autotag/queries/cpp/indents.scm"
Searching for "/Users/hvidsten/.local/share/nvim/lazy/persistence.nvim/queries/cpp/indents.scm"
Searching for "/Users/hvidsten/.local/share/nvim/lazy/mason-lspconfig.nvim/queries/cpp/indents.scm"
Searching for "/Users/hvidsten/.local/share/nvim/lazy/mason.nvim/queries/cpp/indents.scm"
Searching for "/Users/hvidsten/.local/share/nvim/lazy/nvim-lspconfig/queries/cpp/indents.scm"
Searching for "/Users/hvidsten/.local/share/nvim/lazy/friendly-snippets/queries/cpp/indents.scm"
Searching for "/Users/hvidsten/.local/share/nvim/lazy/blink.cmp/queries/cpp/indents.scm"
Searching for "/Users/hvidsten/.local/share/nvim/lazy/mini.icons/queries/cpp/indents.scm"
Searching for "/Users/hvidsten/.local/share/nvim/lazy/trouble.nvim/queries/cpp/indents.scm"
Searching for "/Users/hvidsten/.local/share/nvim/lazy/lualine.nvim/queries/cpp/indents.scm"
Searching for "/Users/hvidsten/.local/share/nvim/lazy/flash.nvim/queries/cpp/indents.scm"
Searching for "/Users/hvidsten/.local/share/nvim/lazy/nvim-treesitter/queries/cpp/indents.scm"
Searching for "/Users/hvidsten/.local/share/nvim/lazy/nvim-treesitter-textobjects/queries/cpp/indents.scm"
Searching for "/Users/hvidsten/.local/share/nvim/lazy/mini.ai/queries/cpp/indents.scm"
Searching for "/Users/hvidsten/.local/share/nvim/lazy/ts-comments.nvim/queries/cpp/indents.scm"
Searching for "/Users/hvidsten/.local/share/nvim/lazy/mini.pairs/queries/cpp/indents.scm"
Searching for "/Users/hvidsten/.local/share/nvim/lazy/bufferline.nvim/queries/cpp/indents.scm"
Searching for "/Users/hvidsten/.local/share/nvim/lazy/which-key.nvim/queries/cpp/indents.scm"
Searching for "/Users/hvidsten/.local/share/nvim/lazy/snacks.nvim/queries/cpp/indents.scm"
Searching for "/Users/hvidsten/.local/share/nvim/lazy/tokyonight.nvim/queries/cpp/indents.scm"
Searching for "/Users/hvidsten/.local/share/nvim/lazy/LazyVim/queries/cpp/indents.scm"
Searching for "/opt/homebrew/Cellar/neovim/0.11.5_1/share/nvim/runtime/queries/cpp/indents.scm"
Searching for "/opt/homebrew/Cellar/neovim/0.11.5_1/share/nvim/runtime/pack/dist/opt/netrw/queries/cpp/indents.scm"
Searching for "/opt/homebrew/Cellar/neovim/0.11.5_1/share/nvim/runtime/pack/dist/opt/matchit/queries/cpp/indents.scm"
Searching for "/opt/homebrew/Cellar/neovim/0.11.5_1/lib/nvim/queries/cpp/indents.scm"
Searching for "/Users/hvidsten/.local/state/nvim/lazy/readme/queries/cpp/indents.scm"
Searching for "/Users/hvidsten/.local/share/nvim/lazy/mason-lspconfig.nvim/after/queries/cpp/indents.scm"
Searching for "queries/c/indents.scm" in runtime path
Searching for "/Users/hvidsten/.config/nvim/queries/c/indents.scm"
Searching for "/Users/hvidsten/.local/share/nvim/site/queries/c/indents.scm"
Searching for "/Users/hvidsten/.local/share/nvim/lazy/lazy.nvim/queries/c/indents.scm"
Searching for "/Users/hvidsten/.local/share/nvim/lazy/gitsigns.nvim/queries/c/indents.scm"
Searching for "/Users/hvidsten/.local/share/nvim/lazy/todo-comments.nvim/queries/c/indents.scm"
Searching for "/Users/hvidsten/.local/share/nvim/lazy/nvim-lint/queries/c/indents.scm"
Searching for "/Users/hvidsten/.local/share/nvim/lazy/nvim-ts-autotag/queries/c/indents.scm"
Searching for "/Users/hvidsten/.local/share/nvim/lazy/persistence.nvim/queries/c/indents.scm"
Searching for "/Users/hvidsten/.local/share/nvim/lazy/mason-lspconfig.nvim/queries/c/indents.scm"
Searching for "/Users/hvidsten/.local/share/nvim/lazy/mason.nvim/queries/c/indents.scm"
Searching for "/Users/hvidsten/.local/share/nvim/lazy/nvim-lspconfig/queries/c/indents.scm"
Searching for "/Users/hvidsten/.local/share/nvim/lazy/friendly-snippets/queries/c/indents.scm"
Searching for "/Users/hvidsten/.local/share/nvim/lazy/blink.cmp/queries/c/indents.scm"
Searching for "/Users/hvidsten/.local/share/nvim/lazy/mini.icons/queries/c/indents.scm"
Searching for "/Users/hvidsten/.local/share/nvim/lazy/trouble.nvim/queries/c/indents.scm"
Searching for "/Users/hvidsten/.local/share/nvim/lazy/lualine.nvim/queries/c/indents.scm"
Searching for "/Users/hvidsten/.local/share/nvim/lazy/flash.nvim/queries/c/indents.scm"
Searching for "/Users/hvidsten/.local/share/nvim/lazy/nvim-treesitter/queries/c/indents.scm"
Searching for "/Users/hvidsten/.local/share/nvim/lazy/nvim-treesitter-textobjects/queries/c/indents.scm"
Searching for "/Users/hvidsten/.local/share/nvim/lazy/mini.ai/queries/c/indents.scm"
Searching for "/Users/hvidsten/.local/share/nvim/lazy/ts-comments.nvim/queries/c/indents.scm"
Searching for "/Users/hvidsten/.local/share/nvim/lazy/mini.pairs/queries/c/indents.scm"
Searching for "/Users/hvidsten/.local/share/nvim/lazy/bufferline.nvim/queries/c/indents.scm"
Searching for "/Users/hvidsten/.local/share/nvim/lazy/which-key.nvim/queries/c/indents.scm"
Searching for "/Users/hvidsten/.local/share/nvim/lazy/snacks.nvim/queries/c/indents.scm"
Searching for "/Users/hvidsten/.local/share/nvim/lazy/tokyonight.nvim/queries/c/indents.scm"
Searching for "/Users/hvidsten/.local/share/nvim/lazy/LazyVim/queries/c/indents.scm"
Searching for "/opt/homebrew/Cellar/neovim/0.11.5_1/share/nvim/runtime/queries/c/indents.scm"
Searching for "/opt/homebrew/Cellar/neovim/0.11.5_1/share/nvim/runtime/pack/dist/opt/netrw/queries/c/indents.scm"
Searching for "/opt/homebrew/Cellar/neovim/0.11.5_1/share/nvim/runtime/pack/dist/opt/matchit/queries/c/indents.scm"
Searching for "/opt/homebrew/Cellar/neovim/0.11.5_1/lib/nvim/queries/c/indents.scm"
Searching for "/Users/hvidsten/.local/state/nvim/lazy/readme/queries/c/indents.scm"
Searching for "/Users/hvidsten/.local/share/nvim/lazy/mason-lspconfig.nvim/after/queries/c/indents.scm"
Searching for "queries/cpp/folds.scm" in runtime path
Searching for "/Users/hvidsten/.config/nvim/queries/cpp/folds.scm"
Searching for "/Users/hvidsten/.local/share/nvim/site/queries/cpp/folds.scm"
Searching for "/Users/hvidsten/.local/share/nvim/lazy/lazy.nvim/queries/cpp/folds.scm"
Searching for "/Users/hvidsten/.local/share/nvim/lazy/gitsigns.nvim/queries/cpp/folds.scm"
Searching for "/Users/hvidsten/.local/share/nvim/lazy/todo-comments.nvim/queries/cpp/folds.scm"
Searching for "/Users/hvidsten/.local/share/nvim/lazy/nvim-lint/queries/cpp/folds.scm"
Searching for "/Users/hvidsten/.local/share/nvim/lazy/nvim-ts-autotag/queries/cpp/folds.scm"
Searching for "/Users/hvidsten/.local/share/nvim/lazy/persistence.nvim/queries/cpp/folds.scm"
Searching for "/Users/hvidsten/.local/share/nvim/lazy/mason-lspconfig.nvim/queries/cpp/folds.scm"
Searching for "/Users/hvidsten/.local/share/nvim/lazy/mason.nvim/queries/cpp/folds.scm"
Searching for "/Users/hvidsten/.local/share/nvim/lazy/nvim-lspconfig/queries/cpp/folds.scm"
Searching for "/Users/hvidsten/.local/share/nvim/lazy/friendly-snippets/queries/cpp/folds.scm"
Searching for "/Users/hvidsten/.local/share/nvim/lazy/blink.cmp/queries/cpp/folds.scm"
Searching for "/Users/hvidsten/.local/share/nvim/lazy/mini.icons/queries/cpp/folds.scm"
Searching for "/Users/hvidsten/.local/share/nvim/lazy/trouble.nvim/queries/cpp/folds.scm"
Searching for "/Users/hvidsten/.local/share/nvim/lazy/lualine.nvim/queries/cpp/folds.scm"
Searching for "/Users/hvidsten/.local/share/nvim/lazy/flash.nvim/queries/cpp/folds.scm"
Searching for "/Users/hvidsten/.local/share/nvim/lazy/nvim-treesitter/queries/cpp/folds.scm"
Searching for "/Users/hvidsten/.local/share/nvim/lazy/nvim-treesitter-textobjects/queries/cpp/folds.scm"
Searching for "/Users/hvidsten/.local/share/nvim/lazy/mini.ai/queries/cpp/folds.scm"
Searching for "/Users/hvidsten/.local/share/nvim/lazy/ts-comments.nvim/queries/cpp/folds.scm"
Searching for "/Users/hvidsten/.local/share/nvim/lazy/mini.pairs/queries/cpp/folds.scm"
Searching for "/Users/hvidsten/.local/share/nvim/lazy/bufferline.nvim/queries/cpp/folds.scm"
Searching for "/Users/hvidsten/.local/share/nvim/lazy/which-key.nvim/queries/cpp/folds.scm"
Searching for "/Users/hvidsten/.local/share/nvim/lazy/snacks.nvim/queries/cpp/folds.scm"
Searching for "/Users/hvidsten/.local/share/nvim/lazy/tokyonight.nvim/queries/cpp/folds.scm"
Searching for "/Users/hvidsten/.local/share/nvim/lazy/LazyVim/queries/cpp/folds.scm"
Searching for "/opt/homebrew/Cellar/neovim/0.11.5_1/share/nvim/runtime/queries/cpp/folds.scm"
Searching for "/opt/homebrew/Cellar/neovim/0.11.5_1/share/nvim/runtime/pack/dist/opt/netrw/queries/cpp/folds.scm"
Searching for "/opt/homebrew/Cellar/neovim/0.11.5_1/share/nvim/runtime/pack/dist/opt/matchit/queries/cpp/folds.scm"
Searching for "/opt/homebrew/Cellar/neovim/0.11.5_1/lib/nvim/queries/cpp/folds.scm"
Searching for "/Users/hvidsten/.local/state/nvim/lazy/readme/queries/cpp/folds.scm"
Searching for "/Users/hvidsten/.local/share/nvim/lazy/mason-lspconfig.nvim/after/queries/cpp/folds.scm"
Searching for "queries/c/folds.scm" in runtime path
Searching for "/Users/hvidsten/.config/nvim/queries/c/folds.scm"
Searching for "/Users/hvidsten/.local/share/nvim/site/queries/c/folds.scm"
Searching for "/Users/hvidsten/.local/share/nvim/lazy/lazy.nvim/queries/c/folds.scm"
Searching for "/Users/hvidsten/.local/share/nvim/lazy/gitsigns.nvim/queries/c/folds.scm"
Searching for "/Users/hvidsten/.local/share/nvim/lazy/todo-comments.nvim/queries/c/folds.scm"
Searching for "/Users/hvidsten/.local/share/nvim/lazy/nvim-lint/queries/c/folds.scm"
Searching for "/Users/hvidsten/.local/share/nvim/lazy/nvim-ts-autotag/queries/c/folds.scm"
Searching for "/Users/hvidsten/.local/share/nvim/lazy/persistence.nvim/queries/c/folds.scm"
Searching for "/Users/hvidsten/.local/share/nvim/lazy/mason-lspconfig.nvim/queries/c/folds.scm"
Searching for "/Users/hvidsten/.local/share/nvim/lazy/mason.nvim/queries/c/folds.scm"
Searching for "/Users/hvidsten/.local/share/nvim/lazy/nvim-lspconfig/queries/c/folds.scm"
Searching for "/Users/hvidsten/.local/share/nvim/lazy/friendly-snippets/queries/c/folds.scm"
Searching for "/Users/hvidsten/.local/share/nvim/lazy/blink.cmp/queries/c/folds.scm"
Searching for "/Users/hvidsten/.local/share/nvim/lazy/mini.icons/queries/c/folds.scm"
Searching for "/Users/hvidsten/.local/share/nvim/lazy/trouble.nvim/queries/c/folds.scm"
Searching for "/Users/hvidsten/.local/share/nvim/lazy/lualine.nvim/queries/c/folds.scm"
Searching for "/Users/hvidsten/.local/share/nvim/lazy/flash.nvim/queries/c/folds.scm"
Searching for "/Users/hvidsten/.local/share/nvim/lazy/nvim-treesitter/queries/c/folds.scm"
Searching for "/Users/hvidsten/.local/share/nvim/lazy/nvim-treesitter-textobjects/queries/c/folds.scm"
Searching for "/Users/hvidsten/.local/share/nvim/lazy/mini.ai/queries/c/folds.scm"
Searching for "/Users/hvidsten/.local/share/nvim/lazy/ts-comments.nvim/queries/c/folds.scm"
Searching for "/Users/hvidsten/.local/share/nvim/lazy/mini.pairs/queries/c/folds.scm"
Searching for "/Users/hvidsten/.local/share/nvim/lazy/bufferline.nvim/queries/c/folds.scm"
Searching for "/Users/hvidsten/.local/share/nvim/lazy/which-key.nvim/queries/c/folds.scm"
Searching for "/Users/hvidsten/.local/share/nvim/lazy/snacks.nvim/queries/c/folds.scm"
Searching for "/Users/hvidsten/.local/share/nvim/lazy/tokyonight.nvim/queries/c/folds.scm"
Searching for "/Users/hvidsten/.local/share/nvim/lazy/LazyVim/queries/c/folds.scm"
Searching for "/opt/homebrew/Cellar/neovim/0.11.5_1/share/nvim/runtime/queries/c/folds.scm"
Searching for "/opt/homebrew/Cellar/neovim/0.11.5_1/share/nvim/runtime/pack/dist/opt/netrw/queries/c/folds.scm"
Searching for "/opt/homebrew/Cellar/neovim/0.11.5_1/share/nvim/runtime/pack/dist/opt/matchit/queries/c/folds.scm"
Searching for "/opt/homebrew/Cellar/neovim/0.11.5_1/lib/nvim/queries/c/folds.scm"
Searching for "/Users/hvidsten/.local/state/nvim/lazy/readme/queries/c/folds.scm"
Searching for "/Users/hvidsten/.local/share/nvim/lazy/mason-lspconfig.nvim/after/queries/c/folds.scm"
Executing: 
Executing FileType Autocommands for "*"
autocommand call v:lua.require'lualine'.refresh({'kind': 'window', 'place': ['statusline'], 'trigger': 'autocmd'})

Executing: call v:lua.require'lualine'.refresh({'kind': 'window', 'place': ['statusline'], 'trigger': 'autocmd'})
Executing FileType Autocommands for "*"
autocommand <Lua 761: /opt/homebrew/Cellar/neovim/0.11.5_1/share/nvim/runtime/lua/vim/lsp.lua:627>

Executing: 
Executing FileType Autocommands for "*"
autocommand <Lua 958: ~/.local/share/nvim/lazy/nvim-ts-autotag/lua/nvim-ts-autotag/config/plugin.lua:220>

Executing: 
Executing: 
autocommand if !did_filetype() && expand('<amatch>') !~ g:ft_ignore_pat | runtime! scripts.vim | endif

Executing: if !did_filetype() && expand('<amatch>') !~ g:ft_ignore_pat | runtime! scripts.vim | endif
Executing:  runtime! scripts.vim | endif
Executing:  endif
Executing BufReadPost Autocommands for "*"
autocommand <Lua 235: ~/.local/share/nvim/lazy/snacks.nvim/lua/snacks/init.lua:190>

Searching for "parser/comment.*" in runtime path
Searching for "/Users/hvidsten/.config/nvim/parser/comment.*"
Searching for "/Users/hvidsten/.local/share/nvim/site/parser/comment.*"
Searching for "/Users/hvidsten/.local/share/nvim/lazy/lazy.nvim/parser/comment.*"
Searching for "/Users/hvidsten/.local/share/nvim/lazy/gitsigns.nvim/parser/comment.*"
Searching for "/Users/hvidsten/.local/share/nvim/lazy/todo-comments.nvim/parser/comment.*"
Searching for "/Users/hvidsten/.local/share/nvim/lazy/nvim-lint/parser/comment.*"
Searching for "/Users/hvidsten/.local/share/nvim/lazy/nvim-ts-autotag/parser/comment.*"
Searching for "/Users/hvidsten/.local/share/nvim/lazy/persistence.nvim/parser/comment.*"
Searching for "/Users/hvidsten/.local/share/nvim/lazy/mason-lspconfig.nvim/parser/comment.*"
Searching for "/Users/hvidsten/.local/share/nvim/lazy/mason.nvim/parser/comment.*"
Searching for "/Users/hvidsten/.local/share/nvim/lazy/nvim-lspconfig/parser/comment.*"
Searching for "/Users/hvidsten/.local/share/nvim/lazy/friendly-snippets/parser/comment.*"
Searching for "/Users/hvidsten/.local/share/nvim/lazy/blink.cmp/parser/comment.*"
Searching for "/Users/hvidsten/.local/share/nvim/lazy/mini.icons/parser/comment.*"
Searching for "/Users/hvidsten/.local/share/nvim/lazy/trouble.nvim/parser/comment.*"
Searching for "/Users/hvidsten/.local/share/nvim/lazy/lualine.nvim/parser/comment.*"
Searching for "/Users/hvidsten/.local/share/nvim/lazy/flash.nvim/parser/comment.*"
Searching for "/Users/hvidsten/.local/share/nvim/lazy/nvim-treesitter/parser/comment.*"
Searching for "/Users/hvidsten/.local/share/nvim/lazy/nvim-treesitter-textobjects/parser/comment.*"
Searching for "/Users/hvidsten/.local/share/nvim/lazy/mini.ai/parser/comment.*"
Searching for "/Users/hvidsten/.local/share/nvim/lazy/ts-comments.nvim/parser/comment.*"
Searching for "/Users/hvidsten/.local/share/nvim/lazy/mini.pairs/parser/comment.*"
Searching for "/Users/hvidsten/.local/share/nvim/lazy/bufferline.nvim/parser/comment.*"
Searching for "/Users/hvidsten/.local/share/nvim/lazy/which-key.nvim/parser/comment.*"
Searching for "/Users/hvidsten/.local/share/nvim/lazy/snacks.nvim/parser/comment.*"
Searching for "/Users/hvidsten/.local/share/nvim/lazy/tokyonight.nvim/parser/comment.*"
Searching for "/Users/hvidsten/.local/share/nvim/lazy/LazyVim/parser/comment.*"
Searching for "/opt/homebrew/Cellar/neovim/0.11.5_1/share/nvim/runtime/parser/comment.*"
Searching for "/opt/homebrew/Cellar/neovim/0.11.5_1/share/nvim/runtime/pack/dist/opt/netrw/parser/comment.*"
Searching for "/opt/homebrew/Cellar/neovim/0.11.5_1/share/nvim/runtime/pack/dist/opt/matchit/parser/comment.*"
Searching for "/opt/homebrew/Cellar/neovim/0.11.5_1/lib/nvim/parser/comment.*"
Searching for "/Users/hvidsten/.local/state/nvim/lazy/readme/parser/comment.*"
Searching for "/Users/hvidsten/.local/share/nvim/lazy/mason-lspconfig.nvim/after/parser/comment.*"
not found in runtime path: "parser/comment.*"
Executing: 
Executing BufReadPost Autocommands for "*"
autocommand <Lua 244: /opt/homebrew/Cellar/neovim/0.11.5_1/share/nvim/runtime/plugin/editorconfig.lua:4>

Executing: 
Executing BufReadPost Autocommands for "*"
autocommand <Lua 302: ~/.local/share/nvim/lazy/bufferline.nvim/lua/bufferline.lua:136>

Executing: 
Executing BufReadPost Autocommands for "*"
autocommand <Lua 405: ~/.local/share/nvim/lazy/LazyVim/lua/lazyvim/config/autocmds.lua:42>

Executing: 
Executing BufReadPost Autocommands for "*"
autocommand <Lua 507: ~/.local/share/nvim/lazy/which-key.nvim/lua/which-key/state.lua:135>

Executing: 
Executing BufEnter Autocommands for "*"
autocommand <Lua 254: ~/.local/share/nvim/lazy/snacks.nvim/lua/snacks/explorer/init.lua:33>

Executing: 
Executing BufEnter Autocommands for "*"
autocommand <Lua 303: ~/.local/share/nvim/lazy/bufferline.nvim/lua/bufferline.lua:141>

Executing: 
Executing BufEnter Autocommands for "*"
autocommand <Lua 318: ~/.local/share/nvim/lazy/trouble.nvim/lua/trouble/view/main.lua:16>

Executing: 
Executing BufEnter Autocommands for "*"
autocommand <Lua 354: ~/.local/share/nvim/lazy/trouble.nvim/lua/trouble/view/section.lua:148>

Executing: 
Executing BufEnter Autocommands for "*"
autocommand lua require'lualine.components.branch.git_branch'.find_git_dir()

Executing: lua require'lualine.components.branch.git_branch'.find_git_dir()
Executing BufEnter Autocommands for "*"
autocommand call v:lua.require'lualine'.refresh({'kind': 'window', 'place': ['statusline'], 'trigger': 'autocmd'})

Executing: call v:lua.require'lualine'.refresh({'kind': 'window', 'place': ['statusline'], 'trigger': 'autocmd'})
Executing BufEnter Autocommands for "*"
autocommand <Lua 497: ~/.local/share/nvim/lazy/LazyVim/lua/lazyvim/util/root.lua:165>

Executing: 
Executing BufEnter Autocommands for "*"
autocommand <Lua 509: ~/.local/share/nvim/lazy/which-key.nvim/lua/which-key/state.lua:145>

Executing: 
Executing BufWinEnter Autocommands for "*"
autocommand autocmd SafeState * ++once call s:Highlight_Matching_Pair()

Executing: autocmd SafeState * ++once call s:Highlight_Matching_Pair()
Executing BufWinEnter Autocommands for "*"
autocommand <Lua 80: vim/_editor.lua:0>

Executing: 
Executing BufWinEnter Autocommands for "*"
autocommand <Lua 650: ~/.local/share/nvim/lazy/snacks.nvim/lua/snacks/picker/core/preview.lua:36>

Executing: 
Executing BufWinEnter Autocommands for "*"
autocommand <Lua 178: ~/.local/share/nvim/lazy/todo-comments.nvim/lua/todo-comments/highlight.lua:415>

Executing: 
line 1: unlet! b:keymap_name
Exception thrown: Vim(buffer):E325: ATTENTION

finished sourcing nvim_exec2()
Exception discarded: Vim(buffer):E325: ATTENTION

Error executing vim.schedule lua callback: vim/_editor.lua:0: nvim_exec2(), line 1: Vim(buffer):E325: ATTENTION
stack traceback:
	[C]: in function 'nvim_exec2'
	vim/_editor.lua: in function 'cmd'
	...hare/nvim/lazy/snacks.nvim/lua/snacks/picker/actions.lua:139: in function 'jump'
	...hare/nvim/lazy/snacks.nvim/lua/snacks/picker/actions.lua:42: in function <...hare/nvim/lazy/snacks.nvim/lua/snacks/picker/actions.lua:41>
sourcing "nvim_exec2()"
line 1: highlight! lualine_c_filetype_MiniIconsAzure_normal guifg=#0db9d7 guibg=#1e2030 gui=nocombine
finished sourcing nvim_exec2()
sourcing "nvim_exec2()"
line 1: highlight! lualine_c_filetype_MiniIconsAzure_insert guifg=#0db9d7 guibg=#1e2030 gui=nocombine
finished sourcing nvim_exec2()
sourcing "nvim_exec2()"
line 1: highlight! lualine_c_filetype_MiniIconsAzure_visual guifg=#0db9d7 guibg=#1e2030 gui=nocombine
finished sourcing nvim_exec2()
sourcing "nvim_exec2()"
line 1: highlight! lualine_c_filetype_MiniIconsAzure_replace guifg=#0db9d7 guibg=#1e2030 gui=nocombine
finished sourcing nvim_exec2()
sourcing "nvim_exec2()"
line 1: highlight! lualine_c_filetype_MiniIconsAzure_command guifg=#0db9d7 guibg=#1e2030 gui=nocombine
finished sourcing nvim_exec2()
sourcing "nvim_exec2()"
line 1: highlight! lualine_c_filetype_MiniIconsAzure_terminal guifg=#0db9d7 guibg=#1e2030 gui=nocombine
finished sourcing nvim_exec2()
sourcing "nvim_exec2()"
line 1: highlight! lualine_c_filetype_MiniIconsAzure_inactive guifg=#0db9d7 guibg=#1e2030 gui=nocombine
finished sourcing nvim_exec2()
sourcing "nvim_exec2()"
line 1: highlight! lualine_transitional_lualine_b_normal_to_lualine_c_filetype_MiniIconsAzure_normal guifg=#3b4261 guibg=#1e2030 gui=nocombine
finished sourcing nvim_exec2()
Executing LspAttach Autocommands for "*"
autocommand <Lua 236: ~/.local/share/nvim/lazy/snacks.nvim/lua/snacks/init.lua:190>

Executing: 
Executing LspAttach Autocommands for "*"
autocommand <Lua 324: ~/.local/share/nvim/lazy/trouble.nvim/lua/trouble/sources/lsp.lua:33>

Executing: 
Executing LspAttach Autocommands for "*"
autocommand <Lua 359: ~/.local/share/nvim/lazy/trouble.nvim/lua/trouble/view/section.lua:148>

Executing: 
Executing LspAttach Autocommands for "*"
autocommand <Lua 463: /opt/homebrew/Cellar/neovim/0.11.5_1/share/nvim/runtime/lua/vim/lsp/inlay_hint.lua:268>

Executing: 
Executing LspAttach Autocommands for "*"
autocommand <Lua 494: ~/.local/share/nvim/lazy/LazyVim/lua/lazyvim/util/root.lua:165>

Executing: 
Executing LspAttach Autocommands for "*"
autocommand <Lua 505: ~/.local/share/nvim/lazy/which-key.nvim/lua/which-key/state.lua:126>

Executing: 
Executing LspAttach Autocommands for "*"
autocommand <Lua 909: ~/.local/share/nvim/lazy/snacks.nvim/lua/snacks/util/lsp.lua:72>

Executing: 
Executing LspNotify Autocommands for "*"
autocommand <Lua 462: /opt/homebrew/Cellar/neovim/0.11.5_1/share/nvim/runtime/lua/vim/lsp/inlay_hint.lua:251>

Executing: 
Executing CursorMoved Autocommands for "*"
autocommand call s:Highlight_Matching_Pair()

Executing: call s:Highlight_Matching_Pair()
calling <SNR>24_Highlight_Matching_Pair()

line 1:   if !exists("w:matchparen_ids")
line 2:     let w:matchparen_ids = []
line 3:   endif
line 4:   " Remove any previous match.
line 5:   call s:Remove_Matches()
calling <SNR>24_Remove_Matches()

line 1:   if exists('w:paren_hl_on') && w:paren_hl_on
line 2:     while !empty(w:matchparen_ids)
line 3:       silent! call remove(w:matchparen_ids, 0)->matchdelete()
line 4:     endwhile
line 5:     let w:paren_hl_on = 0
line 6:   endif
<SNR>24_Remove_Matches returning #0

continuing in <SNR>24_Highlight_Matching_Pair

line 6: 
line 7:   " Avoid that we remove the popup menu.
line 8:   " Return when there are no colors (looks like the cursor jumps).
line 9:   if pumvisible() || (&t_Co < 8 && !has("gui_running"))
line 10:     return
line 11:   endif
line 12: 
line 13:   " Get the character under the cursor and check if it's in 'matchpairs'.
line 14:   let c_lnum = line('.')
line 15:   let c_col = col('.')
line 16:   let before = 0
line 17: 
line 18:   let text = getline(c_lnum)
line 19:   let c_before = text->strpart(0, c_col - 1)->slice(-1)
line 20:   let c = text->strpart(c_col - 1)->slice(0, 1)
line 21:   let plist = split(&matchpairs, '.\zs[:,]')
line 22:   let i = index(plist, c)
line 23:   if i < 0
line 24:     " not found, in Insert mode try character before the cursor
line 25:     if c_col > 1 && (mode() == 'i' || mode() == 'R')
line 26:       let before = strlen(c_before)
line 27:       let c = c_before
line 28:       let i = index(plist, c)
line 29:     endif
line 30:     if i < 0
line 31:       " not found, nothing to do
line 32:       return
line 33:     endif
line 34:   endif
line 35: 
line 36:   " Figure out the arguments for searchpairpos().
line 37:   if i % 2 == 0
line 38:     let s_flags = 'nW'
line 39:     let c2 = plist[i + 1]
line 40:   else
line 41:     let s_flags = 'nbW'
line 42:     let c2 = c
line 43:     let c = plist[i - 1]
line 44:   endif
line 45:   if c == '['
line 46:     let c = '\['
line 47:     let c2 = '\]'
line 48:   endif
line 49: 
line 50:   " Find the match.  When it was just before the cursor move it there for a
line 51:   " moment.
line 52:   if before > 0
line 53:     let save_cursor = getcurpos()
line 54:     call cursor(c_lnum, c_col - before)
line 55:     defer setpos('.', save_cursor)
line 56:   endif
line 57: 
line 58:   if !has("syntax") || !exists("g:syntax_on")
line 59:     let s_skip = "0"
line 60:   elseif exists("b:ts_highlight") && &syntax != 'on'
line 61:     let s_skip = "match(v:lua.vim.treesitter.get_captures_at_cursor(), '" .. 'string\|character\|singlequote\|escape\|symbol\|comment' .. "') != -1"
line 64:   else
line 65:     " do not attempt to match when the syntax item where the cursor is
line 66:     " indicates there does not exist a matching parenthesis, e.g. for shells
line 67:     " case statement: "case $var in foobar)"
line 68:     "
line 69:     " add the check behind a filetype check, so it only needs to be
line 70:     " evaluated for certain filetypes
line 71:     if ['sh']->index(&filetype) >= 0 && synstack(".", col("."))->indexof({_, id -> synIDattr(id, "name") =~? "shSnglCase"}) >= 0
line 74:       return
line 75:     endif
line 76:     " Build an expression that detects whether the current cursor position is
line 77:     " in certain syntax types (string, comment, etc.), for use as
line 78:     " searchpairpos()'s skip argument.
line 79:     " We match "escape" for special items, such as lispEscapeSpecial, and
line 80:     " match "symbol" for lispBarSymbol.
line 81:     let s_skip = 'synstack(".", col("."))' . '->indexof({_, id -> synIDattr(id, "name") =~? ' . '"string\\|character\\|singlequote\\|escape\\|symbol\\|comment"}) >= 0'
line 84:     " If executing the expression determines that the cursor is currently in
line 85:     " one of the syntax types, then we want searchpairpos() to find the pair
line 86:     " within those syntax types (i.e., not skip).  Otherwise, the cursor is
line 87:     " outside of the syntax types and s_skip should keep its value so we skip
line 88:     " any matching pair inside the syntax types.
line 89:     " Catch if this throws E363: pattern uses more memory than 'maxmempattern'.
line 90:     try
line 91:       execute 'if ' . s_skip . ' | let s_skip = "0" | endif'
line 92:     catch /^Vim\%((\a\+)\)\=:E363/
line 93:       " We won't find anything, so skip searching, should keep Vim responsive.
line 94:       return
line 95:     endtry
line 96:   endif
line 97: 
line 98:   " Limit the search to lines visible in the window.
line 99:   let stoplinebottom = line('w$')
line 100:   let stoplinetop = line('w0')
line 101:   if i % 2 == 0
line 102:     let stopline = stoplinebottom
line 103:   else
line 104:     let stopline = stoplinetop
line 105:   endif
line 106: 
line 107:   " Limit the search time to 300 msec to avoid a hang on very long lines.
line 108:   " This fails when a timeout is not supported.
line 109:   if mode() == 'i' || mode() == 'R'
line 110:     let timeout = exists("b:matchparen_insert_timeout") ? b:matchparen_insert_timeout : g:matchparen_insert_timeout
line 111:   else
line 112:     let timeout = exists("b:matchparen_timeout") ? b:matchparen_timeout : g:matchparen_timeout
line 113:   endif
line 114:   try
line 115:     let [m_lnum, m_col] = searchpairpos(c, '', c2, s_flags, s_skip, stopline, timeout)
line 116:   catch /E118/
line 117:     " Can't use the timeout, restrict the stopline a bit more to avoid taking
line 118:     " a long time on closed folds and long lines.
line 119:     " The "viewable" variables give a range in which we can scroll while
line 120:     " keeping the cursor at the same position.
line 121:     " adjustedScrolloff accounts for very large numbers of scrolloff.
line 122:     let adjustedScrolloff = min([&scrolloff, (line('w$') - line('w0')) / 2])
line 123:     let bottom_viewable = min([line('$'), c_lnum + &lines - adjustedScrolloff - 2])
line 124:     let top_viewable = max([1, c_lnum-&lines+adjustedScrolloff + 2])
line 125:     " one of these stoplines will be adjusted below, but the current values are
line 126:     " minimal boundaries within the current window
line 127:     if i % 2 == 0
line 128:       if has("byte_offset") && has("syntax_items") && &smc > 0
line 129: ^Ilet stopbyte = min([line2byte("$"), line2byte(".") + col(".") + &smc * 2])
line 130: ^Ilet stopline = min([bottom_viewable, byte2line(stopbyte)])
line 131:       else
line 132: ^Ilet stopline = min([bottom_viewable, c_lnum + 100])
line 133:       endif
line 134:       let stoplinebottom = stopline
line 135:     else
line 136:       if has("byte_offset") && has("syntax_items") && &smc > 0
line 137: ^Ilet stopbyte = max([1, line2byte(".") + col(".") - &smc * 2])
line 138: ^Ilet stopline = max([top_viewable, byte2line(stopbyte)])
line 139:       else
line 140: ^Ilet stopline = max([top_viewable, c_lnum - 100])
line 141:       endif
line 142:       let stoplinetop = stopline
line 143:     endif
line 144:     let [m_lnum, m_col] = searchpairpos(c, '', c2, s_flags, s_skip, stopline)
line 145:   endtry
line 146: 
line 147:   " If a match is found setup match highlighting.
line 148:   if m_lnum > 0 && m_lnum >= stoplinetop && m_lnum <= stoplinebottom
line 149:     if !g:matchparen_disable_cursor_hl
line 150:       call add(w:matchparen_ids, matchaddpos('MatchParen', [[c_lnum, c_col - before], [m_lnum, m_col]], 10))
line 151:     else
line 152:       call add(w:matchparen_ids, matchaddpos('MatchParen', [[m_lnum, m_col]], 10))
line 153:     endif
line 154:     let w:paren_hl_on = 1
line 155:   endif
<SNR>24_Highlight_Matching_Pair returning #0

continuing in CursorMoved Autocommands for "*"

Executing CursorMoved Autocommands for "*"
autocommand <Lua 223: vim/_editor.lua:0>

Executing: 
Executing CursorMoved Autocommands for "*"
autocommand <Lua 390: ~/.local/share/nvim/lazy/flash.nvim/lua/flash/plugins/char.lua:142>

Executing: 
Executing CursorMoved Autocommands for "*"
autocommand <Lua 358: ~/.local/share/nvim/lazy/trouble.nvim/lua/trouble/view/section.lua:148>

Executing: 
Executing CursorMoved Autocommands for "*"
autocommand call v:lua.require'lualine'.refresh({'kind': 'window', 'place': ['statusline'], 'trigger': 'autocmd'})

Executing: call v:lua.require'lualine'.refresh({'kind': 'window', 'place': ['statusline'], 'trigger': 'autocmd'})
Executing CursorMoved Autocommands for "*"
autocommand <Lua 934: ~/.local/share/nvim/lazy/blink.cmp/lua/blink/cmp/lib/buffer_events.lua:88>

Executing: 
Executing CursorMoved Autocommands for "*"
autocommand <Lua 619: ~/.local/share/nvim/lazy/snacks.nvim/lua/snacks/scope.lua:678>

Executing: 
Executing CursorMoved Autocommands for "*"
autocommand <Lua 864: ~/.local/share/nvim/lazy/snacks.nvim/lua/snacks/words.lua:42>

Executing: 
Executing WinScrolled Autocommands for "*"
autocommand call s:Highlight_Matching_Pair()

Executing: call s:Highlight_Matching_Pair()
calling <SNR>24_Highlight_Matching_Pair()

line 1:   if !exists("w:matchparen_ids")
line 2:     let w:matchparen_ids = []
line 3:   endif
line 4:   " Remove any previous match.
line 5:   call s:Remove_Matches()
calling <SNR>24_Remove_Matches()

line 1:   if exists('w:paren_hl_on') && w:paren_hl_on
line 2:     while !empty(w:matchparen_ids)
line 3:       silent! call remove(w:matchparen_ids, 0)->matchdelete()
line 4:     endwhile
line 2:     while !empty(w:matchparen_ids)
line 3:       silent! call remove(w:matchparen_ids, 0)->matchdelete()
line 4:     endwhile
line 5:     let w:paren_hl_on = 0
line 6:   endif
<SNR>24_Remove_Matches returning #0

continuing in <SNR>24_Highlight_Matching_Pair

line 6: 
line 7:   " Avoid that we remove the popup menu.
line 8:   " Return when there are no colors (looks like the cursor jumps).
line 9:   if pumvisible() || (&t_Co < 8 && !has("gui_running"))
line 10:     return
line 11:   endif
line 12: 
line 13:   " Get the character under the cursor and check if it's in 'matchpairs'.
line 14:   let c_lnum = line('.')
line 15:   let c_col = col('.')
line 16:   let before = 0
line 17: 
line 18:   let text = getline(c_lnum)
line 19:   let c_before = text->strpart(0, c_col - 1)->slice(-1)
line 20:   let c = text->strpart(c_col - 1)->slice(0, 1)
line 21:   let plist = split(&matchpairs, '.\zs[:,]')
line 22:   let i = index(plist, c)
line 23:   if i < 0
line 24:     " not found, in Insert mode try character before the cursor
line 25:     if c_col > 1 && (mode() == 'i' || mode() == 'R')
line 26:       let before = strlen(c_before)
line 27:       let c = c_before
line 28:       let i = index(plist, c)
line 29:     endif
line 30:     if i < 0
line 31:       " not found, nothing to do
line 32:       return
line 33:     endif
line 34:   endif
line 35: 
line 36:   " Figure out the arguments for searchpairpos().
line 37:   if i % 2 == 0
line 38:     let s_flags = 'nW'
line 39:     let c2 = plist[i + 1]
line 40:   else
line 41:     let s_flags = 'nbW'
line 42:     let c2 = c
line 43:     let c = plist[i - 1]
line 44:   endif
line 45:   if c == '['
line 46:     let c = '\['
line 47:     let c2 = '\]'
line 48:   endif
line 49: 
line 50:   " Find the match.  When it was just before the cursor move it there for a
line 51:   " moment.
line 52:   if before > 0
line 53:     let save_cursor = getcurpos()
line 54:     call cursor(c_lnum, c_col - before)
line 55:     defer setpos('.', save_cursor)
line 56:   endif
line 57: 
line 58:   if !has("syntax") || !exists("g:syntax_on")
line 59:     let s_skip = "0"
line 60:   elseif exists("b:ts_highlight") && &syntax != 'on'
line 61:     let s_skip = "match(v:lua.vim.treesitter.get_captures_at_cursor(), '" .. 'string\|character\|singlequote\|escape\|symbol\|comment' .. "') != -1"
line 64:   else
line 65:     " do not attempt to match when the syntax item where the cursor is
line 66:     " indicates there does not exist a matching parenthesis, e.g. for shells
line 67:     " case statement: "case $var in foobar)"
line 68:     "
line 69:     " add the check behind a filetype check, so it only needs to be
line 70:     " evaluated for certain filetypes
line 71:     if ['sh']->index(&filetype) >= 0 && synstack(".", col("."))->indexof({_, id -> synIDattr(id, "name") =~? "shSnglCase"}) >= 0
line 74:       return
line 75:     endif
line 76:     " Build an expression that detects whether the current cursor position is
line 77:     " in certain syntax types (string, comment, etc.), for use as
line 78:     " searchpairpos()'s skip argument.
line 79:     " We match "escape" for special items, such as lispEscapeSpecial, and
line 80:     " match "symbol" for lispBarSymbol.
line 81:     let s_skip = 'synstack(".", col("."))' . '->indexof({_, id -> synIDattr(id, "name") =~? ' . '"string\\|character\\|singlequote\\|escape\\|symbol\\|comment"}) >= 0'
line 84:     " If executing the expression determines that the cursor is currently in
line 85:     " one of the syntax types, then we want searchpairpos() to find the pair
line 86:     " within those syntax types (i.e., not skip).  Otherwise, the cursor is
line 87:     " outside of the syntax types and s_skip should keep its value so we skip
line 88:     " any matching pair inside the syntax types.
line 89:     " Catch if this throws E363: pattern uses more memory than 'maxmempattern'.
line 90:     try
line 91:       execute 'if ' . s_skip . ' | let s_skip = "0" | endif'
line 92:     catch /^Vim\%((\a\+)\)\=:E363/
line 93:       " We won't find anything, so skip searching, should keep Vim responsive.
line 94:       return
line 95:     endtry
line 96:   endif
line 97: 
line 98:   " Limit the search to lines visible in the window.
line 99:   let stoplinebottom = line('w$')
line 100:   let stoplinetop = line('w0')
line 101:   if i % 2 == 0
line 102:     let stopline = stoplinebottom
line 103:   else
line 104:     let stopline = stoplinetop
line 105:   endif
line 106: 
line 107:   " Limit the search time to 300 msec to avoid a hang on very long lines.
line 108:   " This fails when a timeout is not supported.
line 109:   if mode() == 'i' || mode() == 'R'
line 110:     let timeout = exists("b:matchparen_insert_timeout") ? b:matchparen_insert_timeout : g:matchparen_insert_timeout
line 111:   else
line 112:     let timeout = exists("b:matchparen_timeout") ? b:matchparen_timeout : g:matchparen_timeout
line 113:   endif
line 114:   try
line 115:     let [m_lnum, m_col] = searchpairpos(c, '', c2, s_flags, s_skip, stopline, timeout)
line 116:   catch /E118/
line 117:     " Can't use the timeout, restrict the stopline a bit more to avoid taking
line 118:     " a long time on closed folds and long lines.
line 119:     " The "viewable" variables give a range in which we can scroll while
line 120:     " keeping the cursor at the same position.
line 121:     " adjustedScrolloff accounts for very large numbers of scrolloff.
line 122:     let adjustedScrolloff = min([&scrolloff, (line('w$') - line('w0')) / 2])
line 123:     let bottom_viewable = min([line('$'), c_lnum + &lines - adjustedScrolloff - 2])
line 124:     let top_viewable = max([1, c_lnum-&lines+adjustedScrolloff + 2])
line 125:     " one of these stoplines will be adjusted below, but the current values are
line 126:     " minimal boundaries within the current window
line 127:     if i % 2 == 0
line 128:       if has("byte_offset") && has("syntax_items") && &smc > 0
line 129: ^Ilet stopbyte = min([line2byte("$"), line2byte(".") + col(".") + &smc * 2])
line 130: ^Ilet stopline = min([bottom_viewable, byte2line(stopbyte)])
line 131:       else
line 132: ^Ilet stopline = min([bottom_viewable, c_lnum + 100])
line 133:       endif
line 134:       let stoplinebottom = stopline
line 135:     else
line 136:       if has("byte_offset") && has("syntax_items") && &smc > 0
line 137: ^Ilet stopbyte = max([1, line2byte(".") + col(".") - &smc * 2])
line 138: ^Ilet stopline = max([top_viewable, byte2line(stopbyte)])
line 139:       else
line 140: ^Ilet stopline = max([top_viewable, c_lnum - 100])
line 141:       endif
line 142:       let stoplinetop = stopline
line 143:     endif
line 144:     let [m_lnum, m_col] = searchpairpos(c, '', c2, s_flags, s_skip, stopline)
line 145:   endtry
line 146: 
line 147:   " If a match is found setup match highlighting.
line 148:   if m_lnum > 0 && m_lnum >= stoplinetop && m_lnum <= stoplinebottom
line 149:     if !g:matchparen_disable_cursor_hl
line 150:       call add(w:matchparen_ids, matchaddpos('MatchParen', [[c_lnum, c_col - before], [m_lnum, m_col]], 10))
line 151:     else
line 152:       call add(w:matchparen_ids, matchaddpos('MatchParen', [[m_lnum, m_col]], 10))
line 153:     endif
line 154:     let w:paren_hl_on = 1
line 155:   endif
<SNR>24_Highlight_Matching_Pair returning #0

continuing in WinScrolled Autocommands for "*"

Executing WinScrolled Autocommands for "*"
autocommand <Lua 227: ~/.local/share/nvim/lazy/snacks.nvim/lua/snacks/scroll.lua:219>

Executing: 
Executing WinScrolled Autocommands for "*"
autocommand <Lua 906: ~/.local/share/nvim/lazy/blink.cmp/lua/blink/cmp/completion/windows/menu.lua:62>

Executing: 
Executing WinScrolled Autocommands for "*"
autocommand <Lua 576: ~/.local/share/nvim/lazy/todo-comments.nvim/lua/todo-comments/highlight.lua:421>

Executing: 
Executing SafeState Autocommands for "*"
autocommand call s:Highlight_Matching_Pair()

Executing: call s:Highlight_Matching_Pair()
calling <SNR>24_Highlight_Matching_Pair()

line 1:   if !exists("w:matchparen_ids")
line 2:     let w:matchparen_ids = []
line 3:   endif
line 4:   " Remove any previous match.
line 5:   call s:Remove_Matches()
calling <SNR>24_Remove_Matches()

line 1:   if exists('w:paren_hl_on') && w:paren_hl_on
line 2:     while !empty(w:matchparen_ids)
line 3:       silent! call remove(w:matchparen_ids, 0)->matchdelete()
line 4:     endwhile
line 2:     while !empty(w:matchparen_ids)
line 3:       silent! call remove(w:matchparen_ids, 0)->matchdelete()
line 4:     endwhile
line 5:     let w:paren_hl_on = 0
line 6:   endif
<SNR>24_Remove_Matches returning #0

continuing in <SNR>24_Highlight_Matching_Pair

line 6: 
line 7:   " Avoid that we remove the popup menu.
line 8:   " Return when there are no colors (looks like the cursor jumps).
line 9:   if pumvisible() || (&t_Co < 8 && !has("gui_running"))
line 10:     return
line 11:   endif
line 12: 
line 13:   " Get the character under the cursor and check if it's in 'matchpairs'.
line 14:   let c_lnum = line('.')
line 15:   let c_col = col('.')
line 16:   let before = 0
line 17: 
line 18:   let text = getline(c_lnum)
line 19:   let c_before = text->strpart(0, c_col - 1)->slice(-1)
line 20:   let c = text->strpart(c_col - 1)->slice(0, 1)
line 21:   let plist = split(&matchpairs, '.\zs[:,]')
line 22:   let i = index(plist, c)
line 23:   if i < 0
line 24:     " not found, in Insert mode try character before the cursor
line 25:     if c_col > 1 && (mode() == 'i' || mode() == 'R')
line 26:       let before = strlen(c_before)
line 27:       let c = c_before
line 28:       let i = index(plist, c)
line 29:     endif
line 30:     if i < 0
line 31:       " not found, nothing to do
line 32:       return
line 33:     endif
line 34:   endif
line 35: 
line 36:   " Figure out the arguments for searchpairpos().
line 37:   if i % 2 == 0
line 38:     let s_flags = 'nW'
line 39:     let c2 = plist[i + 1]
line 40:   else
line 41:     let s_flags = 'nbW'
line 42:     let c2 = c
line 43:     let c = plist[i - 1]
line 44:   endif
line 45:   if c == '['
line 46:     let c = '\['
line 47:     let c2 = '\]'
line 48:   endif
line 49: 
line 50:   " Find the match.  When it was just before the cursor move it there for a
line 51:   " moment.
line 52:   if before > 0
line 53:     let save_cursor = getcurpos()
line 54:     call cursor(c_lnum, c_col - before)
line 55:     defer setpos('.', save_cursor)
line 56:   endif
line 57: 
line 58:   if !has("syntax") || !exists("g:syntax_on")
line 59:     let s_skip = "0"
line 60:   elseif exists("b:ts_highlight") && &syntax != 'on'
line 61:     let s_skip = "match(v:lua.vim.treesitter.get_captures_at_cursor(), '" .. 'string\|character\|singlequote\|escape\|symbol\|comment' .. "') != -1"
line 64:   else
line 65:     " do not attempt to match when the syntax item where the cursor is
line 66:     " indicates there does not exist a matching parenthesis, e.g. for shells
line 67:     " case statement: "case $var in foobar)"
line 68:     "
line 69:     " add the check behind a filetype check, so it only needs to be
line 70:     " evaluated for certain filetypes
line 71:     if ['sh']->index(&filetype) >= 0 && synstack(".", col("."))->indexof({_, id -> synIDattr(id, "name") =~? "shSnglCase"}) >= 0
line 74:       return
line 75:     endif
line 76:     " Build an expression that detects whether the current cursor position is
line 77:     " in certain syntax types (string, comment, etc.), for use as
line 78:     " searchpairpos()'s skip argument.
line 79:     " We match "escape" for special items, such as lispEscapeSpecial, and
line 80:     " match "symbol" for lispBarSymbol.
line 81:     let s_skip = 'synstack(".", col("."))' . '->indexof({_, id -> synIDattr(id, "name") =~? ' . '"string\\|character\\|singlequote\\|escape\\|symbol\\|comment"}) >= 0'
line 84:     " If executing the expression determines that the cursor is currently in
line 85:     " one of the syntax types, then we want searchpairpos() to find the pair
line 86:     " within those syntax types (i.e., not skip).  Otherwise, the cursor is
line 87:     " outside of the syntax types and s_skip should keep its value so we skip
line 88:     " any matching pair inside the syntax types.
line 89:     " Catch if this throws E363: pattern uses more memory than 'maxmempattern'.
line 90:     try
line 91:       execute 'if ' . s_skip . ' | let s_skip = "0" | endif'
line 92:     catch /^Vim\%((\a\+)\)\=:E363/
line 93:       " We won't find anything, so skip searching, should keep Vim responsive.
line 94:       return
line 95:     endtry
line 96:   endif
line 97: 
line 98:   " Limit the search to lines visible in the window.
line 99:   let stoplinebottom = line('w$')
line 100:   let stoplinetop = line('w0')
line 101:   if i % 2 == 0
line 102:     let stopline = stoplinebottom
line 103:   else
line 104:     let stopline = stoplinetop
line 105:   endif
line 106: 
line 107:   " Limit the search time to 300 msec to avoid a hang on very long lines.
line 108:   " This fails when a timeout is not supported.
line 109:   if mode() == 'i' || mode() == 'R'
line 110:     let timeout = exists("b:matchparen_insert_timeout") ? b:matchparen_insert_timeout : g:matchparen_insert_timeout
line 111:   else
line 112:     let timeout = exists("b:matchparen_timeout") ? b:matchparen_timeout : g:matchparen_timeout
line 113:   endif
line 114:   try
line 115:     let [m_lnum, m_col] = searchpairpos(c, '', c2, s_flags, s_skip, stopline, timeout)
line 116:   catch /E118/
line 117:     " Can't use the timeout, restrict the stopline a bit more to avoid taking
line 118:     " a long time on closed folds and long lines.
line 119:     " The "viewable" variables give a range in which we can scroll while
line 120:     " keeping the cursor at the same position.
line 121:     " adjustedScrolloff accounts for very large numbers of scrolloff.
line 122:     let adjustedScrolloff = min([&scrolloff, (line('w$') - line('w0')) / 2])
line 123:     let bottom_viewable = min([line('$'), c_lnum + &lines - adjustedScrolloff - 2])
line 124:     let top_viewable = max([1, c_lnum-&lines+adjustedScrolloff + 2])
line 125:     " one of these stoplines will be adjusted below, but the current values are
line 126:     " minimal boundaries within the current window
line 127:     if i % 2 == 0
line 128:       if has("byte_offset") && has("syntax_items") && &smc > 0
line 129: ^Ilet stopbyte = min([line2byte("$"), line2byte(".") + col(".") + &smc * 2])
line 130: ^Ilet stopline = min([bottom_viewable, byte2line(stopbyte)])
line 131:       else
line 132: ^Ilet stopline = min([bottom_viewable, c_lnum + 100])
line 133:       endif
line 134:       let stoplinebottom = stopline
line 135:     else
line 136:       if has("byte_offset") && has("syntax_items") && &smc > 0
line 137: ^Ilet stopbyte = max([1, line2byte(".") + col(".") - &smc * 2])
line 138: ^Ilet stopline = max([top_viewable, byte2line(stopbyte)])
line 139:       else
line 140: ^Ilet stopline = max([top_viewable, c_lnum - 100])
line 141:       endif
line 142:       let stoplinetop = stopline
line 143:     endif
line 144:     let [m_lnum, m_col] = searchpairpos(c, '', c2, s_flags, s_skip, stopline)
line 145:   endtry
line 146: 
line 147:   " If a match is found setup match highlighting.
line 148:   if m_lnum > 0 && m_lnum >= stoplinetop && m_lnum <= stoplinebottom
line 149:     if !g:matchparen_disable_cursor_hl
line 150:       call add(w:matchparen_ids, matchaddpos('MatchParen', [[c_lnum, c_col - before], [m_lnum, m_col]], 10))
line 151:     else
line 152:       call add(w:matchparen_ids, matchaddpos('MatchParen', [[m_lnum, m_col]], 10))
line 153:     endif
line 154:     let w:paren_hl_on = 1
line 155:   endif
<SNR>24_Highlight_Matching_Pair returning #0

continuing in SafeState Autocommands for "*"

Executing DiagnosticChanged Autocommands for "*"
autocommand <Lua 323: ~/.local/share/nvim/lazy/trouble.nvim/lua/trouble/sources/diagnostics.lua:70>

Executing: 
sourcing "nvim_exec2()"
line 1: highlight! lualine_transitional_lualine_b_normal_to_lualine_x_diff_removed_normal guifg=#3b4261 guibg=#1e2030 gui=nocombine
finished sourcing nvim_exec2()
Executing WinScrolled Autocommands for "*"
autocommand call s:Highlight_Matching_Pair()

Executing: call s:Highlight_Matching_Pair()
calling <SNR>24_Highlight_Matching_Pair()

line 1:   if !exists("w:matchparen_ids")
line 2:     let w:matchparen_ids = []
line 3:   endif
line 4:   " Remove any previous match.
line 5:   call s:Remove_Matches()
calling <SNR>24_Remove_Matches()

line 1:   if exists('w:paren_hl_on') && w:paren_hl_on
line 2:     while !empty(w:matchparen_ids)
line 3:       silent! call remove(w:matchparen_ids, 0)->matchdelete()
line 4:     endwhile
line 2:     while !empty(w:matchparen_ids)
line 3:       silent! call remove(w:matchparen_ids, 0)->matchdelete()
line 4:     endwhile
line 5:     let w:paren_hl_on = 0
line 6:   endif
<SNR>24_Remove_Matches returning #0

continuing in <SNR>24_Highlight_Matching_Pair

line 6: 
line 7:   " Avoid that we remove the popup menu.
line 8:   " Return when there are no colors (looks like the cursor jumps).
line 9:   if pumvisible() || (&t_Co < 8 && !has("gui_running"))
line 10:     return
line 11:   endif
line 12: 
line 13:   " Get the character under the cursor and check if it's in 'matchpairs'.
line 14:   let c_lnum = line('.')
line 15:   let c_col = col('.')
line 16:   let before = 0
line 17: 
line 18:   let text = getline(c_lnum)
line 19:   let c_before = text->strpart(0, c_col - 1)->slice(-1)
line 20:   let c = text->strpart(c_col - 1)->slice(0, 1)
line 21:   let plist = split(&matchpairs, '.\zs[:,]')
line 22:   let i = index(plist, c)
line 23:   if i < 0
line 24:     " not found, in Insert mode try character before the cursor
line 25:     if c_col > 1 && (mode() == 'i' || mode() == 'R')
line 26:       let before = strlen(c_before)
line 27:       let c = c_before
line 28:       let i = index(plist, c)
line 29:     endif
line 30:     if i < 0
line 31:       " not found, nothing to do
line 32:       return
line 33:     endif
line 34:   endif
line 35: 
line 36:   " Figure out the arguments for searchpairpos().
line 37:   if i % 2 == 0
line 38:     let s_flags = 'nW'
line 39:     let c2 = plist[i + 1]
line 40:   else
line 41:     let s_flags = 'nbW'
line 42:     let c2 = c
line 43:     let c = plist[i - 1]
line 44:   endif
line 45:   if c == '['
line 46:     let c = '\['
line 47:     let c2 = '\]'
line 48:   endif
line 49: 
line 50:   " Find the match.  When it was just before the cursor move it there for a
line 51:   " moment.
line 52:   if before > 0
line 53:     let save_cursor = getcurpos()
line 54:     call cursor(c_lnum, c_col - before)
line 55:     defer setpos('.', save_cursor)
line 56:   endif
line 57: 
line 58:   if !has("syntax") || !exists("g:syntax_on")
line 59:     let s_skip = "0"
line 60:   elseif exists("b:ts_highlight") && &syntax != 'on'
line 61:     let s_skip = "match(v:lua.vim.treesitter.get_captures_at_cursor(), '" .. 'string\|character\|singlequote\|escape\|symbol\|comment' .. "') != -1"
line 64:   else
line 65:     " do not attempt to match when the syntax item where the cursor is
line 66:     " indicates there does not exist a matching parenthesis, e.g. for shells
line 67:     " case statement: "case $var in foobar)"
line 68:     "
line 69:     " add the check behind a filetype check, so it only needs to be
line 70:     " evaluated for certain filetypes
line 71:     if ['sh']->index(&filetype) >= 0 && synstack(".", col("."))->indexof({_, id -> synIDattr(id, "name") =~? "shSnglCase"}) >= 0
line 74:       return
line 75:     endif
line 76:     " Build an expression that detects whether the current cursor position is
line 77:     " in certain syntax types (string, comment, etc.), for use as
line 78:     " searchpairpos()'s skip argument.
line 79:     " We match "escape" for special items, such as lispEscapeSpecial, and
line 80:     " match "symbol" for lispBarSymbol.
line 81:     let s_skip = 'synstack(".", col("."))' . '->indexof({_, id -> synIDattr(id, "name") =~? ' . '"string\\|character\\|singlequote\\|escape\\|symbol\\|comment"}) >= 0'
line 84:     " If executing the expression determines that the cursor is currently in
line 85:     " one of the syntax types, then we want searchpairpos() to find the pair
line 86:     " within those syntax types (i.e., not skip).  Otherwise, the cursor is
line 87:     " outside of the syntax types and s_skip should keep its value so we skip
line 88:     " any matching pair inside the syntax types.
line 89:     " Catch if this throws E363: pattern uses more memory than 'maxmempattern'.
line 90:     try
line 91:       execute 'if ' . s_skip . ' | let s_skip = "0" | endif'
line 92:     catch /^Vim\%((\a\+)\)\=:E363/
line 93:       " We won't find anything, so skip searching, should keep Vim responsive.
line 94:       return
line 95:     endtry
line 96:   endif
line 97: 
line 98:   " Limit the search to lines visible in the window.
line 99:   let stoplinebottom = line('w$')
line 100:   let stoplinetop = line('w0')
line 101:   if i % 2 == 0
line 102:     let stopline = stoplinebottom
line 103:   else
line 104:     let stopline = stoplinetop
line 105:   endif
line 106: 
line 107:   " Limit the search time to 300 msec to avoid a hang on very long lines.
line 108:   " This fails when a timeout is not supported.
line 109:   if mode() == 'i' || mode() == 'R'
line 110:     let timeout = exists("b:matchparen_insert_timeout") ? b:matchparen_insert_timeout : g:matchparen_insert_timeout
line 111:   else
line 112:     let timeout = exists("b:matchparen_timeout") ? b:matchparen_timeout : g:matchparen_timeout
line 113:   endif
line 114:   try
line 115:     let [m_lnum, m_col] = searchpairpos(c, '', c2, s_flags, s_skip, stopline, timeout)
line 116:   catch /E118/
line 117:     " Can't use the timeout, restrict the stopline a bit more to avoid taking
line 118:     " a long time on closed folds and long lines.
line 119:     " The "viewable" variables give a range in which we can scroll while
line 120:     " keeping the cursor at the same position.
line 121:     " adjustedScrolloff accounts for very large numbers of scrolloff.
line 122:     let adjustedScrolloff = min([&scrolloff, (line('w$') - line('w0')) / 2])
line 123:     let bottom_viewable = min([line('$'), c_lnum + &lines - adjustedScrolloff - 2])
line 124:     let top_viewable = max([1, c_lnum-&lines+adjustedScrolloff + 2])
line 125:     " one of these stoplines will be adjusted below, but the current values are
line 126:     " minimal boundaries within the current window
line 127:     if i % 2 == 0
line 128:       if has("byte_offset") && has("syntax_items") && &smc > 0
line 129: ^Ilet stopbyte = min([line2byte("$"), line2byte(".") + col(".") + &smc * 2])
line 130: ^Ilet stopline = min([bottom_viewable, byte2line(stopbyte)])
line 131:       else
line 132: ^Ilet stopline = min([bottom_viewable, c_lnum + 100])
line 133:       endif
line 134:       let stoplinebottom = stopline
line 135:     else
line 136:       if has("byte_offset") && has("syntax_items") && &smc > 0
line 137: ^Ilet stopbyte = max([1, line2byte(".") + col(".") - &smc * 2])
line 138: ^Ilet stopline = max([top_viewable, byte2line(stopbyte)])
line 139:       else
line 140: ^Ilet stopline = max([top_viewable, c_lnum - 100])
line 141:       endif
line 142:       let stoplinetop = stopline
line 143:     endif
line 144:     let [m_lnum, m_col] = searchpairpos(c, '', c2, s_flags, s_skip, stopline)
line 145:   endtry
line 146: 
line 147:   " If a match is found setup match highlighting.
line 148:   if m_lnum > 0 && m_lnum >= stoplinetop && m_lnum <= stoplinebottom
line 149:     if !g:matchparen_disable_cursor_hl
line 150:       call add(w:matchparen_ids, matchaddpos('MatchParen', [[c_lnum, c_col - before], [m_lnum, m_col]], 10))
line 151:     else
line 152:       call add(w:matchparen_ids, matchaddpos('MatchParen', [[m_lnum, m_col]], 10))
line 153:     endif
line 154:     let w:paren_hl_on = 1
line 155:   endif
<SNR>24_Highlight_Matching_Pair returning #0

continuing in WinScrolled Autocommands for "*"

Executing WinScrolled Autocommands for "*"
autocommand <Lua 227: ~/.local/share/nvim/lazy/snacks.nvim/lua/snacks/scroll.lua:219>

Executing: 
Executing WinScrolled Autocommands for "*"
autocommand <Lua 906: ~/.local/share/nvim/lazy/blink.cmp/lua/blink/cmp/completion/windows/menu.lua:62>

Executing: 
Executing WinScrolled Autocommands for "*"
autocommand <Lua 576: ~/.local/share/nvim/lazy/todo-comments.nvim/lua/todo-comments/highlight.lua:421>

Executing: 
Executing WinScrolled Autocommands for "*"
autocommand call s:Highlight_Matching_Pair()

Executing: call s:Highlight_Matching_Pair()
calling <SNR>24_Highlight_Matching_Pair()

line 1:   if !exists("w:matchparen_ids")
line 2:     let w:matchparen_ids = []
line 3:   endif
line 4:   " Remove any previous match.
line 5:   call s:Remove_Matches()
calling <SNR>24_Remove_Matches()

line 1:   if exists('w:paren_hl_on') && w:paren_hl_on
line 2:     while !empty(w:matchparen_ids)
line 3:       silent! call remove(w:matchparen_ids, 0)->matchdelete()
line 4:     endwhile
line 2:     while !empty(w:matchparen_ids)
line 3:       silent! call remove(w:matchparen_ids, 0)->matchdelete()
line 4:     endwhile
line 5:     let w:paren_hl_on = 0
line 6:   endif
<SNR>24_Remove_Matches returning #0

continuing in <SNR>24_Highlight_Matching_Pair

line 6: 
line 7:   " Avoid that we remove the popup menu.
line 8:   " Return when there are no colors (looks like the cursor jumps).
line 9:   if pumvisible() || (&t_Co < 8 && !has("gui_running"))
line 10:     return
line 11:   endif
line 12: 
line 13:   " Get the character under the cursor and check if it's in 'matchpairs'.
line 14:   let c_lnum = line('.')
line 15:   let c_col = col('.')
line 16:   let before = 0
line 17: 
line 18:   let text = getline(c_lnum)
line 19:   let c_before = text->strpart(0, c_col - 1)->slice(-1)
line 20:   let c = text->strpart(c_col - 1)->slice(0, 1)
line 21:   let plist = split(&matchpairs, '.\zs[:,]')
line 22:   let i = index(plist, c)
line 23:   if i < 0
line 24:     " not found, in Insert mode try character before the cursor
line 25:     if c_col > 1 && (mode() == 'i' || mode() == 'R')
line 26:       let before = strlen(c_before)
line 27:       let c = c_before
line 28:       let i = index(plist, c)
line 29:     endif
line 30:     if i < 0
line 31:       " not found, nothing to do
line 32:       return
line 33:     endif
line 34:   endif
line 35: 
line 36:   " Figure out the arguments for searchpairpos().
line 37:   if i % 2 == 0
line 38:     let s_flags = 'nW'
line 39:     let c2 = plist[i + 1]
line 40:   else
line 41:     let s_flags = 'nbW'
line 42:     let c2 = c
line 43:     let c = plist[i - 1]
line 44:   endif
line 45:   if c == '['
line 46:     let c = '\['
line 47:     let c2 = '\]'
line 48:   endif
line 49: 
line 50:   " Find the match.  When it was just before the cursor move it there for a
line 51:   " moment.
line 52:   if before > 0
line 53:     let save_cursor = getcurpos()
line 54:     call cursor(c_lnum, c_col - before)
line 55:     defer setpos('.', save_cursor)
line 56:   endif
line 57: 
line 58:   if !has("syntax") || !exists("g:syntax_on")
line 59:     let s_skip = "0"
line 60:   elseif exists("b:ts_highlight") && &syntax != 'on'
line 61:     let s_skip = "match(v:lua.vim.treesitter.get_captures_at_cursor(), '" .. 'string\|character\|singlequote\|escape\|symbol\|comment' .. "') != -1"
line 64:   else
line 65:     " do not attempt to match when the syntax item where the cursor is
line 66:     " indicates there does not exist a matching parenthesis, e.g. for shells
line 67:     " case statement: "case $var in foobar)"
line 68:     "
line 69:     " add the check behind a filetype check, so it only needs to be
line 70:     " evaluated for certain filetypes
line 71:     if ['sh']->index(&filetype) >= 0 && synstack(".", col("."))->indexof({_, id -> synIDattr(id, "name") =~? "shSnglCase"}) >= 0
line 74:       return
line 75:     endif
line 76:     " Build an expression that detects whether the current cursor position is
line 77:     " in certain syntax types (string, comment, etc.), for use as
line 78:     " searchpairpos()'s skip argument.
line 79:     " We match "escape" for special items, such as lispEscapeSpecial, and
line 80:     " match "symbol" for lispBarSymbol.
line 81:     let s_skip = 'synstack(".", col("."))' . '->indexof({_, id -> synIDattr(id, "name") =~? ' . '"string\\|character\\|singlequote\\|escape\\|symbol\\|comment"}) >= 0'
line 84:     " If executing the expression determines that the cursor is currently in
line 85:     " one of the syntax types, then we want searchpairpos() to find the pair
line 86:     " within those syntax types (i.e., not skip).  Otherwise, the cursor is
line 87:     " outside of the syntax types and s_skip should keep its value so we skip
line 88:     " any matching pair inside the syntax types.
line 89:     " Catch if this throws E363: pattern uses more memory than 'maxmempattern'.
line 90:     try
line 91:       execute 'if ' . s_skip . ' | let s_skip = "0" | endif'
line 92:     catch /^Vim\%((\a\+)\)\=:E363/
line 93:       " We won't find anything, so skip searching, should keep Vim responsive.
line 94:       return
line 95:     endtry
line 96:   endif
line 97: 
line 98:   " Limit the search to lines visible in the window.
line 99:   let stoplinebottom = line('w$')
line 100:   let stoplinetop = line('w0')
line 101:   if i % 2 == 0
line 102:     let stopline = stoplinebottom
line 103:   else
line 104:     let stopline = stoplinetop
line 105:   endif
line 106: 
line 107:   " Limit the search time to 300 msec to avoid a hang on very long lines.
line 108:   " This fails when a timeout is not supported.
line 109:   if mode() == 'i' || mode() == 'R'
line 110:     let timeout = exists("b:matchparen_insert_timeout") ? b:matchparen_insert_timeout : g:matchparen_insert_timeout
line 111:   else
line 112:     let timeout = exists("b:matchparen_timeout") ? b:matchparen_timeout : g:matchparen_timeout
line 113:   endif
line 114:   try
line 115:     let [m_lnum, m_col] = searchpairpos(c, '', c2, s_flags, s_skip, stopline, timeout)
line 116:   catch /E118/
line 117:     " Can't use the timeout, restrict the stopline a bit more to avoid taking
line 118:     " a long time on closed folds and long lines.
line 119:     " The "viewable" variables give a range in which we can scroll while
line 120:     " keeping the cursor at the same position.
line 121:     " adjustedScrolloff accounts for very large numbers of scrolloff.
line 122:     let adjustedScrolloff = min([&scrolloff, (line('w$') - line('w0')) / 2])
line 123:     let bottom_viewable = min([line('$'), c_lnum + &lines - adjustedScrolloff - 2])
line 124:     let top_viewable = max([1, c_lnum-&lines+adjustedScrolloff + 2])
line 125:     " one of these stoplines will be adjusted below, but the current values are
line 126:     " minimal boundaries within the current window
line 127:     if i % 2 == 0
line 128:       if has("byte_offset") && has("syntax_items") && &smc > 0
line 129: ^Ilet stopbyte = min([line2byte("$"), line2byte(".") + col(".") + &smc * 2])
line 130: ^Ilet stopline = min([bottom_viewable, byte2line(stopbyte)])
line 131:       else
line 132: ^Ilet stopline = min([bottom_viewable, c_lnum + 100])
line 133:       endif
line 134:       let stoplinebottom = stopline
line 135:     else
line 136:       if has("byte_offset") && has("syntax_items") && &smc > 0
line 137: ^Ilet stopbyte = max([1, line2byte(".") + col(".") - &smc * 2])
line 138: ^Ilet stopline = max([top_viewable, byte2line(stopbyte)])
line 139:       else
line 140: ^Ilet stopline = max([top_viewable, c_lnum - 100])
line 141:       endif
line 142:       let stoplinetop = stopline
line 143:     endif
line 144:     let [m_lnum, m_col] = searchpairpos(c, '', c2, s_flags, s_skip, stopline)
line 145:   endtry
line 146: 
line 147:   " If a match is found setup match highlighting.
line 148:   if m_lnum > 0 && m_lnum >= stoplinetop && m_lnum <= stoplinebottom
line 149:     if !g:matchparen_disable_cursor_hl
line 150:       call add(w:matchparen_ids, matchaddpos('MatchParen', [[c_lnum, c_col - before], [m_lnum, m_col]], 10))
line 151:     else
line 152:       call add(w:matchparen_ids, matchaddpos('MatchParen', [[m_lnum, m_col]], 10))
line 153:     endif
line 154:     let w:paren_hl_on = 1
line 155:   endif
<SNR>24_Highlight_Matching_Pair returning #0

continuing in WinScrolled Autocommands for "*"

Executing WinScrolled Autocommands for "*"
autocommand <Lua 227: ~/.local/share/nvim/lazy/snacks.nvim/lua/snacks/scroll.lua:219>

Executing: 
Executing WinScrolled Autocommands for "*"
autocommand <Lua 906: ~/.local/share/nvim/lazy/blink.cmp/lua/blink/cmp/completion/windows/menu.lua:62>

Executing: 
Executing WinScrolled Autocommands for "*"
autocommand <Lua 576: ~/.local/share/nvim/lazy/todo-comments.nvim/lua/todo-comments/highlight.lua:421>

Executing: 
Executing WinScrolled Autocommands for "*"
autocommand call s:Highlight_Matching_Pair()

Executing: call s:Highlight_Matching_Pair()
calling <SNR>24_Highlight_Matching_Pair()

line 1:   if !exists("w:matchparen_ids")
line 2:     let w:matchparen_ids = []
line 3:   endif
line 4:   " Remove any previous match.
line 5:   call s:Remove_Matches()
calling <SNR>24_Remove_Matches()

line 1:   if exists('w:paren_hl_on') && w:paren_hl_on
line 2:     while !empty(w:matchparen_ids)
line 3:       silent! call remove(w:matchparen_ids, 0)->matchdelete()
line 4:     endwhile
line 2:     while !empty(w:matchparen_ids)
line 3:       silent! call remove(w:matchparen_ids, 0)->matchdelete()
line 4:     endwhile
line 5:     let w:paren_hl_on = 0
line 6:   endif
<SNR>24_Remove_Matches returning #0

continuing in <SNR>24_Highlight_Matching_Pair

line 6: 
line 7:   " Avoid that we remove the popup menu.
line 8:   " Return when there are no colors (looks like the cursor jumps).
line 9:   if pumvisible() || (&t_Co < 8 && !has("gui_running"))
line 10:     return
line 11:   endif
line 12: 
line 13:   " Get the character under the cursor and check if it's in 'matchpairs'.
line 14:   let c_lnum = line('.')
line 15:   let c_col = col('.')
line 16:   let before = 0
line 17: 
line 18:   let text = getline(c_lnum)
line 19:   let c_before = text->strpart(0, c_col - 1)->slice(-1)
line 20:   let c = text->strpart(c_col - 1)->slice(0, 1)
line 21:   let plist = split(&matchpairs, '.\zs[:,]')
line 22:   let i = index(plist, c)
line 23:   if i < 0
line 24:     " not found, in Insert mode try character before the cursor
line 25:     if c_col > 1 && (mode() == 'i' || mode() == 'R')
line 26:       let before = strlen(c_before)
line 27:       let c = c_before
line 28:       let i = index(plist, c)
line 29:     endif
line 30:     if i < 0
line 31:       " not found, nothing to do
line 32:       return
line 33:     endif
line 34:   endif
line 35: 
line 36:   " Figure out the arguments for searchpairpos().
line 37:   if i % 2 == 0
line 38:     let s_flags = 'nW'
line 39:     let c2 = plist[i + 1]
line 40:   else
line 41:     let s_flags = 'nbW'
line 42:     let c2 = c
line 43:     let c = plist[i - 1]
line 44:   endif
line 45:   if c == '['
line 46:     let c = '\['
line 47:     let c2 = '\]'
line 48:   endif
line 49: 
line 50:   " Find the match.  When it was just before the cursor move it there for a
line 51:   " moment.
line 52:   if before > 0
line 53:     let save_cursor = getcurpos()
line 54:     call cursor(c_lnum, c_col - before)
line 55:     defer setpos('.', save_cursor)
line 56:   endif
line 57: 
line 58:   if !has("syntax") || !exists("g:syntax_on")
line 59:     let s_skip = "0"
line 60:   elseif exists("b:ts_highlight") && &syntax != 'on'
line 61:     let s_skip = "match(v:lua.vim.treesitter.get_captures_at_cursor(), '" .. 'string\|character\|singlequote\|escape\|symbol\|comment' .. "') != -1"
line 64:   else
line 65:     " do not attempt to match when the syntax item where the cursor is
line 66:     " indicates there does not exist a matching parenthesis, e.g. for shells
line 67:     " case statement: "case $var in foobar)"
line 68:     "
line 69:     " add the check behind a filetype check, so it only needs to be
line 70:     " evaluated for certain filetypes
line 71:     if ['sh']->index(&filetype) >= 0 && synstack(".", col("."))->indexof({_, id -> synIDattr(id, "name") =~? "shSnglCase"}) >= 0
line 74:       return
line 75:     endif
line 76:     " Build an expression that detects whether the current cursor position is
line 77:     " in certain syntax types (string, comment, etc.), for use as
line 78:     " searchpairpos()'s skip argument.
line 79:     " We match "escape" for special items, such as lispEscapeSpecial, and
line 80:     " match "symbol" for lispBarSymbol.
line 81:     let s_skip = 'synstack(".", col("."))' . '->indexof({_, id -> synIDattr(id, "name") =~? ' . '"string\\|character\\|singlequote\\|escape\\|symbol\\|comment"}) >= 0'
line 84:     " If executing the expression determines that the cursor is currently in
line 85:     " one of the syntax types, then we want searchpairpos() to find the pair
line 86:     " within those syntax types (i.e., not skip).  Otherwise, the cursor is
line 87:     " outside of the syntax types and s_skip should keep its value so we skip
line 88:     " any matching pair inside the syntax types.
line 89:     " Catch if this throws E363: pattern uses more memory than 'maxmempattern'.
line 90:     try
line 91:       execute 'if ' . s_skip . ' | let s_skip = "0" | endif'
line 92:     catch /^Vim\%((\a\+)\)\=:E363/
line 93:       " We won't find anything, so skip searching, should keep Vim responsive.
line 94:       return
line 95:     endtry
line 96:   endif
line 97: 
line 98:   " Limit the search to lines visible in the window.
line 99:   let stoplinebottom = line('w$')
line 100:   let stoplinetop = line('w0')
line 101:   if i % 2 == 0
line 102:     let stopline = stoplinebottom
line 103:   else
line 104:     let stopline = stoplinetop
line 105:   endif
line 106: 
line 107:   " Limit the search time to 300 msec to avoid a hang on very long lines.
line 108:   " This fails when a timeout is not supported.
line 109:   if mode() == 'i' || mode() == 'R'
line 110:     let timeout = exists("b:matchparen_insert_timeout") ? b:matchparen_insert_timeout : g:matchparen_insert_timeout
line 111:   else
line 112:     let timeout = exists("b:matchparen_timeout") ? b:matchparen_timeout : g:matchparen_timeout
line 113:   endif
line 114:   try
line 115:     let [m_lnum, m_col] = searchpairpos(c, '', c2, s_flags, s_skip, stopline, timeout)
line 116:   catch /E118/
line 117:     " Can't use the timeout, restrict the stopline a bit more to avoid taking
line 118:     " a long time on closed folds and long lines.
line 119:     " The "viewable" variables give a range in which we can scroll while
line 120:     " keeping the cursor at the same position.
line 121:     " adjustedScrolloff accounts for very large numbers of scrolloff.
line 122:     let adjustedScrolloff = min([&scrolloff, (line('w$') - line('w0')) / 2])
line 123:     let bottom_viewable = min([line('$'), c_lnum + &lines - adjustedScrolloff - 2])
line 124:     let top_viewable = max([1, c_lnum-&lines+adjustedScrolloff + 2])
line 125:     " one of these stoplines will be adjusted below, but the current values are
line 126:     " minimal boundaries within the current window
line 127:     if i % 2 == 0
line 128:       if has("byte_offset") && has("syntax_items") && &smc > 0
line 129: ^Ilet stopbyte = min([line2byte("$"), line2byte(".") + col(".") + &smc * 2])
line 130: ^Ilet stopline = min([bottom_viewable, byte2line(stopbyte)])
line 131:       else
line 132: ^Ilet stopline = min([bottom_viewable, c_lnum + 100])
line 133:       endif
line 134:       let stoplinebottom = stopline
line 135:     else
line 136:       if has("byte_offset") && has("syntax_items") && &smc > 0
line 137: ^Ilet stopbyte = max([1, line2byte(".") + col(".") - &smc * 2])
line 138: ^Ilet stopline = max([top_viewable, byte2line(stopbyte)])
line 139:       else
line 140: ^Ilet stopline = max([top_viewable, c_lnum - 100])
line 141:       endif
line 142:       let stoplinetop = stopline
line 143:     endif
line 144:     let [m_lnum, m_col] = searchpairpos(c, '', c2, s_flags, s_skip, stopline)
line 145:   endtry
line 146: 
line 147:   " If a match is found setup match highlighting.
line 148:   if m_lnum > 0 && m_lnum >= stoplinetop && m_lnum <= stoplinebottom
line 149:     if !g:matchparen_disable_cursor_hl
line 150:       call add(w:matchparen_ids, matchaddpos('MatchParen', [[c_lnum, c_col - before], [m_lnum, m_col]], 10))
line 151:     else
line 152:       call add(w:matchparen_ids, matchaddpos('MatchParen', [[m_lnum, m_col]], 10))
line 153:     endif
line 154:     let w:paren_hl_on = 1
line 155:   endif
<SNR>24_Highlight_Matching_Pair returning #0

continuing in WinScrolled Autocommands for "*"

Executing WinScrolled Autocommands for "*"
autocommand <Lua 227: ~/.local/share/nvim/lazy/snacks.nvim/lua/snacks/scroll.lua:219>

Executing: 
Executing WinScrolled Autocommands for "*"
autocommand <Lua 906: ~/.local/share/nvim/lazy/blink.cmp/lua/blink/cmp/completion/windows/menu.lua:62>

Executing: 
Executing WinScrolled Autocommands for "*"
autocommand <Lua 576: ~/.local/share/nvim/lazy/todo-comments.nvim/lua/todo-comments/highlight.lua:421>

Executing: 
Executing CursorMoved Autocommands for "*"
autocommand call s:Highlight_Matching_Pair()

Executing: call s:Highlight_Matching_Pair()
calling <SNR>24_Highlight_Matching_Pair()

line 1:   if !exists("w:matchparen_ids")
line 2:     let w:matchparen_ids = []
line 3:   endif
line 4:   " Remove any previous match.
line 5:   call s:Remove_Matches()
calling <SNR>24_Remove_Matches()

line 1:   if exists('w:paren_hl_on') && w:paren_hl_on
line 2:     while !empty(w:matchparen_ids)
line 3:       silent! call remove(w:matchparen_ids, 0)->matchdelete()
line 4:     endwhile
line 2:     while !empty(w:matchparen_ids)
line 3:       silent! call remove(w:matchparen_ids, 0)->matchdelete()
line 4:     endwhile
line 5:     let w:paren_hl_on = 0
line 6:   endif
<SNR>24_Remove_Matches returning #0

continuing in <SNR>24_Highlight_Matching_Pair

line 6: 
line 7:   " Avoid that we remove the popup menu.
line 8:   " Return when there are no colors (looks like the cursor jumps).
line 9:   if pumvisible() || (&t_Co < 8 && !has("gui_running"))
line 10:     return
line 11:   endif
line 12: 
line 13:   " Get the character under the cursor and check if it's in 'matchpairs'.
line 14:   let c_lnum = line('.')
line 15:   let c_col = col('.')
line 16:   let before = 0
line 17: 
line 18:   let text = getline(c_lnum)
line 19:   let c_before = text->strpart(0, c_col - 1)->slice(-1)
line 20:   let c = text->strpart(c_col - 1)->slice(0, 1)
line 21:   let plist = split(&matchpairs, '.\zs[:,]')
line 22:   let i = index(plist, c)
line 23:   if i < 0
line 24:     " not found, in Insert mode try character before the cursor
line 25:     if c_col > 1 && (mode() == 'i' || mode() == 'R')
line 26:       let before = strlen(c_before)
line 27:       let c = c_before
line 28:       let i = index(plist, c)
line 29:     endif
line 30:     if i < 0
line 31:       " not found, nothing to do
line 32:       return
<SNR>24_Highlight_Matching_Pair returning #0

continuing in CursorMoved Autocommands for "*"

Executing CursorMoved Autocommands for "*"
autocommand <Lua 223: vim/_editor.lua:0>

Executing: 
Executing CursorMoved Autocommands for "*"
autocommand <Lua 390: ~/.local/share/nvim/lazy/flash.nvim/lua/flash/plugins/char.lua:142>

Executing: 
Executing CursorMoved Autocommands for "*"
autocommand <Lua 358: ~/.local/share/nvim/lazy/trouble.nvim/lua/trouble/view/section.lua:148>

Executing: 
Executing CursorMoved Autocommands for "*"
autocommand call v:lua.require'lualine'.refresh({'kind': 'window', 'place': ['statusline'], 'trigger': 'autocmd'})

Executing: call v:lua.require'lualine'.refresh({'kind': 'window', 'place': ['statusline'], 'trigger': 'autocmd'})
Executing CursorMoved Autocommands for "*"
autocommand <Lua 934: ~/.local/share/nvim/lazy/blink.cmp/lua/blink/cmp/lib/buffer_events.lua:88>

Executing: 
Executing CursorMoved Autocommands for "*"
autocommand <Lua 619: ~/.local/share/nvim/lazy/snacks.nvim/lua/snacks/scope.lua:678>

Executing: 
Executing CursorMoved Autocommands for "*"
autocommand <Lua 864: ~/.local/share/nvim/lazy/snacks.nvim/lua/snacks/words.lua:42>

Executing: 
Executing WinScrolled Autocommands for "*"
autocommand call s:Highlight_Matching_Pair()

Executing: call s:Highlight_Matching_Pair()
calling <SNR>24_Highlight_Matching_Pair()

line 1:   if !exists("w:matchparen_ids")
line 2:     let w:matchparen_ids = []
line 3:   endif
line 4:   " Remove any previous match.
line 5:   call s:Remove_Matches()
calling <SNR>24_Remove_Matches()

line 1:   if exists('w:paren_hl_on') && w:paren_hl_on
line 2:     while !empty(w:matchparen_ids)
line 3:       silent! call remove(w:matchparen_ids, 0)->matchdelete()
line 4:     endwhile
line 5:     let w:paren_hl_on = 0
line 6:   endif
<SNR>24_Remove_Matches returning #0

continuing in <SNR>24_Highlight_Matching_Pair

line 6: 
line 7:   " Avoid that we remove the popup menu.
line 8:   " Return when there are no colors (looks like the cursor jumps).
line 9:   if pumvisible() || (&t_Co < 8 && !has("gui_running"))
line 10:     return
line 11:   endif
line 12: 
line 13:   " Get the character under the cursor and check if it's in 'matchpairs'.
line 14:   let c_lnum = line('.')
line 15:   let c_col = col('.')
line 16:   let before = 0
line 17: 
line 18:   let text = getline(c_lnum)
line 19:   let c_before = text->strpart(0, c_col - 1)->slice(-1)
line 20:   let c = text->strpart(c_col - 1)->slice(0, 1)
line 21:   let plist = split(&matchpairs, '.\zs[:,]')
line 22:   let i = index(plist, c)
line 23:   if i < 0
line 24:     " not found, in Insert mode try character before the cursor
line 25:     if c_col > 1 && (mode() == 'i' || mode() == 'R')
line 26:       let before = strlen(c_before)
line 27:       let c = c_before
line 28:       let i = index(plist, c)
line 29:     endif
line 30:     if i < 0
line 31:       " not found, nothing to do
line 32:       return
<SNR>24_Highlight_Matching_Pair returning #0

continuing in WinScrolled Autocommands for "*"

Executing WinScrolled Autocommands for "*"
autocommand <Lua 227: ~/.local/share/nvim/lazy/snacks.nvim/lua/snacks/scroll.lua:219>

Executing: 
Executing WinScrolled Autocommands for "*"
autocommand <Lua 906: ~/.local/share/nvim/lazy/blink.cmp/lua/blink/cmp/completion/windows/menu.lua:62>

Executing: 
Executing WinScrolled Autocommands for "*"
autocommand <Lua 576: ~/.local/share/nvim/lazy/todo-comments.nvim/lua/todo-comments/highlight.lua:421>

Executing: 
Executing CursorMoved Autocommands for "*"
autocommand call s:Highlight_Matching_Pair()

Executing: call s:Highlight_Matching_Pair()
calling <SNR>24_Highlight_Matching_Pair()

line 1:   if !exists("w:matchparen_ids")
line 2:     let w:matchparen_ids = []
line 3:   endif
line 4:   " Remove any previous match.
line 5:   call s:Remove_Matches()
calling <SNR>24_Remove_Matches()

line 1:   if exists('w:paren_hl_on') && w:paren_hl_on
line 2:     while !empty(w:matchparen_ids)
line 3:       silent! call remove(w:matchparen_ids, 0)->matchdelete()
line 4:     endwhile
line 5:     let w:paren_hl_on = 0
line 6:   endif
<SNR>24_Remove_Matches returning #0

continuing in <SNR>24_Highlight_Matching_Pair

line 6: 
line 7:   " Avoid that we remove the popup menu.
line 8:   " Return when there are no colors (looks like the cursor jumps).
line 9:   if pumvisible() || (&t_Co < 8 && !has("gui_running"))
line 10:     return
line 11:   endif
line 12: 
line 13:   " Get the character under the cursor and check if it's in 'matchpairs'.
line 14:   let c_lnum = line('.')
line 15:   let c_col = col('.')
line 16:   let before = 0
line 17: 
line 18:   let text = getline(c_lnum)
line 19:   let c_before = text->strpart(0, c_col - 1)->slice(-1)
line 20:   let c = text->strpart(c_col - 1)->slice(0, 1)
line 21:   let plist = split(&matchpairs, '.\zs[:,]')
line 22:   let i = index(plist, c)
line 23:   if i < 0
line 24:     " not found, in Insert mode try character before the cursor
line 25:     if c_col > 1 && (mode() == 'i' || mode() == 'R')
line 26:       let before = strlen(c_before)
line 27:       let c = c_before
line 28:       let i = index(plist, c)
line 29:     endif
line 30:     if i < 0
line 31:       " not found, nothing to do
line 32:       return
<SNR>24_Highlight_Matching_Pair returning #0

continuing in CursorMoved Autocommands for "*"

Executing CursorMoved Autocommands for "*"
autocommand <Lua 223: vim/_editor.lua:0>

Executing: 
Executing CursorMoved Autocommands for "*"
autocommand <Lua 390: ~/.local/share/nvim/lazy/flash.nvim/lua/flash/plugins/char.lua:142>

Executing: 
Executing CursorMoved Autocommands for "*"
autocommand <Lua 358: ~/.local/share/nvim/lazy/trouble.nvim/lua/trouble/view/section.lua:148>

Executing: 
Executing CursorMoved Autocommands for "*"
autocommand call v:lua.require'lualine'.refresh({'kind': 'window', 'place': ['statusline'], 'trigger': 'autocmd'})

Executing: call v:lua.require'lualine'.refresh({'kind': 'window', 'place': ['statusline'], 'trigger': 'autocmd'})
Executing CursorMoved Autocommands for "*"
autocommand <Lua 934: ~/.local/share/nvim/lazy/blink.cmp/lua/blink/cmp/lib/buffer_events.lua:88>

Executing: 
Executing CursorMoved Autocommands for "*"
autocommand <Lua 619: ~/.local/share/nvim/lazy/snacks.nvim/lua/snacks/scope.lua:678>

Executing: 
Executing CursorMoved Autocommands for "*"
autocommand <Lua 864: ~/.local/share/nvim/lazy/snacks.nvim/lua/snacks/words.lua:42>

Executing: 
Executing WinScrolled Autocommands for "*"
autocommand call s:Highlight_Matching_Pair()

Executing: call s:Highlight_Matching_Pair()
calling <SNR>24_Highlight_Matching_Pair()

line 1:   if !exists("w:matchparen_ids")
line 2:     let w:matchparen_ids = []
line 3:   endif
line 4:   " Remove any previous match.
line 5:   call s:Remove_Matches()
calling <SNR>24_Remove_Matches()

line 1:   if exists('w:paren_hl_on') && w:paren_hl_on
line 2:     while !empty(w:matchparen_ids)
line 3:       silent! call remove(w:matchparen_ids, 0)->matchdelete()
line 4:     endwhile
line 5:     let w:paren_hl_on = 0
line 6:   endif
<SNR>24_Remove_Matches returning #0

continuing in <SNR>24_Highlight_Matching_Pair

line 6: 
line 7:   " Avoid that we remove the popup menu.
line 8:   " Return when there are no colors (looks like the cursor jumps).
line 9:   if pumvisible() || (&t_Co < 8 && !has("gui_running"))
line 10:     return
line 11:   endif
line 12: 
line 13:   " Get the character under the cursor and check if it's in 'matchpairs'.
line 14:   let c_lnum = line('.')
line 15:   let c_col = col('.')
line 16:   let before = 0
line 17: 
line 18:   let text = getline(c_lnum)
line 19:   let c_before = text->strpart(0, c_col - 1)->slice(-1)
line 20:   let c = text->strpart(c_col - 1)->slice(0, 1)
line 21:   let plist = split(&matchpairs, '.\zs[:,]')
line 22:   let i = index(plist, c)
line 23:   if i < 0
line 24:     " not found, in Insert mode try character before the cursor
line 25:     if c_col > 1 && (mode() == 'i' || mode() == 'R')
line 26:       let before = strlen(c_before)
line 27:       let c = c_before
line 28:       let i = index(plist, c)
line 29:     endif
line 30:     if i < 0
line 31:       " not found, nothing to do
line 32:       return
<SNR>24_Highlight_Matching_Pair returning #0

continuing in WinScrolled Autocommands for "*"

Executing WinScrolled Autocommands for "*"
autocommand <Lua 227: ~/.local/share/nvim/lazy/snacks.nvim/lua/snacks/scroll.lua:219>

Executing: 
Executing WinScrolled Autocommands for "*"
autocommand <Lua 906: ~/.local/share/nvim/lazy/blink.cmp/lua/blink/cmp/completion/windows/menu.lua:62>

Executing: 
Executing WinScrolled Autocommands for "*"
autocommand <Lua 576: ~/.local/share/nvim/lazy/todo-comments.nvim/lua/todo-comments/highlight.lua:421>

Executing: 
Executing CursorMoved Autocommands for "*"
autocommand call s:Highlight_Matching_Pair()

Executing: call s:Highlight_Matching_Pair()
calling <SNR>24_Highlight_Matching_Pair()

line 1:   if !exists("w:matchparen_ids")
line 2:     let w:matchparen_ids = []
line 3:   endif
line 4:   " Remove any previous match.
line 5:   call s:Remove_Matches()
calling <SNR>24_Remove_Matches()

line 1:   if exists('w:paren_hl_on') && w:paren_hl_on
line 2:     while !empty(w:matchparen_ids)
line 3:       silent! call remove(w:matchparen_ids, 0)->matchdelete()
line 4:     endwhile
line 5:     let w:paren_hl_on = 0
line 6:   endif
<SNR>24_Remove_Matches returning #0

continuing in <SNR>24_Highlight_Matching_Pair

line 6: 
line 7:   " Avoid that we remove the popup menu.
line 8:   " Return when there are no colors (looks like the cursor jumps).
line 9:   if pumvisible() || (&t_Co < 8 && !has("gui_running"))
line 10:     return
line 11:   endif
line 12: 
line 13:   " Get the character under the cursor and check if it's in 'matchpairs'.
line 14:   let c_lnum = line('.')
line 15:   let c_col = col('.')
line 16:   let before = 0
line 17: 
line 18:   let text = getline(c_lnum)
line 19:   let c_before = text->strpart(0, c_col - 1)->slice(-1)
line 20:   let c = text->strpart(c_col - 1)->slice(0, 1)
line 21:   let plist = split(&matchpairs, '.\zs[:,]')
line 22:   let i = index(plist, c)
line 23:   if i < 0
line 24:     " not found, in Insert mode try character before the cursor
line 25:     if c_col > 1 && (mode() == 'i' || mode() == 'R')
line 26:       let before = strlen(c_before)
line 27:       let c = c_before
line 28:       let i = index(plist, c)
line 29:     endif
line 30:     if i < 0
line 31:       " not found, nothing to do
line 32:       return
<SNR>24_Highlight_Matching_Pair returning #0

continuing in CursorMoved Autocommands for "*"

Executing CursorMoved Autocommands for "*"
autocommand <Lua 223: vim/_editor.lua:0>

Executing: 
Executing CursorMoved Autocommands for "*"
autocommand <Lua 390: ~/.local/share/nvim/lazy/flash.nvim/lua/flash/plugins/char.lua:142>

Executing: 
Executing CursorMoved Autocommands for "*"
autocommand <Lua 358: ~/.local/share/nvim/lazy/trouble.nvim/lua/trouble/view/section.lua:148>

Executing: 
Executing CursorMoved Autocommands for "*"
autocommand call v:lua.require'lualine'.refresh({'kind': 'window', 'place': ['statusline'], 'trigger': 'autocmd'})

Executing: call v:lua.require'lualine'.refresh({'kind': 'window', 'place': ['statusline'], 'trigger': 'autocmd'})
Executing CursorMoved Autocommands for "*"
autocommand <Lua 934: ~/.local/share/nvim/lazy/blink.cmp/lua/blink/cmp/lib/buffer_events.lua:88>

Executing: 
Executing CursorMoved Autocommands for "*"
autocommand <Lua 619: ~/.local/share/nvim/lazy/snacks.nvim/lua/snacks/scope.lua:678>

Executing: 
Executing CursorMoved Autocommands for "*"
autocommand <Lua 864: ~/.local/share/nvim/lazy/snacks.nvim/lua/snacks/words.lua:42>

Executing: 
Executing WinScrolled Autocommands for "*"
autocommand call s:Highlight_Matching_Pair()

Executing: call s:Highlight_Matching_Pair()
calling <SNR>24_Highlight_Matching_Pair()

line 1:   if !exists("w:matchparen_ids")
line 2:     let w:matchparen_ids = []
line 3:   endif
line 4:   " Remove any previous match.
line 5:   call s:Remove_Matches()
calling <SNR>24_Remove_Matches()

line 1:   if exists('w:paren_hl_on') && w:paren_hl_on
line 2:     while !empty(w:matchparen_ids)
line 3:       silent! call remove(w:matchparen_ids, 0)->matchdelete()
line 4:     endwhile
line 5:     let w:paren_hl_on = 0
line 6:   endif
<SNR>24_Remove_Matches returning #0

continuing in <SNR>24_Highlight_Matching_Pair

line 6: 
line 7:   " Avoid that we remove the popup menu.
line 8:   " Return when there are no colors (looks like the cursor jumps).
line 9:   if pumvisible() || (&t_Co < 8 && !has("gui_running"))
line 10:     return
line 11:   endif
line 12: 
line 13:   " Get the character under the cursor and check if it's in 'matchpairs'.
line 14:   let c_lnum = line('.')
line 15:   let c_col = col('.')
line 16:   let before = 0
line 17: 
line 18:   let text = getline(c_lnum)
line 19:   let c_before = text->strpart(0, c_col - 1)->slice(-1)
line 20:   let c = text->strpart(c_col - 1)->slice(0, 1)
line 21:   let plist = split(&matchpairs, '.\zs[:,]')
line 22:   let i = index(plist, c)
line 23:   if i < 0
line 24:     " not found, in Insert mode try character before the cursor
line 25:     if c_col > 1 && (mode() == 'i' || mode() == 'R')
line 26:       let before = strlen(c_before)
line 27:       let c = c_before
line 28:       let i = index(plist, c)
line 29:     endif
line 30:     if i < 0
line 31:       " not found, nothing to do
line 32:       return
<SNR>24_Highlight_Matching_Pair returning #0

continuing in WinScrolled Autocommands for "*"

Executing WinScrolled Autocommands for "*"
autocommand <Lua 227: ~/.local/share/nvim/lazy/snacks.nvim/lua/snacks/scroll.lua:219>

Executing: 
Executing WinScrolled Autocommands for "*"
autocommand <Lua 906: ~/.local/share/nvim/lazy/blink.cmp/lua/blink/cmp/completion/windows/menu.lua:62>

Executing: 
Executing WinScrolled Autocommands for "*"
autocommand <Lua 576: ~/.local/share/nvim/lazy/todo-comments.nvim/lua/todo-comments/highlight.lua:421>

Executing: 
Executing CursorMoved Autocommands for "*"
autocommand call s:Highlight_Matching_Pair()

Executing: call s:Highlight_Matching_Pair()
calling <SNR>24_Highlight_Matching_Pair()

line 1:   if !exists("w:matchparen_ids")
line 2:     let w:matchparen_ids = []
line 3:   endif
line 4:   " Remove any previous match.
line 5:   call s:Remove_Matches()
calling <SNR>24_Remove_Matches()

line 1:   if exists('w:paren_hl_on') && w:paren_hl_on
line 2:     while !empty(w:matchparen_ids)
line 3:       silent! call remove(w:matchparen_ids, 0)->matchdelete()
line 4:     endwhile
line 5:     let w:paren_hl_on = 0
line 6:   endif
<SNR>24_Remove_Matches returning #0

continuing in <SNR>24_Highlight_Matching_Pair

line 6: 
line 7:   " Avoid that we remove the popup menu.
line 8:   " Return when there are no colors (looks like the cursor jumps).
line 9:   if pumvisible() || (&t_Co < 8 && !has("gui_running"))
line 10:     return
line 11:   endif
line 12: 
line 13:   " Get the character under the cursor and check if it's in 'matchpairs'.
line 14:   let c_lnum = line('.')
line 15:   let c_col = col('.')
line 16:   let before = 0
line 17: 
line 18:   let text = getline(c_lnum)
line 19:   let c_before = text->strpart(0, c_col - 1)->slice(-1)
line 20:   let c = text->strpart(c_col - 1)->slice(0, 1)
line 21:   let plist = split(&matchpairs, '.\zs[:,]')
line 22:   let i = index(plist, c)
line 23:   if i < 0
line 24:     " not found, in Insert mode try character before the cursor
line 25:     if c_col > 1 && (mode() == 'i' || mode() == 'R')
line 26:       let before = strlen(c_before)
line 27:       let c = c_before
line 28:       let i = index(plist, c)
line 29:     endif
line 30:     if i < 0
line 31:       " not found, nothing to do
line 32:       return
<SNR>24_Highlight_Matching_Pair returning #0

continuing in CursorMoved Autocommands for "*"

Executing CursorMoved Autocommands for "*"
autocommand <Lua 223: vim/_editor.lua:0>

Executing: 
Executing CursorMoved Autocommands for "*"
autocommand <Lua 390: ~/.local/share/nvim/lazy/flash.nvim/lua/flash/plugins/char.lua:142>

Executing: 
Executing CursorMoved Autocommands for "*"
autocommand <Lua 358: ~/.local/share/nvim/lazy/trouble.nvim/lua/trouble/view/section.lua:148>

Executing: 
Executing CursorMoved Autocommands for "*"
autocommand call v:lua.require'lualine'.refresh({'kind': 'window', 'place': ['statusline'], 'trigger': 'autocmd'})

Executing: call v:lua.require'lualine'.refresh({'kind': 'window', 'place': ['statusline'], 'trigger': 'autocmd'})
Executing CursorMoved Autocommands for "*"
autocommand <Lua 934: ~/.local/share/nvim/lazy/blink.cmp/lua/blink/cmp/lib/buffer_events.lua:88>

Executing: 
Executing CursorMoved Autocommands for "*"
autocommand <Lua 619: ~/.local/share/nvim/lazy/snacks.nvim/lua/snacks/scope.lua:678>

Executing: 
Executing CursorMoved Autocommands for "*"
autocommand <Lua 864: ~/.local/share/nvim/lazy/snacks.nvim/lua/snacks/words.lua:42>

Executing: 
Executing WinScrolled Autocommands for "*"
autocommand call s:Highlight_Matching_Pair()

Executing: call s:Highlight_Matching_Pair()
calling <SNR>24_Highlight_Matching_Pair()

line 1:   if !exists("w:matchparen_ids")
line 2:     let w:matchparen_ids = []
line 3:   endif
line 4:   " Remove any previous match.
line 5:   call s:Remove_Matches()
calling <SNR>24_Remove_Matches()

line 1:   if exists('w:paren_hl_on') && w:paren_hl_on
line 2:     while !empty(w:matchparen_ids)
line 3:       silent! call remove(w:matchparen_ids, 0)->matchdelete()
line 4:     endwhile
line 5:     let w:paren_hl_on = 0
line 6:   endif
<SNR>24_Remove_Matches returning #0

continuing in <SNR>24_Highlight_Matching_Pair

line 6: 
line 7:   " Avoid that we remove the popup menu.
line 8:   " Return when there are no colors (looks like the cursor jumps).
line 9:   if pumvisible() || (&t_Co < 8 && !has("gui_running"))
line 10:     return
line 11:   endif
line 12: 
line 13:   " Get the character under the cursor and check if it's in 'matchpairs'.
line 14:   let c_lnum = line('.')
line 15:   let c_col = col('.')
line 16:   let before = 0
line 17: 
line 18:   let text = getline(c_lnum)
line 19:   let c_before = text->strpart(0, c_col - 1)->slice(-1)
line 20:   let c = text->strpart(c_col - 1)->slice(0, 1)
line 21:   let plist = split(&matchpairs, '.\zs[:,]')
line 22:   let i = index(plist, c)
line 23:   if i < 0
line 24:     " not found, in Insert mode try character before the cursor
line 25:     if c_col > 1 && (mode() == 'i' || mode() == 'R')
line 26:       let before = strlen(c_before)
line 27:       let c = c_before
line 28:       let i = index(plist, c)
line 29:     endif
line 30:     if i < 0
line 31:       " not found, nothing to do
line 32:       return
<SNR>24_Highlight_Matching_Pair returning #0

continuing in WinScrolled Autocommands for "*"

Executing WinScrolled Autocommands for "*"
autocommand <Lua 227: ~/.local/share/nvim/lazy/snacks.nvim/lua/snacks/scroll.lua:219>

Executing: 
Executing WinScrolled Autocommands for "*"
autocommand <Lua 906: ~/.local/share/nvim/lazy/blink.cmp/lua/blink/cmp/completion/windows/menu.lua:62>

Executing: 
Executing WinScrolled Autocommands for "*"
autocommand <Lua 576: ~/.local/share/nvim/lazy/todo-comments.nvim/lua/todo-comments/highlight.lua:421>

Executing: 
Executing CursorMoved Autocommands for "*"
autocommand call s:Highlight_Matching_Pair()

Executing: call s:Highlight_Matching_Pair()
calling <SNR>24_Highlight_Matching_Pair()

line 1:   if !exists("w:matchparen_ids")
line 2:     let w:matchparen_ids = []
line 3:   endif
line 4:   " Remove any previous match.
line 5:   call s:Remove_Matches()
calling <SNR>24_Remove_Matches()

line 1:   if exists('w:paren_hl_on') && w:paren_hl_on
line 2:     while !empty(w:matchparen_ids)
line 3:       silent! call remove(w:matchparen_ids, 0)->matchdelete()
line 4:     endwhile
line 5:     let w:paren_hl_on = 0
line 6:   endif
<SNR>24_Remove_Matches returning #0

continuing in <SNR>24_Highlight_Matching_Pair

line 6: 
line 7:   " Avoid that we remove the popup menu.
line 8:   " Return when there are no colors (looks like the cursor jumps).
line 9:   if pumvisible() || (&t_Co < 8 && !has("gui_running"))
line 10:     return
line 11:   endif
line 12: 
line 13:   " Get the character under the cursor and check if it's in 'matchpairs'.
line 14:   let c_lnum = line('.')
line 15:   let c_col = col('.')
line 16:   let before = 0
line 17: 
line 18:   let text = getline(c_lnum)
line 19:   let c_before = text->strpart(0, c_col - 1)->slice(-1)
line 20:   let c = text->strpart(c_col - 1)->slice(0, 1)
line 21:   let plist = split(&matchpairs, '.\zs[:,]')
line 22:   let i = index(plist, c)
line 23:   if i < 0
line 24:     " not found, in Insert mode try character before the cursor
line 25:     if c_col > 1 && (mode() == 'i' || mode() == 'R')
line 26:       let before = strlen(c_before)
line 27:       let c = c_before
line 28:       let i = index(plist, c)
line 29:     endif
line 30:     if i < 0
line 31:       " not found, nothing to do
line 32:       return
<SNR>24_Highlight_Matching_Pair returning #0

continuing in CursorMoved Autocommands for "*"

Executing CursorMoved Autocommands for "*"
autocommand <Lua 223: vim/_editor.lua:0>

Executing: 
Executing CursorMoved Autocommands for "*"
autocommand <Lua 390: ~/.local/share/nvim/lazy/flash.nvim/lua/flash/plugins/char.lua:142>

Executing: 
Executing CursorMoved Autocommands for "*"
autocommand <Lua 358: ~/.local/share/nvim/lazy/trouble.nvim/lua/trouble/view/section.lua:148>

Executing: 
Executing CursorMoved Autocommands for "*"
autocommand call v:lua.require'lualine'.refresh({'kind': 'window', 'place': ['statusline'], 'trigger': 'autocmd'})

Executing: call v:lua.require'lualine'.refresh({'kind': 'window', 'place': ['statusline'], 'trigger': 'autocmd'})
Executing CursorMoved Autocommands for "*"
autocommand <Lua 934: ~/.local/share/nvim/lazy/blink.cmp/lua/blink/cmp/lib/buffer_events.lua:88>

Executing: 
Executing CursorMoved Autocommands for "*"
autocommand <Lua 619: ~/.local/share/nvim/lazy/snacks.nvim/lua/snacks/scope.lua:678>

Executing: 
Executing CursorMoved Autocommands for "*"
autocommand <Lua 864: ~/.local/share/nvim/lazy/snacks.nvim/lua/snacks/words.lua:42>

Executing: 
Executing WinScrolled Autocommands for "*"
autocommand call s:Highlight_Matching_Pair()

Executing: call s:Highlight_Matching_Pair()
calling <SNR>24_Highlight_Matching_Pair()

line 1:   if !exists("w:matchparen_ids")
line 2:     let w:matchparen_ids = []
line 3:   endif
line 4:   " Remove any previous match.
line 5:   call s:Remove_Matches()
calling <SNR>24_Remove_Matches()

line 1:   if exists('w:paren_hl_on') && w:paren_hl_on
line 2:     while !empty(w:matchparen_ids)
line 3:       silent! call remove(w:matchparen_ids, 0)->matchdelete()
line 4:     endwhile
line 5:     let w:paren_hl_on = 0
line 6:   endif
<SNR>24_Remove_Matches returning #0

continuing in <SNR>24_Highlight_Matching_Pair

line 6: 
line 7:   " Avoid that we remove the popup menu.
line 8:   " Return when there are no colors (looks like the cursor jumps).
line 9:   if pumvisible() || (&t_Co < 8 && !has("gui_running"))
line 10:     return
line 11:   endif
line 12: 
line 13:   " Get the character under the cursor and check if it's in 'matchpairs'.
line 14:   let c_lnum = line('.')
line 15:   let c_col = col('.')
line 16:   let before = 0
line 17: 
line 18:   let text = getline(c_lnum)
line 19:   let c_before = text->strpart(0, c_col - 1)->slice(-1)
line 20:   let c = text->strpart(c_col - 1)->slice(0, 1)
line 21:   let plist = split(&matchpairs, '.\zs[:,]')
line 22:   let i = index(plist, c)
line 23:   if i < 0
line 24:     " not found, in Insert mode try character before the cursor
line 25:     if c_col > 1 && (mode() == 'i' || mode() == 'R')
line 26:       let before = strlen(c_before)
line 27:       let c = c_before
line 28:       let i = index(plist, c)
line 29:     endif
line 30:     if i < 0
line 31:       " not found, nothing to do
line 32:       return
<SNR>24_Highlight_Matching_Pair returning #0

continuing in WinScrolled Autocommands for "*"

Executing WinScrolled Autocommands for "*"
autocommand <Lua 227: ~/.local/share/nvim/lazy/snacks.nvim/lua/snacks/scroll.lua:219>

Executing: 
Executing WinScrolled Autocommands for "*"
autocommand <Lua 906: ~/.local/share/nvim/lazy/blink.cmp/lua/blink/cmp/completion/windows/menu.lua:62>

Executing: 
Executing WinScrolled Autocommands for "*"
autocommand <Lua 576: ~/.local/share/nvim/lazy/todo-comments.nvim/lua/todo-comments/highlight.lua:421>

Executing: 
Executing CursorMoved Autocommands for "*"
autocommand call s:Highlight_Matching_Pair()

Executing: call s:Highlight_Matching_Pair()
calling <SNR>24_Highlight_Matching_Pair()

line 1:   if !exists("w:matchparen_ids")
line 2:     let w:matchparen_ids = []
line 3:   endif
line 4:   " Remove any previous match.
line 5:   call s:Remove_Matches()
calling <SNR>24_Remove_Matches()

line 1:   if exists('w:paren_hl_on') && w:paren_hl_on
line 2:     while !empty(w:matchparen_ids)
line 3:       silent! call remove(w:matchparen_ids, 0)->matchdelete()
line 4:     endwhile
line 5:     let w:paren_hl_on = 0
line 6:   endif
<SNR>24_Remove_Matches returning #0

continuing in <SNR>24_Highlight_Matching_Pair

line 6: 
line 7:   " Avoid that we remove the popup menu.
line 8:   " Return when there are no colors (looks like the cursor jumps).
line 9:   if pumvisible() || (&t_Co < 8 && !has("gui_running"))
line 10:     return
line 11:   endif
line 12: 
line 13:   " Get the character under the cursor and check if it's in 'matchpairs'.
line 14:   let c_lnum = line('.')
line 15:   let c_col = col('.')
line 16:   let before = 0
line 17: 
line 18:   let text = getline(c_lnum)
line 19:   let c_before = text->strpart(0, c_col - 1)->slice(-1)
line 20:   let c = text->strpart(c_col - 1)->slice(0, 1)
line 21:   let plist = split(&matchpairs, '.\zs[:,]')
line 22:   let i = index(plist, c)
line 23:   if i < 0
line 24:     " not found, in Insert mode try character before the cursor
line 25:     if c_col > 1 && (mode() == 'i' || mode() == 'R')
line 26:       let before = strlen(c_before)
line 27:       let c = c_before
line 28:       let i = index(plist, c)
line 29:     endif
line 30:     if i < 0
line 31:       " not found, nothing to do
line 32:       return
<SNR>24_Highlight_Matching_Pair returning #0

continuing in CursorMoved Autocommands for "*"

Executing CursorMoved Autocommands for "*"
autocommand <Lua 223: vim/_editor.lua:0>

Executing: 
Executing CursorMoved Autocommands for "*"
autocommand <Lua 390: ~/.local/share/nvim/lazy/flash.nvim/lua/flash/plugins/char.lua:142>

Executing: 
Executing CursorMoved Autocommands for "*"
autocommand <Lua 358: ~/.local/share/nvim/lazy/trouble.nvim/lua/trouble/view/section.lua:148>

Executing: 
Executing CursorMoved Autocommands for "*"
autocommand call v:lua.require'lualine'.refresh({'kind': 'window', 'place': ['statusline'], 'trigger': 'autocmd'})

Executing: call v:lua.require'lualine'.refresh({'kind': 'window', 'place': ['statusline'], 'trigger': 'autocmd'})
Executing CursorMoved Autocommands for "*"
autocommand <Lua 934: ~/.local/share/nvim/lazy/blink.cmp/lua/blink/cmp/lib/buffer_events.lua:88>

Executing: 
Executing CursorMoved Autocommands for "*"
autocommand <Lua 619: ~/.local/share/nvim/lazy/snacks.nvim/lua/snacks/scope.lua:678>

Executing: 
Executing CursorMoved Autocommands for "*"
autocommand <Lua 864: ~/.local/share/nvim/lazy/snacks.nvim/lua/snacks/words.lua:42>

Executing: 
Executing WinScrolled Autocommands for "*"
autocommand call s:Highlight_Matching_Pair()

Executing: call s:Highlight_Matching_Pair()
calling <SNR>24_Highlight_Matching_Pair()

line 1:   if !exists("w:matchparen_ids")
line 2:     let w:matchparen_ids = []
line 3:   endif
line 4:   " Remove any previous match.
line 5:   call s:Remove_Matches()
calling <SNR>24_Remove_Matches()

line 1:   if exists('w:paren_hl_on') && w:paren_hl_on
line 2:     while !empty(w:matchparen_ids)
line 3:       silent! call remove(w:matchparen_ids, 0)->matchdelete()
line 4:     endwhile
line 5:     let w:paren_hl_on = 0
line 6:   endif
<SNR>24_Remove_Matches returning #0

continuing in <SNR>24_Highlight_Matching_Pair

line 6: 
line 7:   " Avoid that we remove the popup menu.
line 8:   " Return when there are no colors (looks like the cursor jumps).
line 9:   if pumvisible() || (&t_Co < 8 && !has("gui_running"))
line 10:     return
line 11:   endif
line 12: 
line 13:   " Get the character under the cursor and check if it's in 'matchpairs'.
line 14:   let c_lnum = line('.')
line 15:   let c_col = col('.')
line 16:   let before = 0
line 17: 
line 18:   let text = getline(c_lnum)
line 19:   let c_before = text->strpart(0, c_col - 1)->slice(-1)
line 20:   let c = text->strpart(c_col - 1)->slice(0, 1)
line 21:   let plist = split(&matchpairs, '.\zs[:,]')
line 22:   let i = index(plist, c)
line 23:   if i < 0
line 24:     " not found, in Insert mode try character before the cursor
line 25:     if c_col > 1 && (mode() == 'i' || mode() == 'R')
line 26:       let before = strlen(c_before)
line 27:       let c = c_before
line 28:       let i = index(plist, c)
line 29:     endif
line 30:     if i < 0
line 31:       " not found, nothing to do
line 32:       return
<SNR>24_Highlight_Matching_Pair returning #0

continuing in WinScrolled Autocommands for "*"

Executing WinScrolled Autocommands for "*"
autocommand <Lua 227: ~/.local/share/nvim/lazy/snacks.nvim/lua/snacks/scroll.lua:219>

Executing: 
Executing WinScrolled Autocommands for "*"
autocommand <Lua 906: ~/.local/share/nvim/lazy/blink.cmp/lua/blink/cmp/completion/windows/menu.lua:62>

Executing: 
Executing WinScrolled Autocommands for "*"
autocommand <Lua 576: ~/.local/share/nvim/lazy/todo-comments.nvim/lua/todo-comments/highlight.lua:421>

Executing: 
Executing CursorMoved Autocommands for "*"
autocommand call s:Highlight_Matching_Pair()

Executing: call s:Highlight_Matching_Pair()
calling <SNR>24_Highlight_Matching_Pair()

line 1:   if !exists("w:matchparen_ids")
line 2:     let w:matchparen_ids = []
line 3:   endif
line 4:   " Remove any previous match.
line 5:   call s:Remove_Matches()
calling <SNR>24_Remove_Matches()

line 1:   if exists('w:paren_hl_on') && w:paren_hl_on
line 2:     while !empty(w:matchparen_ids)
line 3:       silent! call remove(w:matchparen_ids, 0)->matchdelete()
line 4:     endwhile
line 5:     let w:paren_hl_on = 0
line 6:   endif
<SNR>24_Remove_Matches returning #0

continuing in <SNR>24_Highlight_Matching_Pair

line 6: 
line 7:   " Avoid that we remove the popup menu.
line 8:   " Return when there are no colors (looks like the cursor jumps).
line 9:   if pumvisible() || (&t_Co < 8 && !has("gui_running"))
line 10:     return
line 11:   endif
line 12: 
line 13:   " Get the character under the cursor and check if it's in 'matchpairs'.
line 14:   let c_lnum = line('.')
line 15:   let c_col = col('.')
line 16:   let before = 0
line 17: 
line 18:   let text = getline(c_lnum)
line 19:   let c_before = text->strpart(0, c_col - 1)->slice(-1)
line 20:   let c = text->strpart(c_col - 1)->slice(0, 1)
line 21:   let plist = split(&matchpairs, '.\zs[:,]')
line 22:   let i = index(plist, c)
line 23:   if i < 0
line 24:     " not found, in Insert mode try character before the cursor
line 25:     if c_col > 1 && (mode() == 'i' || mode() == 'R')
line 26:       let before = strlen(c_before)
line 27:       let c = c_before
line 28:       let i = index(plist, c)
line 29:     endif
line 30:     if i < 0
line 31:       " not found, nothing to do
line 32:       return
<SNR>24_Highlight_Matching_Pair returning #0

continuing in CursorMoved Autocommands for "*"

Executing CursorMoved Autocommands for "*"
autocommand <Lua 223: vim/_editor.lua:0>

Executing: 
Executing CursorMoved Autocommands for "*"
autocommand <Lua 390: ~/.local/share/nvim/lazy/flash.nvim/lua/flash/plugins/char.lua:142>

Executing: 
Executing CursorMoved Autocommands for "*"
autocommand <Lua 358: ~/.local/share/nvim/lazy/trouble.nvim/lua/trouble/view/section.lua:148>

Executing: 
Executing CursorMoved Autocommands for "*"
autocommand call v:lua.require'lualine'.refresh({'kind': 'window', 'place': ['statusline'], 'trigger': 'autocmd'})

Executing: call v:lua.require'lualine'.refresh({'kind': 'window', 'place': ['statusline'], 'trigger': 'autocmd'})
Executing CursorMoved Autocommands for "*"
autocommand <Lua 934: ~/.local/share/nvim/lazy/blink.cmp/lua/blink/cmp/lib/buffer_events.lua:88>

Executing: 
Executing CursorMoved Autocommands for "*"
autocommand <Lua 619: ~/.local/share/nvim/lazy/snacks.nvim/lua/snacks/scope.lua:678>

Executing: 
Executing CursorMoved Autocommands for "*"
autocommand <Lua 864: ~/.local/share/nvim/lazy/snacks.nvim/lua/snacks/words.lua:42>

Executing: 
Executing WinScrolled Autocommands for "*"
autocommand call s:Highlight_Matching_Pair()

Executing: call s:Highlight_Matching_Pair()
calling <SNR>24_Highlight_Matching_Pair()

line 1:   if !exists("w:matchparen_ids")
line 2:     let w:matchparen_ids = []
line 3:   endif
line 4:   " Remove any previous match.
line 5:   call s:Remove_Matches()
calling <SNR>24_Remove_Matches()

line 1:   if exists('w:paren_hl_on') && w:paren_hl_on
line 2:     while !empty(w:matchparen_ids)
line 3:       silent! call remove(w:matchparen_ids, 0)->matchdelete()
line 4:     endwhile
line 5:     let w:paren_hl_on = 0
line 6:   endif
<SNR>24_Remove_Matches returning #0

continuing in <SNR>24_Highlight_Matching_Pair

line 6: 
line 7:   " Avoid that we remove the popup menu.
line 8:   " Return when there are no colors (looks like the cursor jumps).
line 9:   if pumvisible() || (&t_Co < 8 && !has("gui_running"))
line 10:     return
line 11:   endif
line 12: 
line 13:   " Get the character under the cursor and check if it's in 'matchpairs'.
line 14:   let c_lnum = line('.')
line 15:   let c_col = col('.')
line 16:   let before = 0
line 17: 
line 18:   let text = getline(c_lnum)
line 19:   let c_before = text->strpart(0, c_col - 1)->slice(-1)
line 20:   let c = text->strpart(c_col - 1)->slice(0, 1)
line 21:   let plist = split(&matchpairs, '.\zs[:,]')
line 22:   let i = index(plist, c)
line 23:   if i < 0
line 24:     " not found, in Insert mode try character before the cursor
line 25:     if c_col > 1 && (mode() == 'i' || mode() == 'R')
line 26:       let before = strlen(c_before)
line 27:       let c = c_before
line 28:       let i = index(plist, c)
line 29:     endif
line 30:     if i < 0
line 31:       " not found, nothing to do
line 32:       return
<SNR>24_Highlight_Matching_Pair returning #0

continuing in WinScrolled Autocommands for "*"

Executing WinScrolled Autocommands for "*"
autocommand <Lua 227: ~/.local/share/nvim/lazy/snacks.nvim/lua/snacks/scroll.lua:219>

Executing: 
Executing WinScrolled Autocommands for "*"
autocommand <Lua 906: ~/.local/share/nvim/lazy/blink.cmp/lua/blink/cmp/completion/windows/menu.lua:62>

Executing: 
Executing WinScrolled Autocommands for "*"
autocommand <Lua 576: ~/.local/share/nvim/lazy/todo-comments.nvim/lua/todo-comments/highlight.lua:421>

Executing: 
Executing CursorMoved Autocommands for "*"
autocommand call s:Highlight_Matching_Pair()

Executing: call s:Highlight_Matching_Pair()
calling <SNR>24_Highlight_Matching_Pair()

line 1:   if !exists("w:matchparen_ids")
line 2:     let w:matchparen_ids = []
line 3:   endif
line 4:   " Remove any previous match.
line 5:   call s:Remove_Matches()
calling <SNR>24_Remove_Matches()

line 1:   if exists('w:paren_hl_on') && w:paren_hl_on
line 2:     while !empty(w:matchparen_ids)
line 3:       silent! call remove(w:matchparen_ids, 0)->matchdelete()
line 4:     endwhile
line 5:     let w:paren_hl_on = 0
line 6:   endif
<SNR>24_Remove_Matches returning #0

continuing in <SNR>24_Highlight_Matching_Pair

line 6: 
line 7:   " Avoid that we remove the popup menu.
line 8:   " Return when there are no colors (looks like the cursor jumps).
line 9:   if pumvisible() || (&t_Co < 8 && !has("gui_running"))
line 10:     return
line 11:   endif
line 12: 
line 13:   " Get the character under the cursor and check if it's in 'matchpairs'.
line 14:   let c_lnum = line('.')
line 15:   let c_col = col('.')
line 16:   let before = 0
line 17: 
line 18:   let text = getline(c_lnum)
line 19:   let c_before = text->strpart(0, c_col - 1)->slice(-1)
line 20:   let c = text->strpart(c_col - 1)->slice(0, 1)
line 21:   let plist = split(&matchpairs, '.\zs[:,]')
line 22:   let i = index(plist, c)
line 23:   if i < 0
line 24:     " not found, in Insert mode try character before the cursor
line 25:     if c_col > 1 && (mode() == 'i' || mode() == 'R')
line 26:       let before = strlen(c_before)
line 27:       let c = c_before
line 28:       let i = index(plist, c)
line 29:     endif
line 30:     if i < 0
line 31:       " not found, nothing to do
line 32:       return
<SNR>24_Highlight_Matching_Pair returning #0

continuing in CursorMoved Autocommands for "*"

Executing CursorMoved Autocommands for "*"
autocommand <Lua 223: vim/_editor.lua:0>

Executing: 
Executing CursorMoved Autocommands for "*"
autocommand <Lua 390: ~/.local/share/nvim/lazy/flash.nvim/lua/flash/plugins/char.lua:142>

Executing: 
Executing CursorMoved Autocommands for "*"
autocommand <Lua 358: ~/.local/share/nvim/lazy/trouble.nvim/lua/trouble/view/section.lua:148>

Executing: 
Executing CursorMoved Autocommands for "*"
autocommand call v:lua.require'lualine'.refresh({'kind': 'window', 'place': ['statusline'], 'trigger': 'autocmd'})

Executing: call v:lua.require'lualine'.refresh({'kind': 'window', 'place': ['statusline'], 'trigger': 'autocmd'})
Executing CursorMoved Autocommands for "*"
autocommand <Lua 934: ~/.local/share/nvim/lazy/blink.cmp/lua/blink/cmp/lib/buffer_events.lua:88>

Executing: 
Executing CursorMoved Autocommands for "*"
autocommand <Lua 619: ~/.local/share/nvim/lazy/snacks.nvim/lua/snacks/scope.lua:678>

Executing: 
Executing CursorMoved Autocommands for "*"
autocommand <Lua 864: ~/.local/share/nvim/lazy/snacks.nvim/lua/snacks/words.lua:42>

Executing: 
Executing WinScrolled Autocommands for "*"
autocommand call s:Highlight_Matching_Pair()

Executing: call s:Highlight_Matching_Pair()
calling <SNR>24_Highlight_Matching_Pair()

line 1:   if !exists("w:matchparen_ids")
line 2:     let w:matchparen_ids = []
line 3:   endif
line 4:   " Remove any previous match.
line 5:   call s:Remove_Matches()
calling <SNR>24_Remove_Matches()

line 1:   if exists('w:paren_hl_on') && w:paren_hl_on
line 2:     while !empty(w:matchparen_ids)
line 3:       silent! call remove(w:matchparen_ids, 0)->matchdelete()
line 4:     endwhile
line 5:     let w:paren_hl_on = 0
line 6:   endif
<SNR>24_Remove_Matches returning #0

continuing in <SNR>24_Highlight_Matching_Pair

line 6: 
line 7:   " Avoid that we remove the popup menu.
line 8:   " Return when there are no colors (looks like the cursor jumps).
line 9:   if pumvisible() || (&t_Co < 8 && !has("gui_running"))
line 10:     return
line 11:   endif
line 12: 
line 13:   " Get the character under the cursor and check if it's in 'matchpairs'.
line 14:   let c_lnum = line('.')
line 15:   let c_col = col('.')
line 16:   let before = 0
line 17: 
line 18:   let text = getline(c_lnum)
line 19:   let c_before = text->strpart(0, c_col - 1)->slice(-1)
line 20:   let c = text->strpart(c_col - 1)->slice(0, 1)
line 21:   let plist = split(&matchpairs, '.\zs[:,]')
line 22:   let i = index(plist, c)
line 23:   if i < 0
line 24:     " not found, in Insert mode try character before the cursor
line 25:     if c_col > 1 && (mode() == 'i' || mode() == 'R')
line 26:       let before = strlen(c_before)
line 27:       let c = c_before
line 28:       let i = index(plist, c)
line 29:     endif
line 30:     if i < 0
line 31:       " not found, nothing to do
line 32:       return
<SNR>24_Highlight_Matching_Pair returning #0

continuing in WinScrolled Autocommands for "*"

Executing WinScrolled Autocommands for "*"
autocommand <Lua 227: ~/.local/share/nvim/lazy/snacks.nvim/lua/snacks/scroll.lua:219>

Executing: 
Executing WinScrolled Autocommands for "*"
autocommand <Lua 906: ~/.local/share/nvim/lazy/blink.cmp/lua/blink/cmp/completion/windows/menu.lua:62>

Executing: 
Executing WinScrolled Autocommands for "*"
autocommand <Lua 576: ~/.local/share/nvim/lazy/todo-comments.nvim/lua/todo-comments/highlight.lua:421>

Executing: 
Executing CursorMoved Autocommands for "*"
autocommand call s:Highlight_Matching_Pair()

Executing: call s:Highlight_Matching_Pair()
calling <SNR>24_Highlight_Matching_Pair()

line 1:   if !exists("w:matchparen_ids")
line 2:     let w:matchparen_ids = []
line 3:   endif
line 4:   " Remove any previous match.
line 5:   call s:Remove_Matches()
calling <SNR>24_Remove_Matches()

line 1:   if exists('w:paren_hl_on') && w:paren_hl_on
line 2:     while !empty(w:matchparen_ids)
line 3:       silent! call remove(w:matchparen_ids, 0)->matchdelete()
line 4:     endwhile
line 5:     let w:paren_hl_on = 0
line 6:   endif
<SNR>24_Remove_Matches returning #0

continuing in <SNR>24_Highlight_Matching_Pair

line 6: 
line 7:   " Avoid that we remove the popup menu.
line 8:   " Return when there are no colors (looks like the cursor jumps).
line 9:   if pumvisible() || (&t_Co < 8 && !has("gui_running"))
line 10:     return
line 11:   endif
line 12: 
line 13:   " Get the character under the cursor and check if it's in 'matchpairs'.
line 14:   let c_lnum = line('.')
line 15:   let c_col = col('.')
line 16:   let before = 0
line 17: 
line 18:   let text = getline(c_lnum)
line 19:   let c_before = text->strpart(0, c_col - 1)->slice(-1)
line 20:   let c = text->strpart(c_col - 1)->slice(0, 1)
line 21:   let plist = split(&matchpairs, '.\zs[:,]')
line 22:   let i = index(plist, c)
line 23:   if i < 0
line 24:     " not found, in Insert mode try character before the cursor
line 25:     if c_col > 1 && (mode() == 'i' || mode() == 'R')
line 26:       let before = strlen(c_before)
line 27:       let c = c_before
line 28:       let i = index(plist, c)
line 29:     endif
line 30:     if i < 0
line 31:       " not found, nothing to do
line 32:       return
<SNR>24_Highlight_Matching_Pair returning #0

continuing in CursorMoved Autocommands for "*"

Executing CursorMoved Autocommands for "*"
autocommand <Lua 223: vim/_editor.lua:0>

Executing: 
Executing CursorMoved Autocommands for "*"
autocommand <Lua 390: ~/.local/share/nvim/lazy/flash.nvim/lua/flash/plugins/char.lua:142>

Executing: 
Executing CursorMoved Autocommands for "*"
autocommand <Lua 358: ~/.local/share/nvim/lazy/trouble.nvim/lua/trouble/view/section.lua:148>

Executing: 
Executing CursorMoved Autocommands for "*"
autocommand call v:lua.require'lualine'.refresh({'kind': 'window', 'place': ['statusline'], 'trigger': 'autocmd'})

Executing: call v:lua.require'lualine'.refresh({'kind': 'window', 'place': ['statusline'], 'trigger': 'autocmd'})
Executing CursorMoved Autocommands for "*"
autocommand <Lua 934: ~/.local/share/nvim/lazy/blink.cmp/lua/blink/cmp/lib/buffer_events.lua:88>

Executing: 
Executing CursorMoved Autocommands for "*"
autocommand <Lua 619: ~/.local/share/nvim/lazy/snacks.nvim/lua/snacks/scope.lua:678>

Executing: 
Executing CursorMoved Autocommands for "*"
autocommand <Lua 864: ~/.local/share/nvim/lazy/snacks.nvim/lua/snacks/words.lua:42>

Executing: 
Executing WinScrolled Autocommands for "*"
autocommand call s:Highlight_Matching_Pair()

Executing: call s:Highlight_Matching_Pair()
calling <SNR>24_Highlight_Matching_Pair()

line 1:   if !exists("w:matchparen_ids")
line 2:     let w:matchparen_ids = []
line 3:   endif
line 4:   " Remove any previous match.
line 5:   call s:Remove_Matches()
calling <SNR>24_Remove_Matches()

line 1:   if exists('w:paren_hl_on') && w:paren_hl_on
line 2:     while !empty(w:matchparen_ids)
line 3:       silent! call remove(w:matchparen_ids, 0)->matchdelete()
line 4:     endwhile
line 5:     let w:paren_hl_on = 0
line 6:   endif
<SNR>24_Remove_Matches returning #0

continuing in <SNR>24_Highlight_Matching_Pair

line 6: 
line 7:   " Avoid that we remove the popup menu.
line 8:   " Return when there are no colors (looks like the cursor jumps).
line 9:   if pumvisible() || (&t_Co < 8 && !has("gui_running"))
line 10:     return
line 11:   endif
line 12: 
line 13:   " Get the character under the cursor and check if it's in 'matchpairs'.
line 14:   let c_lnum = line('.')
line 15:   let c_col = col('.')
line 16:   let before = 0
line 17: 
line 18:   let text = getline(c_lnum)
line 19:   let c_before = text->strpart(0, c_col - 1)->slice(-1)
line 20:   let c = text->strpart(c_col - 1)->slice(0, 1)
line 21:   let plist = split(&matchpairs, '.\zs[:,]')
line 22:   let i = index(plist, c)
line 23:   if i < 0
line 24:     " not found, in Insert mode try character before the cursor
line 25:     if c_col > 1 && (mode() == 'i' || mode() == 'R')
line 26:       let before = strlen(c_before)
line 27:       let c = c_before
line 28:       let i = index(plist, c)
line 29:     endif
line 30:     if i < 0
line 31:       " not found, nothing to do
line 32:       return
<SNR>24_Highlight_Matching_Pair returning #0

continuing in WinScrolled Autocommands for "*"

Executing WinScrolled Autocommands for "*"
autocommand <Lua 227: ~/.local/share/nvim/lazy/snacks.nvim/lua/snacks/scroll.lua:219>

Executing: 
Executing WinScrolled Autocommands for "*"
autocommand <Lua 906: ~/.local/share/nvim/lazy/blink.cmp/lua/blink/cmp/completion/windows/menu.lua:62>

Executing: 
Executing WinScrolled Autocommands for "*"
autocommand <Lua 576: ~/.local/share/nvim/lazy/todo-comments.nvim/lua/todo-comments/highlight.lua:421>

Executing: 
Executing CursorMoved Autocommands for "*"
autocommand call s:Highlight_Matching_Pair()

Executing: call s:Highlight_Matching_Pair()
calling <SNR>24_Highlight_Matching_Pair()

line 1:   if !exists("w:matchparen_ids")
line 2:     let w:matchparen_ids = []
line 3:   endif
line 4:   " Remove any previous match.
line 5:   call s:Remove_Matches()
calling <SNR>24_Remove_Matches()

line 1:   if exists('w:paren_hl_on') && w:paren_hl_on
line 2:     while !empty(w:matchparen_ids)
line 3:       silent! call remove(w:matchparen_ids, 0)->matchdelete()
line 4:     endwhile
line 5:     let w:paren_hl_on = 0
line 6:   endif
<SNR>24_Remove_Matches returning #0

continuing in <SNR>24_Highlight_Matching_Pair

line 6: 
line 7:   " Avoid that we remove the popup menu.
line 8:   " Return when there are no colors (looks like the cursor jumps).
line 9:   if pumvisible() || (&t_Co < 8 && !has("gui_running"))
line 10:     return
line 11:   endif
line 12: 
line 13:   " Get the character under the cursor and check if it's in 'matchpairs'.
line 14:   let c_lnum = line('.')
line 15:   let c_col = col('.')
line 16:   let before = 0
line 17: 
line 18:   let text = getline(c_lnum)
line 19:   let c_before = text->strpart(0, c_col - 1)->slice(-1)
line 20:   let c = text->strpart(c_col - 1)->slice(0, 1)
line 21:   let plist = split(&matchpairs, '.\zs[:,]')
line 22:   let i = index(plist, c)
line 23:   if i < 0
line 24:     " not found, in Insert mode try character before the cursor
line 25:     if c_col > 1 && (mode() == 'i' || mode() == 'R')
line 26:       let before = strlen(c_before)
line 27:       let c = c_before
line 28:       let i = index(plist, c)
line 29:     endif
line 30:     if i < 0
line 31:       " not found, nothing to do
line 32:       return
<SNR>24_Highlight_Matching_Pair returning #0

continuing in CursorMoved Autocommands for "*"

Executing CursorMoved Autocommands for "*"
autocommand <Lua 223: vim/_editor.lua:0>

Executing: 
Executing CursorMoved Autocommands for "*"
autocommand <Lua 390: ~/.local/share/nvim/lazy/flash.nvim/lua/flash/plugins/char.lua:142>

Executing: 
Executing CursorMoved Autocommands for "*"
autocommand <Lua 358: ~/.local/share/nvim/lazy/trouble.nvim/lua/trouble/view/section.lua:148>

Executing: 
Executing CursorMoved Autocommands for "*"
autocommand call v:lua.require'lualine'.refresh({'kind': 'window', 'place': ['statusline'], 'trigger': 'autocmd'})

Executing: call v:lua.require'lualine'.refresh({'kind': 'window', 'place': ['statusline'], 'trigger': 'autocmd'})
Executing CursorMoved Autocommands for "*"
autocommand <Lua 934: ~/.local/share/nvim/lazy/blink.cmp/lua/blink/cmp/lib/buffer_events.lua:88>

Executing: 
Executing CursorMoved Autocommands for "*"
autocommand <Lua 619: ~/.local/share/nvim/lazy/snacks.nvim/lua/snacks/scope.lua:678>

Executing: 
Executing CursorMoved Autocommands for "*"
autocommand <Lua 864: ~/.local/share/nvim/lazy/snacks.nvim/lua/snacks/words.lua:42>

Executing: 
Executing WinScrolled Autocommands for "*"
autocommand call s:Highlight_Matching_Pair()

Executing: call s:Highlight_Matching_Pair()
calling <SNR>24_Highlight_Matching_Pair()

line 1:   if !exists("w:matchparen_ids")
line 2:     let w:matchparen_ids = []
line 3:   endif
line 4:   " Remove any previous match.
line 5:   call s:Remove_Matches()
calling <SNR>24_Remove_Matches()

line 1:   if exists('w:paren_hl_on') && w:paren_hl_on
line 2:     while !empty(w:matchparen_ids)
line 3:       silent! call remove(w:matchparen_ids, 0)->matchdelete()
line 4:     endwhile
line 5:     let w:paren_hl_on = 0
line 6:   endif
<SNR>24_Remove_Matches returning #0

continuing in <SNR>24_Highlight_Matching_Pair

line 6: 
line 7:   " Avoid that we remove the popup menu.
line 8:   " Return when there are no colors (looks like the cursor jumps).
line 9:   if pumvisible() || (&t_Co < 8 && !has("gui_running"))
line 10:     return
line 11:   endif
line 12: 
line 13:   " Get the character under the cursor and check if it's in 'matchpairs'.
line 14:   let c_lnum = line('.')
line 15:   let c_col = col('.')
line 16:   let before = 0
line 17: 
line 18:   let text = getline(c_lnum)
line 19:   let c_before = text->strpart(0, c_col - 1)->slice(-1)
line 20:   let c = text->strpart(c_col - 1)->slice(0, 1)
line 21:   let plist = split(&matchpairs, '.\zs[:,]')
line 22:   let i = index(plist, c)
line 23:   if i < 0
line 24:     " not found, in Insert mode try character before the cursor
line 25:     if c_col > 1 && (mode() == 'i' || mode() == 'R')
line 26:       let before = strlen(c_before)
line 27:       let c = c_before
line 28:       let i = index(plist, c)
line 29:     endif
line 30:     if i < 0
line 31:       " not found, nothing to do
line 32:       return
<SNR>24_Highlight_Matching_Pair returning #0

continuing in WinScrolled Autocommands for "*"

Executing WinScrolled Autocommands for "*"
autocommand <Lua 227: ~/.local/share/nvim/lazy/snacks.nvim/lua/snacks/scroll.lua:219>

Executing: 
Executing WinScrolled Autocommands for "*"
autocommand <Lua 906: ~/.local/share/nvim/lazy/blink.cmp/lua/blink/cmp/completion/windows/menu.lua:62>

Executing: 
Executing WinScrolled Autocommands for "*"
autocommand <Lua 576: ~/.local/share/nvim/lazy/todo-comments.nvim/lua/todo-comments/highlight.lua:421>

Executing: 
Executing CursorMoved Autocommands for "*"
autocommand call s:Highlight_Matching_Pair()

Executing: call s:Highlight_Matching_Pair()
calling <SNR>24_Highlight_Matching_Pair()

line 1:   if !exists("w:matchparen_ids")
line 2:     let w:matchparen_ids = []
line 3:   endif
line 4:   " Remove any previous match.
line 5:   call s:Remove_Matches()
calling <SNR>24_Remove_Matches()

line 1:   if exists('w:paren_hl_on') && w:paren_hl_on
line 2:     while !empty(w:matchparen_ids)
line 3:       silent! call remove(w:matchparen_ids, 0)->matchdelete()
line 4:     endwhile
line 5:     let w:paren_hl_on = 0
line 6:   endif
<SNR>24_Remove_Matches returning #0

continuing in <SNR>24_Highlight_Matching_Pair

line 6: 
line 7:   " Avoid that we remove the popup menu.
line 8:   " Return when there are no colors (looks like the cursor jumps).
line 9:   if pumvisible() || (&t_Co < 8 && !has("gui_running"))
line 10:     return
line 11:   endif
line 12: 
line 13:   " Get the character under the cursor and check if it's in 'matchpairs'.
line 14:   let c_lnum = line('.')
line 15:   let c_col = col('.')
line 16:   let before = 0
line 17: 
line 18:   let text = getline(c_lnum)
line 19:   let c_before = text->strpart(0, c_col - 1)->slice(-1)
line 20:   let c = text->strpart(c_col - 1)->slice(0, 1)
line 21:   let plist = split(&matchpairs, '.\zs[:,]')
line 22:   let i = index(plist, c)
line 23:   if i < 0
line 24:     " not found, in Insert mode try character before the cursor
line 25:     if c_col > 1 && (mode() == 'i' || mode() == 'R')
line 26:       let before = strlen(c_before)
line 27:       let c = c_before
line 28:       let i = index(plist, c)
line 29:     endif
line 30:     if i < 0
line 31:       " not found, nothing to do
line 32:       return
<SNR>24_Highlight_Matching_Pair returning #0

continuing in CursorMoved Autocommands for "*"

Executing CursorMoved Autocommands for "*"
autocommand <Lua 223: vim/_editor.lua:0>

Executing: 
Executing CursorMoved Autocommands for "*"
autocommand <Lua 390: ~/.local/share/nvim/lazy/flash.nvim/lua/flash/plugins/char.lua:142>

Executing: 
Executing CursorMoved Autocommands for "*"
autocommand <Lua 358: ~/.local/share/nvim/lazy/trouble.nvim/lua/trouble/view/section.lua:148>

Executing: 
Executing CursorMoved Autocommands for "*"
autocommand call v:lua.require'lualine'.refresh({'kind': 'window', 'place': ['statusline'], 'trigger': 'autocmd'})

Executing: call v:lua.require'lualine'.refresh({'kind': 'window', 'place': ['statusline'], 'trigger': 'autocmd'})
Executing CursorMoved Autocommands for "*"
autocommand <Lua 934: ~/.local/share/nvim/lazy/blink.cmp/lua/blink/cmp/lib/buffer_events.lua:88>

Executing: 
Executing CursorMoved Autocommands for "*"
autocommand <Lua 619: ~/.local/share/nvim/lazy/snacks.nvim/lua/snacks/scope.lua:678>

Executing: 
Executing CursorMoved Autocommands for "*"
autocommand <Lua 864: ~/.local/share/nvim/lazy/snacks.nvim/lua/snacks/words.lua:42>

Executing: 
Executing WinScrolled Autocommands for "*"
autocommand call s:Highlight_Matching_Pair()

Executing: call s:Highlight_Matching_Pair()
calling <SNR>24_Highlight_Matching_Pair()

line 1:   if !exists("w:matchparen_ids")
line 2:     let w:matchparen_ids = []
line 3:   endif
line 4:   " Remove any previous match.
line 5:   call s:Remove_Matches()
calling <SNR>24_Remove_Matches()

line 1:   if exists('w:paren_hl_on') && w:paren_hl_on
line 2:     while !empty(w:matchparen_ids)
line 3:       silent! call remove(w:matchparen_ids, 0)->matchdelete()
line 4:     endwhile
line 5:     let w:paren_hl_on = 0
line 6:   endif
<SNR>24_Remove_Matches returning #0

continuing in <SNR>24_Highlight_Matching_Pair

line 6: 
line 7:   " Avoid that we remove the popup menu.
line 8:   " Return when there are no colors (looks like the cursor jumps).
line 9:   if pumvisible() || (&t_Co < 8 && !has("gui_running"))
line 10:     return
line 11:   endif
line 12: 
line 13:   " Get the character under the cursor and check if it's in 'matchpairs'.
line 14:   let c_lnum = line('.')
line 15:   let c_col = col('.')
line 16:   let before = 0
line 17: 
line 18:   let text = getline(c_lnum)
line 19:   let c_before = text->strpart(0, c_col - 1)->slice(-1)
line 20:   let c = text->strpart(c_col - 1)->slice(0, 1)
line 21:   let plist = split(&matchpairs, '.\zs[:,]')
line 22:   let i = index(plist, c)
line 23:   if i < 0
line 24:     " not found, in Insert mode try character before the cursor
line 25:     if c_col > 1 && (mode() == 'i' || mode() == 'R')
line 26:       let before = strlen(c_before)
line 27:       let c = c_before
line 28:       let i = index(plist, c)
line 29:     endif
line 30:     if i < 0
line 31:       " not found, nothing to do
line 32:       return
<SNR>24_Highlight_Matching_Pair returning #0

continuing in WinScrolled Autocommands for "*"

Executing WinScrolled Autocommands for "*"
autocommand <Lua 227: ~/.local/share/nvim/lazy/snacks.nvim/lua/snacks/scroll.lua:219>

Executing: 
Executing WinScrolled Autocommands for "*"
autocommand <Lua 906: ~/.local/share/nvim/lazy/blink.cmp/lua/blink/cmp/completion/windows/menu.lua:62>

Executing: 
Executing WinScrolled Autocommands for "*"
autocommand <Lua 576: ~/.local/share/nvim/lazy/todo-comments.nvim/lua/todo-comments/highlight.lua:421>

Executing: 
Executing CursorMoved Autocommands for "*"
autocommand call s:Highlight_Matching_Pair()

Executing: call s:Highlight_Matching_Pair()
calling <SNR>24_Highlight_Matching_Pair()

line 1:   if !exists("w:matchparen_ids")
line 2:     let w:matchparen_ids = []
line 3:   endif
line 4:   " Remove any previous match.
line 5:   call s:Remove_Matches()
calling <SNR>24_Remove_Matches()

line 1:   if exists('w:paren_hl_on') && w:paren_hl_on
line 2:     while !empty(w:matchparen_ids)
line 3:       silent! call remove(w:matchparen_ids, 0)->matchdelete()
line 4:     endwhile
line 5:     let w:paren_hl_on = 0
line 6:   endif
<SNR>24_Remove_Matches returning #0

continuing in <SNR>24_Highlight_Matching_Pair

line 6: 
line 7:   " Avoid that we remove the popup menu.
line 8:   " Return when there are no colors (looks like the cursor jumps).
line 9:   if pumvisible() || (&t_Co < 8 && !has("gui_running"))
line 10:     return
line 11:   endif
line 12: 
line 13:   " Get the character under the cursor and check if it's in 'matchpairs'.
line 14:   let c_lnum = line('.')
line 15:   let c_col = col('.')
line 16:   let before = 0
line 17: 
line 18:   let text = getline(c_lnum)
line 19:   let c_before = text->strpart(0, c_col - 1)->slice(-1)
line 20:   let c = text->strpart(c_col - 1)->slice(0, 1)
line 21:   let plist = split(&matchpairs, '.\zs[:,]')
line 22:   let i = index(plist, c)
line 23:   if i < 0
line 24:     " not found, in Insert mode try character before the cursor
line 25:     if c_col > 1 && (mode() == 'i' || mode() == 'R')
line 26:       let before = strlen(c_before)
line 27:       let c = c_before
line 28:       let i = index(plist, c)
line 29:     endif
line 30:     if i < 0
line 31:       " not found, nothing to do
line 32:       return
<SNR>24_Highlight_Matching_Pair returning #0

continuing in CursorMoved Autocommands for "*"

Executing CursorMoved Autocommands for "*"
autocommand <Lua 223: vim/_editor.lua:0>

Executing: 
Executing CursorMoved Autocommands for "*"
autocommand <Lua 390: ~/.local/share/nvim/lazy/flash.nvim/lua/flash/plugins/char.lua:142>

Executing: 
Executing CursorMoved Autocommands for "*"
autocommand <Lua 358: ~/.local/share/nvim/lazy/trouble.nvim/lua/trouble/view/section.lua:148>

Executing: 
Executing CursorMoved Autocommands for "*"
autocommand call v:lua.require'lualine'.refresh({'kind': 'window', 'place': ['statusline'], 'trigger': 'autocmd'})

Executing: call v:lua.require'lualine'.refresh({'kind': 'window', 'place': ['statusline'], 'trigger': 'autocmd'})
Executing CursorMoved Autocommands for "*"
autocommand <Lua 934: ~/.local/share/nvim/lazy/blink.cmp/lua/blink/cmp/lib/buffer_events.lua:88>

Executing: 
Executing CursorMoved Autocommands for "*"
autocommand <Lua 619: ~/.local/share/nvim/lazy/snacks.nvim/lua/snacks/scope.lua:678>

Executing: 
Executing CursorMoved Autocommands for "*"
autocommand <Lua 864: ~/.local/share/nvim/lazy/snacks.nvim/lua/snacks/words.lua:42>

Executing: 
Executing WinScrolled Autocommands for "*"
autocommand call s:Highlight_Matching_Pair()

Executing: call s:Highlight_Matching_Pair()
calling <SNR>24_Highlight_Matching_Pair()

line 1:   if !exists("w:matchparen_ids")
line 2:     let w:matchparen_ids = []
line 3:   endif
line 4:   " Remove any previous match.
line 5:   call s:Remove_Matches()
calling <SNR>24_Remove_Matches()

line 1:   if exists('w:paren_hl_on') && w:paren_hl_on
line 2:     while !empty(w:matchparen_ids)
line 3:       silent! call remove(w:matchparen_ids, 0)->matchdelete()
line 4:     endwhile
line 5:     let w:paren_hl_on = 0
line 6:   endif
<SNR>24_Remove_Matches returning #0

continuing in <SNR>24_Highlight_Matching_Pair

line 6: 
line 7:   " Avoid that we remove the popup menu.
line 8:   " Return when there are no colors (looks like the cursor jumps).
line 9:   if pumvisible() || (&t_Co < 8 && !has("gui_running"))
line 10:     return
line 11:   endif
line 12: 
line 13:   " Get the character under the cursor and check if it's in 'matchpairs'.
line 14:   let c_lnum = line('.')
line 15:   let c_col = col('.')
line 16:   let before = 0
line 17: 
line 18:   let text = getline(c_lnum)
line 19:   let c_before = text->strpart(0, c_col - 1)->slice(-1)
line 20:   let c = text->strpart(c_col - 1)->slice(0, 1)
line 21:   let plist = split(&matchpairs, '.\zs[:,]')
line 22:   let i = index(plist, c)
line 23:   if i < 0
line 24:     " not found, in Insert mode try character before the cursor
line 25:     if c_col > 1 && (mode() == 'i' || mode() == 'R')
line 26:       let before = strlen(c_before)
line 27:       let c = c_before
line 28:       let i = index(plist, c)
line 29:     endif
line 30:     if i < 0
line 31:       " not found, nothing to do
line 32:       return
<SNR>24_Highlight_Matching_Pair returning #0

continuing in WinScrolled Autocommands for "*"

Executing WinScrolled Autocommands for "*"
autocommand <Lua 227: ~/.local/share/nvim/lazy/snacks.nvim/lua/snacks/scroll.lua:219>

Executing: 
Executing WinScrolled Autocommands for "*"
autocommand <Lua 906: ~/.local/share/nvim/lazy/blink.cmp/lua/blink/cmp/completion/windows/menu.lua:62>

Executing: 
Executing WinScrolled Autocommands for "*"
autocommand <Lua 576: ~/.local/share/nvim/lazy/todo-comments.nvim/lua/todo-comments/highlight.lua:421>

Executing: 
Executing CursorMoved Autocommands for "*"
autocommand call s:Highlight_Matching_Pair()

Executing: call s:Highlight_Matching_Pair()
calling <SNR>24_Highlight_Matching_Pair()

line 1:   if !exists("w:matchparen_ids")
line 2:     let w:matchparen_ids = []
line 3:   endif
line 4:   " Remove any previous match.
line 5:   call s:Remove_Matches()
calling <SNR>24_Remove_Matches()

line 1:   if exists('w:paren_hl_on') && w:paren_hl_on
line 2:     while !empty(w:matchparen_ids)
line 3:       silent! call remove(w:matchparen_ids, 0)->matchdelete()
line 4:     endwhile
line 5:     let w:paren_hl_on = 0
line 6:   endif
<SNR>24_Remove_Matches returning #0

continuing in <SNR>24_Highlight_Matching_Pair

line 6: 
line 7:   " Avoid that we remove the popup menu.
line 8:   " Return when there are no colors (looks like the cursor jumps).
line 9:   if pumvisible() || (&t_Co < 8 && !has("gui_running"))
line 10:     return
line 11:   endif
line 12: 
line 13:   " Get the character under the cursor and check if it's in 'matchpairs'.
line 14:   let c_lnum = line('.')
line 15:   let c_col = col('.')
line 16:   let before = 0
line 17: 
line 18:   let text = getline(c_lnum)
line 19:   let c_before = text->strpart(0, c_col - 1)->slice(-1)
line 20:   let c = text->strpart(c_col - 1)->slice(0, 1)
line 21:   let plist = split(&matchpairs, '.\zs[:,]')
line 22:   let i = index(plist, c)
line 23:   if i < 0
line 24:     " not found, in Insert mode try character before the cursor
line 25:     if c_col > 1 && (mode() == 'i' || mode() == 'R')
line 26:       let before = strlen(c_before)
line 27:       let c = c_before
line 28:       let i = index(plist, c)
line 29:     endif
line 30:     if i < 0
line 31:       " not found, nothing to do
line 32:       return
line 33:     endif
line 34:   endif
line 35: 
line 36:   " Figure out the arguments for searchpairpos().
line 37:   if i % 2 == 0
line 38:     let s_flags = 'nW'
line 39:     let c2 = plist[i + 1]
line 40:   else
line 41:     let s_flags = 'nbW'
line 42:     let c2 = c
line 43:     let c = plist[i - 1]
line 44:   endif
line 45:   if c == '['
line 46:     let c = '\['
line 47:     let c2 = '\]'
line 48:   endif
line 49: 
line 50:   " Find the match.  When it was just before the cursor move it there for a
line 51:   " moment.
line 52:   if before > 0
line 53:     let save_cursor = getcurpos()
line 54:     call cursor(c_lnum, c_col - before)
line 55:     defer setpos('.', save_cursor)
line 56:   endif
line 57: 
line 58:   if !has("syntax") || !exists("g:syntax_on")
line 59:     let s_skip = "0"
line 60:   elseif exists("b:ts_highlight") && &syntax != 'on'
line 61:     let s_skip = "match(v:lua.vim.treesitter.get_captures_at_cursor(), '" .. 'string\|character\|singlequote\|escape\|symbol\|comment' .. "') != -1"
line 64:   else
line 65:     " do not attempt to match when the syntax item where the cursor is
line 66:     " indicates there does not exist a matching parenthesis, e.g. for shells
line 67:     " case statement: "case $var in foobar)"
line 68:     "
line 69:     " add the check behind a filetype check, so it only needs to be
line 70:     " evaluated for certain filetypes
line 71:     if ['sh']->index(&filetype) >= 0 && synstack(".", col("."))->indexof({_, id -> synIDattr(id, "name") =~? "shSnglCase"}) >= 0
line 74:       return
line 75:     endif
line 76:     " Build an expression that detects whether the current cursor position is
line 77:     " in certain syntax types (string, comment, etc.), for use as
line 78:     " searchpairpos()'s skip argument.
line 79:     " We match "escape" for special items, such as lispEscapeSpecial, and
line 80:     " match "symbol" for lispBarSymbol.
line 81:     let s_skip = 'synstack(".", col("."))' . '->indexof({_, id -> synIDattr(id, "name") =~? ' . '"string\\|character\\|singlequote\\|escape\\|symbol\\|comment"}) >= 0'
line 84:     " If executing the expression determines that the cursor is currently in
line 85:     " one of the syntax types, then we want searchpairpos() to find the pair
line 86:     " within those syntax types (i.e., not skip).  Otherwise, the cursor is
line 87:     " outside of the syntax types and s_skip should keep its value so we skip
line 88:     " any matching pair inside the syntax types.
line 89:     " Catch if this throws E363: pattern uses more memory than 'maxmempattern'.
line 90:     try
line 91:       execute 'if ' . s_skip . ' | let s_skip = "0" | endif'
line 92:     catch /^Vim\%((\a\+)\)\=:E363/
line 93:       " We won't find anything, so skip searching, should keep Vim responsive.
line 94:       return
line 95:     endtry
line 96:   endif
line 97: 
line 98:   " Limit the search to lines visible in the window.
line 99:   let stoplinebottom = line('w$')
line 100:   let stoplinetop = line('w0')
line 101:   if i % 2 == 0
line 102:     let stopline = stoplinebottom
line 103:   else
line 104:     let stopline = stoplinetop
line 105:   endif
line 106: 
line 107:   " Limit the search time to 300 msec to avoid a hang on very long lines.
line 108:   " This fails when a timeout is not supported.
line 109:   if mode() == 'i' || mode() == 'R'
line 110:     let timeout = exists("b:matchparen_insert_timeout") ? b:matchparen_insert_timeout : g:matchparen_insert_timeout
line 111:   else
line 112:     let timeout = exists("b:matchparen_timeout") ? b:matchparen_timeout : g:matchparen_timeout
line 113:   endif
line 114:   try
line 115:     let [m_lnum, m_col] = searchpairpos(c, '', c2, s_flags, s_skip, stopline, timeout)
line 116:   catch /E118/
line 117:     " Can't use the timeout, restrict the stopline a bit more to avoid taking
line 118:     " a long time on closed folds and long lines.
line 119:     " The "viewable" variables give a range in which we can scroll while
line 120:     " keeping the cursor at the same position.
line 121:     " adjustedScrolloff accounts for very large numbers of scrolloff.
line 122:     let adjustedScrolloff = min([&scrolloff, (line('w$') - line('w0')) / 2])
line 123:     let bottom_viewable = min([line('$'), c_lnum + &lines - adjustedScrolloff - 2])
line 124:     let top_viewable = max([1, c_lnum-&lines+adjustedScrolloff + 2])
line 125:     " one of these stoplines will be adjusted below, but the current values are
line 126:     " minimal boundaries within the current window
line 127:     if i % 2 == 0
line 128:       if has("byte_offset") && has("syntax_items") && &smc > 0
line 129: ^Ilet stopbyte = min([line2byte("$"), line2byte(".") + col(".") + &smc * 2])
line 130: ^Ilet stopline = min([bottom_viewable, byte2line(stopbyte)])
line 131:       else
line 132: ^Ilet stopline = min([bottom_viewable, c_lnum + 100])
line 133:       endif
line 134:       let stoplinebottom = stopline
line 135:     else
line 136:       if has("byte_offset") && has("syntax_items") && &smc > 0
line 137: ^Ilet stopbyte = max([1, line2byte(".") + col(".") - &smc * 2])
line 138: ^Ilet stopline = max([top_viewable, byte2line(stopbyte)])
line 139:       else
line 140: ^Ilet stopline = max([top_viewable, c_lnum - 100])
line 141:       endif
line 142:       let stoplinetop = stopline
line 143:     endif
line 144:     let [m_lnum, m_col] = searchpairpos(c, '', c2, s_flags, s_skip, stopline)
line 145:   endtry
line 146: 
line 147:   " If a match is found setup match highlighting.
line 148:   if m_lnum > 0 && m_lnum >= stoplinetop && m_lnum <= stoplinebottom
line 149:     if !g:matchparen_disable_cursor_hl
line 150:       call add(w:matchparen_ids, matchaddpos('MatchParen', [[c_lnum, c_col - before], [m_lnum, m_col]], 10))
line 151:     else
line 152:       call add(w:matchparen_ids, matchaddpos('MatchParen', [[m_lnum, m_col]], 10))
line 153:     endif
line 154:     let w:paren_hl_on = 1
line 155:   endif
<SNR>24_Highlight_Matching_Pair returning #0

continuing in CursorMoved Autocommands for "*"

Executing CursorMoved Autocommands for "*"
autocommand <Lua 223: vim/_editor.lua:0>

Executing: 
Executing CursorMoved Autocommands for "*"
autocommand <Lua 390: ~/.local/share/nvim/lazy/flash.nvim/lua/flash/plugins/char.lua:142>

Executing: 
Executing CursorMoved Autocommands for "*"
autocommand <Lua 358: ~/.local/share/nvim/lazy/trouble.nvim/lua/trouble/view/section.lua:148>

Executing: 
Executing CursorMoved Autocommands for "*"
autocommand call v:lua.require'lualine'.refresh({'kind': 'window', 'place': ['statusline'], 'trigger': 'autocmd'})

Executing: call v:lua.require'lualine'.refresh({'kind': 'window', 'place': ['statusline'], 'trigger': 'autocmd'})
Executing CursorMoved Autocommands for "*"
autocommand <Lua 934: ~/.local/share/nvim/lazy/blink.cmp/lua/blink/cmp/lib/buffer_events.lua:88>

Executing: 
Executing CursorMoved Autocommands for "*"
autocommand <Lua 619: ~/.local/share/nvim/lazy/snacks.nvim/lua/snacks/scope.lua:678>

Executing: 
Executing CursorMoved Autocommands for "*"
autocommand <Lua 864: ~/.local/share/nvim/lazy/snacks.nvim/lua/snacks/words.lua:42>

Executing: 
Executing WinScrolled Autocommands for "*"
autocommand call s:Highlight_Matching_Pair()

Executing: call s:Highlight_Matching_Pair()
calling <SNR>24_Highlight_Matching_Pair()

line 1:   if !exists("w:matchparen_ids")
line 2:     let w:matchparen_ids = []
line 3:   endif
line 4:   " Remove any previous match.
line 5:   call s:Remove_Matches()
calling <SNR>24_Remove_Matches()

line 1:   if exists('w:paren_hl_on') && w:paren_hl_on
line 2:     while !empty(w:matchparen_ids)
line 3:       silent! call remove(w:matchparen_ids, 0)->matchdelete()
line 4:     endwhile
line 2:     while !empty(w:matchparen_ids)
line 3:       silent! call remove(w:matchparen_ids, 0)->matchdelete()
line 4:     endwhile
line 5:     let w:paren_hl_on = 0
line 6:   endif
<SNR>24_Remove_Matches returning #0

continuing in <SNR>24_Highlight_Matching_Pair

line 6: 
line 7:   " Avoid that we remove the popup menu.
line 8:   " Return when there are no colors (looks like the cursor jumps).
line 9:   if pumvisible() || (&t_Co < 8 && !has("gui_running"))
line 10:     return
line 11:   endif
line 12: 
line 13:   " Get the character under the cursor and check if it's in 'matchpairs'.
line 14:   let c_lnum = line('.')
line 15:   let c_col = col('.')
line 16:   let before = 0
line 17: 
line 18:   let text = getline(c_lnum)
line 19:   let c_before = text->strpart(0, c_col - 1)->slice(-1)
line 20:   let c = text->strpart(c_col - 1)->slice(0, 1)
line 21:   let plist = split(&matchpairs, '.\zs[:,]')
line 22:   let i = index(plist, c)
line 23:   if i < 0
line 24:     " not found, in Insert mode try character before the cursor
line 25:     if c_col > 1 && (mode() == 'i' || mode() == 'R')
line 26:       let before = strlen(c_before)
line 27:       let c = c_before
line 28:       let i = index(plist, c)
line 29:     endif
line 30:     if i < 0
line 31:       " not found, nothing to do
line 32:       return
line 33:     endif
line 34:   endif
line 35: 
line 36:   " Figure out the arguments for searchpairpos().
line 37:   if i % 2 == 0
line 38:     let s_flags = 'nW'
line 39:     let c2 = plist[i + 1]
line 40:   else
line 41:     let s_flags = 'nbW'
line 42:     let c2 = c
line 43:     let c = plist[i - 1]
line 44:   endif
line 45:   if c == '['
line 46:     let c = '\['
line 47:     let c2 = '\]'
line 48:   endif
line 49: 
line 50:   " Find the match.  When it was just before the cursor move it there for a
line 51:   " moment.
line 52:   if before > 0
line 53:     let save_cursor = getcurpos()
line 54:     call cursor(c_lnum, c_col - before)
line 55:     defer setpos('.', save_cursor)
line 56:   endif
line 57: 
line 58:   if !has("syntax") || !exists("g:syntax_on")
line 59:     let s_skip = "0"
line 60:   elseif exists("b:ts_highlight") && &syntax != 'on'
line 61:     let s_skip = "match(v:lua.vim.treesitter.get_captures_at_cursor(), '" .. 'string\|character\|singlequote\|escape\|symbol\|comment' .. "') != -1"
line 64:   else
line 65:     " do not attempt to match when the syntax item where the cursor is
line 66:     " indicates there does not exist a matching parenthesis, e.g. for shells
line 67:     " case statement: "case $var in foobar)"
line 68:     "
line 69:     " add the check behind a filetype check, so it only needs to be
line 70:     " evaluated for certain filetypes
line 71:     if ['sh']->index(&filetype) >= 0 && synstack(".", col("."))->indexof({_, id -> synIDattr(id, "name") =~? "shSnglCase"}) >= 0
line 74:       return
line 75:     endif
line 76:     " Build an expression that detects whether the current cursor position is
line 77:     " in certain syntax types (string, comment, etc.), for use as
line 78:     " searchpairpos()'s skip argument.
line 79:     " We match "escape" for special items, such as lispEscapeSpecial, and
line 80:     " match "symbol" for lispBarSymbol.
line 81:     let s_skip = 'synstack(".", col("."))' . '->indexof({_, id -> synIDattr(id, "name") =~? ' . '"string\\|character\\|singlequote\\|escape\\|symbol\\|comment"}) >= 0'
line 84:     " If executing the expression determines that the cursor is currently in
line 85:     " one of the syntax types, then we want searchpairpos() to find the pair
line 86:     " within those syntax types (i.e., not skip).  Otherwise, the cursor is
line 87:     " outside of the syntax types and s_skip should keep its value so we skip
line 88:     " any matching pair inside the syntax types.
line 89:     " Catch if this throws E363: pattern uses more memory than 'maxmempattern'.
line 90:     try
line 91:       execute 'if ' . s_skip . ' | let s_skip = "0" | endif'
line 92:     catch /^Vim\%((\a\+)\)\=:E363/
line 93:       " We won't find anything, so skip searching, should keep Vim responsive.
line 94:       return
line 95:     endtry
line 96:   endif
line 97: 
line 98:   " Limit the search to lines visible in the window.
line 99:   let stoplinebottom = line('w$')
line 100:   let stoplinetop = line('w0')
line 101:   if i % 2 == 0
line 102:     let stopline = stoplinebottom
line 103:   else
line 104:     let stopline = stoplinetop
line 105:   endif
line 106: 
line 107:   " Limit the search time to 300 msec to avoid a hang on very long lines.
line 108:   " This fails when a timeout is not supported.
line 109:   if mode() == 'i' || mode() == 'R'
line 110:     let timeout = exists("b:matchparen_insert_timeout") ? b:matchparen_insert_timeout : g:matchparen_insert_timeout
line 111:   else
line 112:     let timeout = exists("b:matchparen_timeout") ? b:matchparen_timeout : g:matchparen_timeout
line 113:   endif
line 114:   try
line 115:     let [m_lnum, m_col] = searchpairpos(c, '', c2, s_flags, s_skip, stopline, timeout)
line 116:   catch /E118/
line 117:     " Can't use the timeout, restrict the stopline a bit more to avoid taking
line 118:     " a long time on closed folds and long lines.
line 119:     " The "viewable" variables give a range in which we can scroll while
line 120:     " keeping the cursor at the same position.
line 121:     " adjustedScrolloff accounts for very large numbers of scrolloff.
line 122:     let adjustedScrolloff = min([&scrolloff, (line('w$') - line('w0')) / 2])
line 123:     let bottom_viewable = min([line('$'), c_lnum + &lines - adjustedScrolloff - 2])
line 124:     let top_viewable = max([1, c_lnum-&lines+adjustedScrolloff + 2])
line 125:     " one of these stoplines will be adjusted below, but the current values are
line 126:     " minimal boundaries within the current window
line 127:     if i % 2 == 0
line 128:       if has("byte_offset") && has("syntax_items") && &smc > 0
line 129: ^Ilet stopbyte = min([line2byte("$"), line2byte(".") + col(".") + &smc * 2])
line 130: ^Ilet stopline = min([bottom_viewable, byte2line(stopbyte)])
line 131:       else
line 132: ^Ilet stopline = min([bottom_viewable, c_lnum + 100])
line 133:       endif
line 134:       let stoplinebottom = stopline
line 135:     else
line 136:       if has("byte_offset") && has("syntax_items") && &smc > 0
line 137: ^Ilet stopbyte = max([1, line2byte(".") + col(".") - &smc * 2])
line 138: ^Ilet stopline = max([top_viewable, byte2line(stopbyte)])
line 139:       else
line 140: ^Ilet stopline = max([top_viewable, c_lnum - 100])
line 141:       endif
line 142:       let stoplinetop = stopline
line 143:     endif
line 144:     let [m_lnum, m_col] = searchpairpos(c, '', c2, s_flags, s_skip, stopline)
line 145:   endtry
line 146: 
line 147:   " If a match is found setup match highlighting.
line 148:   if m_lnum > 0 && m_lnum >= stoplinetop && m_lnum <= stoplinebottom
line 149:     if !g:matchparen_disable_cursor_hl
line 150:       call add(w:matchparen_ids, matchaddpos('MatchParen', [[c_lnum, c_col - before], [m_lnum, m_col]], 10))
line 151:     else
line 152:       call add(w:matchparen_ids, matchaddpos('MatchParen', [[m_lnum, m_col]], 10))
line 153:     endif
line 154:     let w:paren_hl_on = 1
line 155:   endif
<SNR>24_Highlight_Matching_Pair returning #0

continuing in WinScrolled Autocommands for "*"

Executing WinScrolled Autocommands for "*"
autocommand <Lua 227: ~/.local/share/nvim/lazy/snacks.nvim/lua/snacks/scroll.lua:219>

Executing: 
Executing WinScrolled Autocommands for "*"
autocommand <Lua 906: ~/.local/share/nvim/lazy/blink.cmp/lua/blink/cmp/completion/windows/menu.lua:62>

Executing: 
Executing WinScrolled Autocommands for "*"
autocommand <Lua 576: ~/.local/share/nvim/lazy/todo-comments.nvim/lua/todo-comments/highlight.lua:421>

Executing: 
Executing CursorMoved Autocommands for "*"
autocommand call s:Highlight_Matching_Pair()

Executing: call s:Highlight_Matching_Pair()
calling <SNR>24_Highlight_Matching_Pair()

line 1:   if !exists("w:matchparen_ids")
line 2:     let w:matchparen_ids = []
line 3:   endif
line 4:   " Remove any previous match.
line 5:   call s:Remove_Matches()
calling <SNR>24_Remove_Matches()

line 1:   if exists('w:paren_hl_on') && w:paren_hl_on
line 2:     while !empty(w:matchparen_ids)
line 3:       silent! call remove(w:matchparen_ids, 0)->matchdelete()
line 4:     endwhile
line 2:     while !empty(w:matchparen_ids)
line 3:       silent! call remove(w:matchparen_ids, 0)->matchdelete()
line 4:     endwhile
line 5:     let w:paren_hl_on = 0
line 6:   endif
<SNR>24_Remove_Matches returning #0

continuing in <SNR>24_Highlight_Matching_Pair

line 6: 
line 7:   " Avoid that we remove the popup menu.
line 8:   " Return when there are no colors (looks like the cursor jumps).
line 9:   if pumvisible() || (&t_Co < 8 && !has("gui_running"))
line 10:     return
line 11:   endif
line 12: 
line 13:   " Get the character under the cursor and check if it's in 'matchpairs'.
line 14:   let c_lnum = line('.')
line 15:   let c_col = col('.')
line 16:   let before = 0
line 17: 
line 18:   let text = getline(c_lnum)
line 19:   let c_before = text->strpart(0, c_col - 1)->slice(-1)
line 20:   let c = text->strpart(c_col - 1)->slice(0, 1)
line 21:   let plist = split(&matchpairs, '.\zs[:,]')
line 22:   let i = index(plist, c)
line 23:   if i < 0
line 24:     " not found, in Insert mode try character before the cursor
line 25:     if c_col > 1 && (mode() == 'i' || mode() == 'R')
line 26:       let before = strlen(c_before)
line 27:       let c = c_before
line 28:       let i = index(plist, c)
line 29:     endif
line 30:     if i < 0
line 31:       " not found, nothing to do
line 32:       return
<SNR>24_Highlight_Matching_Pair returning #0

continuing in CursorMoved Autocommands for "*"

Executing CursorMoved Autocommands for "*"
autocommand <Lua 223: vim/_editor.lua:0>

Executing: 
Executing CursorMoved Autocommands for "*"
autocommand <Lua 390: ~/.local/share/nvim/lazy/flash.nvim/lua/flash/plugins/char.lua:142>

Executing: 
Executing CursorMoved Autocommands for "*"
autocommand <Lua 358: ~/.local/share/nvim/lazy/trouble.nvim/lua/trouble/view/section.lua:148>

Executing: 
Executing CursorMoved Autocommands for "*"
autocommand call v:lua.require'lualine'.refresh({'kind': 'window', 'place': ['statusline'], 'trigger': 'autocmd'})

Executing: call v:lua.require'lualine'.refresh({'kind': 'window', 'place': ['statusline'], 'trigger': 'autocmd'})
Executing CursorMoved Autocommands for "*"
autocommand <Lua 934: ~/.local/share/nvim/lazy/blink.cmp/lua/blink/cmp/lib/buffer_events.lua:88>

Executing: 
Executing CursorMoved Autocommands for "*"
autocommand <Lua 619: ~/.local/share/nvim/lazy/snacks.nvim/lua/snacks/scope.lua:678>

Executing: 
Executing CursorMoved Autocommands for "*"
autocommand <Lua 864: ~/.local/share/nvim/lazy/snacks.nvim/lua/snacks/words.lua:42>

Executing: 
Executing WinScrolled Autocommands for "*"
autocommand call s:Highlight_Matching_Pair()

Executing: call s:Highlight_Matching_Pair()
calling <SNR>24_Highlight_Matching_Pair()

line 1:   if !exists("w:matchparen_ids")
line 2:     let w:matchparen_ids = []
line 3:   endif
line 4:   " Remove any previous match.
line 5:   call s:Remove_Matches()
calling <SNR>24_Remove_Matches()

line 1:   if exists('w:paren_hl_on') && w:paren_hl_on
line 2:     while !empty(w:matchparen_ids)
line 3:       silent! call remove(w:matchparen_ids, 0)->matchdelete()
line 4:     endwhile
line 5:     let w:paren_hl_on = 0
line 6:   endif
<SNR>24_Remove_Matches returning #0

continuing in <SNR>24_Highlight_Matching_Pair

line 6: 
line 7:   " Avoid that we remove the popup menu.
line 8:   " Return when there are no colors (looks like the cursor jumps).
line 9:   if pumvisible() || (&t_Co < 8 && !has("gui_running"))
line 10:     return
line 11:   endif
line 12: 
line 13:   " Get the character under the cursor and check if it's in 'matchpairs'.
line 14:   let c_lnum = line('.')
line 15:   let c_col = col('.')
line 16:   let before = 0
line 17: 
line 18:   let text = getline(c_lnum)
line 19:   let c_before = text->strpart(0, c_col - 1)->slice(-1)
line 20:   let c = text->strpart(c_col - 1)->slice(0, 1)
line 21:   let plist = split(&matchpairs, '.\zs[:,]')
line 22:   let i = index(plist, c)
line 23:   if i < 0
line 24:     " not found, in Insert mode try character before the cursor
line 25:     if c_col > 1 && (mode() == 'i' || mode() == 'R')
line 26:       let before = strlen(c_before)
line 27:       let c = c_before
line 28:       let i = index(plist, c)
line 29:     endif
line 30:     if i < 0
line 31:       " not found, nothing to do
line 32:       return
<SNR>24_Highlight_Matching_Pair returning #0

continuing in WinScrolled Autocommands for "*"

Executing WinScrolled Autocommands for "*"
autocommand <Lua 227: ~/.local/share/nvim/lazy/snacks.nvim/lua/snacks/scroll.lua:219>

Executing: 
Executing WinScrolled Autocommands for "*"
autocommand <Lua 906: ~/.local/share/nvim/lazy/blink.cmp/lua/blink/cmp/completion/windows/menu.lua:62>

Executing: 
Executing WinScrolled Autocommands for "*"
autocommand <Lua 576: ~/.local/share/nvim/lazy/todo-comments.nvim/lua/todo-comments/highlight.lua:421>

Executing: 
Executing CursorMoved Autocommands for "*"
autocommand call s:Highlight_Matching_Pair()

Executing: call s:Highlight_Matching_Pair()
calling <SNR>24_Highlight_Matching_Pair()

line 1:   if !exists("w:matchparen_ids")
line 2:     let w:matchparen_ids = []
line 3:   endif
line 4:   " Remove any previous match.
line 5:   call s:Remove_Matches()
calling <SNR>24_Remove_Matches()

line 1:   if exists('w:paren_hl_on') && w:paren_hl_on
line 2:     while !empty(w:matchparen_ids)
line 3:       silent! call remove(w:matchparen_ids, 0)->matchdelete()
line 4:     endwhile
line 5:     let w:paren_hl_on = 0
line 6:   endif
<SNR>24_Remove_Matches returning #0

continuing in <SNR>24_Highlight_Matching_Pair

line 6: 
line 7:   " Avoid that we remove the popup menu.
line 8:   " Return when there are no colors (looks like the cursor jumps).
line 9:   if pumvisible() || (&t_Co < 8 && !has("gui_running"))
line 10:     return
line 11:   endif
line 12: 
line 13:   " Get the character under the cursor and check if it's in 'matchpairs'.
line 14:   let c_lnum = line('.')
line 15:   let c_col = col('.')
line 16:   let before = 0
line 17: 
line 18:   let text = getline(c_lnum)
line 19:   let c_before = text->strpart(0, c_col - 1)->slice(-1)
line 20:   let c = text->strpart(c_col - 1)->slice(0, 1)
line 21:   let plist = split(&matchpairs, '.\zs[:,]')
line 22:   let i = index(plist, c)
line 23:   if i < 0
line 24:     " not found, in Insert mode try character before the cursor
line 25:     if c_col > 1 && (mode() == 'i' || mode() == 'R')
line 26:       let before = strlen(c_before)
line 27:       let c = c_before
line 28:       let i = index(plist, c)
line 29:     endif
line 30:     if i < 0
line 31:       " not found, nothing to do
line 32:       return
<SNR>24_Highlight_Matching_Pair returning #0

continuing in CursorMoved Autocommands for "*"

Executing CursorMoved Autocommands for "*"
autocommand <Lua 223: vim/_editor.lua:0>

Executing: 
Executing CursorMoved Autocommands for "*"
autocommand <Lua 390: ~/.local/share/nvim/lazy/flash.nvim/lua/flash/plugins/char.lua:142>

Executing: 
Executing CursorMoved Autocommands for "*"
autocommand <Lua 358: ~/.local/share/nvim/lazy/trouble.nvim/lua/trouble/view/section.lua:148>

Executing: 
Executing CursorMoved Autocommands for "*"
autocommand call v:lua.require'lualine'.refresh({'kind': 'window', 'place': ['statusline'], 'trigger': 'autocmd'})

Executing: call v:lua.require'lualine'.refresh({'kind': 'window', 'place': ['statusline'], 'trigger': 'autocmd'})
Executing CursorMoved Autocommands for "*"
autocommand <Lua 934: ~/.local/share/nvim/lazy/blink.cmp/lua/blink/cmp/lib/buffer_events.lua:88>

Executing: 
Executing CursorMoved Autocommands for "*"
autocommand <Lua 619: ~/.local/share/nvim/lazy/snacks.nvim/lua/snacks/scope.lua:678>

Executing: 
Executing CursorMoved Autocommands for "*"
autocommand <Lua 864: ~/.local/share/nvim/lazy/snacks.nvim/lua/snacks/words.lua:42>

Executing: 
Executing WinScrolled Autocommands for "*"
autocommand call s:Highlight_Matching_Pair()

Executing: call s:Highlight_Matching_Pair()
calling <SNR>24_Highlight_Matching_Pair()

line 1:   if !exists("w:matchparen_ids")
line 2:     let w:matchparen_ids = []
line 3:   endif
line 4:   " Remove any previous match.
line 5:   call s:Remove_Matches()
calling <SNR>24_Remove_Matches()

line 1:   if exists('w:paren_hl_on') && w:paren_hl_on
line 2:     while !empty(w:matchparen_ids)
line 3:       silent! call remove(w:matchparen_ids, 0)->matchdelete()
line 4:     endwhile
line 5:     let w:paren_hl_on = 0
line 6:   endif
<SNR>24_Remove_Matches returning #0

continuing in <SNR>24_Highlight_Matching_Pair

line 6: 
line 7:   " Avoid that we remove the popup menu.
line 8:   " Return when there are no colors (looks like the cursor jumps).
line 9:   if pumvisible() || (&t_Co < 8 && !has("gui_running"))
line 10:     return
line 11:   endif
line 12: 
line 13:   " Get the character under the cursor and check if it's in 'matchpairs'.
line 14:   let c_lnum = line('.')
line 15:   let c_col = col('.')
line 16:   let before = 0
line 17: 
line 18:   let text = getline(c_lnum)
line 19:   let c_before = text->strpart(0, c_col - 1)->slice(-1)
line 20:   let c = text->strpart(c_col - 1)->slice(0, 1)
line 21:   let plist = split(&matchpairs, '.\zs[:,]')
line 22:   let i = index(plist, c)
line 23:   if i < 0
line 24:     " not found, in Insert mode try character before the cursor
line 25:     if c_col > 1 && (mode() == 'i' || mode() == 'R')
line 26:       let before = strlen(c_before)
line 27:       let c = c_before
line 28:       let i = index(plist, c)
line 29:     endif
line 30:     if i < 0
line 31:       " not found, nothing to do
line 32:       return
<SNR>24_Highlight_Matching_Pair returning #0

continuing in WinScrolled Autocommands for "*"

Executing WinScrolled Autocommands for "*"
autocommand <Lua 227: ~/.local/share/nvim/lazy/snacks.nvim/lua/snacks/scroll.lua:219>

Executing: 
Executing WinScrolled Autocommands for "*"
autocommand <Lua 906: ~/.local/share/nvim/lazy/blink.cmp/lua/blink/cmp/completion/windows/menu.lua:62>

Executing: 
Executing WinScrolled Autocommands for "*"
autocommand <Lua 576: ~/.local/share/nvim/lazy/todo-comments.nvim/lua/todo-comments/highlight.lua:421>

Executing: 
Executing CursorMoved Autocommands for "*"
autocommand call s:Highlight_Matching_Pair()

Executing: call s:Highlight_Matching_Pair()
calling <SNR>24_Highlight_Matching_Pair()

line 1:   if !exists("w:matchparen_ids")
line 2:     let w:matchparen_ids = []
line 3:   endif
line 4:   " Remove any previous match.
line 5:   call s:Remove_Matches()
calling <SNR>24_Remove_Matches()

line 1:   if exists('w:paren_hl_on') && w:paren_hl_on
line 2:     while !empty(w:matchparen_ids)
line 3:       silent! call remove(w:matchparen_ids, 0)->matchdelete()
line 4:     endwhile
line 5:     let w:paren_hl_on = 0
line 6:   endif
<SNR>24_Remove_Matches returning #0

continuing in <SNR>24_Highlight_Matching_Pair

line 6: 
line 7:   " Avoid that we remove the popup menu.
line 8:   " Return when there are no colors (looks like the cursor jumps).
line 9:   if pumvisible() || (&t_Co < 8 && !has("gui_running"))
line 10:     return
line 11:   endif
line 12: 
line 13:   " Get the character under the cursor and check if it's in 'matchpairs'.
line 14:   let c_lnum = line('.')
line 15:   let c_col = col('.')
line 16:   let before = 0
line 17: 
line 18:   let text = getline(c_lnum)
line 19:   let c_before = text->strpart(0, c_col - 1)->slice(-1)
line 20:   let c = text->strpart(c_col - 1)->slice(0, 1)
line 21:   let plist = split(&matchpairs, '.\zs[:,]')
line 22:   let i = index(plist, c)
line 23:   if i < 0
line 24:     " not found, in Insert mode try character before the cursor
line 25:     if c_col > 1 && (mode() == 'i' || mode() == 'R')
line 26:       let before = strlen(c_before)
line 27:       let c = c_before
line 28:       let i = index(plist, c)
line 29:     endif
line 30:     if i < 0
line 31:       " not found, nothing to do
line 32:       return
<SNR>24_Highlight_Matching_Pair returning #0

continuing in CursorMoved Autocommands for "*"

Executing CursorMoved Autocommands for "*"
autocommand <Lua 223: vim/_editor.lua:0>

Executing: 
Executing CursorMoved Autocommands for "*"
autocommand <Lua 390: ~/.local/share/nvim/lazy/flash.nvim/lua/flash/plugins/char.lua:142>

Executing: 
Executing CursorMoved Autocommands for "*"
autocommand <Lua 358: ~/.local/share/nvim/lazy/trouble.nvim/lua/trouble/view/section.lua:148>

Executing: 
Executing CursorMoved Autocommands for "*"
autocommand call v:lua.require'lualine'.refresh({'kind': 'window', 'place': ['statusline'], 'trigger': 'autocmd'})

Executing: call v:lua.require'lualine'.refresh({'kind': 'window', 'place': ['statusline'], 'trigger': 'autocmd'})
Executing CursorMoved Autocommands for "*"
autocommand <Lua 934: ~/.local/share/nvim/lazy/blink.cmp/lua/blink/cmp/lib/buffer_events.lua:88>

Executing: 
Executing CursorMoved Autocommands for "*"
autocommand <Lua 619: ~/.local/share/nvim/lazy/snacks.nvim/lua/snacks/scope.lua:678>

Executing: 
Executing CursorMoved Autocommands for "*"
autocommand <Lua 864: ~/.local/share/nvim/lazy/snacks.nvim/lua/snacks/words.lua:42>

Executing: 
Executing WinScrolled Autocommands for "*"
autocommand call s:Highlight_Matching_Pair()

Executing: call s:Highlight_Matching_Pair()
calling <SNR>24_Highlight_Matching_Pair()

line 1:   if !exists("w:matchparen_ids")
line 2:     let w:matchparen_ids = []
line 3:   endif
line 4:   " Remove any previous match.
line 5:   call s:Remove_Matches()
calling <SNR>24_Remove_Matches()

line 1:   if exists('w:paren_hl_on') && w:paren_hl_on
line 2:     while !empty(w:matchparen_ids)
line 3:       silent! call remove(w:matchparen_ids, 0)->matchdelete()
line 4:     endwhile
line 5:     let w:paren_hl_on = 0
line 6:   endif
<SNR>24_Remove_Matches returning #0

continuing in <SNR>24_Highlight_Matching_Pair

line 6: 
line 7:   " Avoid that we remove the popup menu.
line 8:   " Return when there are no colors (looks like the cursor jumps).
line 9:   if pumvisible() || (&t_Co < 8 && !has("gui_running"))
line 10:     return
line 11:   endif
line 12: 
line 13:   " Get the character under the cursor and check if it's in 'matchpairs'.
line 14:   let c_lnum = line('.')
line 15:   let c_col = col('.')
line 16:   let before = 0
line 17: 
line 18:   let text = getline(c_lnum)
line 19:   let c_before = text->strpart(0, c_col - 1)->slice(-1)
line 20:   let c = text->strpart(c_col - 1)->slice(0, 1)
line 21:   let plist = split(&matchpairs, '.\zs[:,]')
line 22:   let i = index(plist, c)
line 23:   if i < 0
line 24:     " not found, in Insert mode try character before the cursor
line 25:     if c_col > 1 && (mode() == 'i' || mode() == 'R')
line 26:       let before = strlen(c_before)
line 27:       let c = c_before
line 28:       let i = index(plist, c)
line 29:     endif
line 30:     if i < 0
line 31:       " not found, nothing to do
line 32:       return
<SNR>24_Highlight_Matching_Pair returning #0

continuing in WinScrolled Autocommands for "*"

Executing WinScrolled Autocommands for "*"
autocommand <Lua 227: ~/.local/share/nvim/lazy/snacks.nvim/lua/snacks/scroll.lua:219>

Executing: 
Executing WinScrolled Autocommands for "*"
autocommand <Lua 906: ~/.local/share/nvim/lazy/blink.cmp/lua/blink/cmp/completion/windows/menu.lua:62>

Executing: 
Executing WinScrolled Autocommands for "*"
autocommand <Lua 576: ~/.local/share/nvim/lazy/todo-comments.nvim/lua/todo-comments/highlight.lua:421>

Executing: 
Executing CursorMoved Autocommands for "*"
autocommand call s:Highlight_Matching_Pair()

Executing: call s:Highlight_Matching_Pair()
calling <SNR>24_Highlight_Matching_Pair()

line 1:   if !exists("w:matchparen_ids")
line 2:     let w:matchparen_ids = []
line 3:   endif
line 4:   " Remove any previous match.
line 5:   call s:Remove_Matches()
calling <SNR>24_Remove_Matches()

line 1:   if exists('w:paren_hl_on') && w:paren_hl_on
line 2:     while !empty(w:matchparen_ids)
line 3:       silent! call remove(w:matchparen_ids, 0)->matchdelete()
line 4:     endwhile
line 5:     let w:paren_hl_on = 0
line 6:   endif
<SNR>24_Remove_Matches returning #0

continuing in <SNR>24_Highlight_Matching_Pair

line 6: 
line 7:   " Avoid that we remove the popup menu.
line 8:   " Return when there are no colors (looks like the cursor jumps).
line 9:   if pumvisible() || (&t_Co < 8 && !has("gui_running"))
line 10:     return
line 11:   endif
line 12: 
line 13:   " Get the character under the cursor and check if it's in 'matchpairs'.
line 14:   let c_lnum = line('.')
line 15:   let c_col = col('.')
line 16:   let before = 0
line 17: 
line 18:   let text = getline(c_lnum)
line 19:   let c_before = text->strpart(0, c_col - 1)->slice(-1)
line 20:   let c = text->strpart(c_col - 1)->slice(0, 1)
line 21:   let plist = split(&matchpairs, '.\zs[:,]')
line 22:   let i = index(plist, c)
line 23:   if i < 0
line 24:     " not found, in Insert mode try character before the cursor
line 25:     if c_col > 1 && (mode() == 'i' || mode() == 'R')
line 26:       let before = strlen(c_before)
line 27:       let c = c_before
line 28:       let i = index(plist, c)
line 29:     endif
line 30:     if i < 0
line 31:       " not found, nothing to do
line 32:       return
<SNR>24_Highlight_Matching_Pair returning #0

continuing in CursorMoved Autocommands for "*"

Executing CursorMoved Autocommands for "*"
autocommand <Lua 223: vim/_editor.lua:0>

Executing: 
Executing CursorMoved Autocommands for "*"
autocommand <Lua 390: ~/.local/share/nvim/lazy/flash.nvim/lua/flash/plugins/char.lua:142>

Executing: 
Executing CursorMoved Autocommands for "*"
autocommand <Lua 358: ~/.local/share/nvim/lazy/trouble.nvim/lua/trouble/view/section.lua:148>

Executing: 
Executing CursorMoved Autocommands for "*"
autocommand call v:lua.require'lualine'.refresh({'kind': 'window', 'place': ['statusline'], 'trigger': 'autocmd'})

Executing: call v:lua.require'lualine'.refresh({'kind': 'window', 'place': ['statusline'], 'trigger': 'autocmd'})
Executing CursorMoved Autocommands for "*"
autocommand <Lua 934: ~/.local/share/nvim/lazy/blink.cmp/lua/blink/cmp/lib/buffer_events.lua:88>

Executing: 
Executing CursorMoved Autocommands for "*"
autocommand <Lua 619: ~/.local/share/nvim/lazy/snacks.nvim/lua/snacks/scope.lua:678>

Executing: 
Executing CursorMoved Autocommands for "*"
autocommand <Lua 864: ~/.local/share/nvim/lazy/snacks.nvim/lua/snacks/words.lua:42>

Executing: 
Executing WinScrolled Autocommands for "*"
autocommand call s:Highlight_Matching_Pair()

Executing: call s:Highlight_Matching_Pair()
calling <SNR>24_Highlight_Matching_Pair()

line 1:   if !exists("w:matchparen_ids")
line 2:     let w:matchparen_ids = []
line 3:   endif
line 4:   " Remove any previous match.
line 5:   call s:Remove_Matches()
calling <SNR>24_Remove_Matches()

line 1:   if exists('w:paren_hl_on') && w:paren_hl_on
line 2:     while !empty(w:matchparen_ids)
line 3:       silent! call remove(w:matchparen_ids, 0)->matchdelete()
line 4:     endwhile
line 5:     let w:paren_hl_on = 0
line 6:   endif
<SNR>24_Remove_Matches returning #0

continuing in <SNR>24_Highlight_Matching_Pair

line 6: 
line 7:   " Avoid that we remove the popup menu.
line 8:   " Return when there are no colors (looks like the cursor jumps).
line 9:   if pumvisible() || (&t_Co < 8 && !has("gui_running"))
line 10:     return
line 11:   endif
line 12: 
line 13:   " Get the character under the cursor and check if it's in 'matchpairs'.
line 14:   let c_lnum = line('.')
line 15:   let c_col = col('.')
line 16:   let before = 0
line 17: 
line 18:   let text = getline(c_lnum)
line 19:   let c_before = text->strpart(0, c_col - 1)->slice(-1)
line 20:   let c = text->strpart(c_col - 1)->slice(0, 1)
line 21:   let plist = split(&matchpairs, '.\zs[:,]')
line 22:   let i = index(plist, c)
line 23:   if i < 0
line 24:     " not found, in Insert mode try character before the cursor
line 25:     if c_col > 1 && (mode() == 'i' || mode() == 'R')
line 26:       let before = strlen(c_before)
line 27:       let c = c_before
line 28:       let i = index(plist, c)
line 29:     endif
line 30:     if i < 0
line 31:       " not found, nothing to do
line 32:       return
<SNR>24_Highlight_Matching_Pair returning #0

continuing in WinScrolled Autocommands for "*"

Executing WinScrolled Autocommands for "*"
autocommand <Lua 227: ~/.local/share/nvim/lazy/snacks.nvim/lua/snacks/scroll.lua:219>

Executing: 
Executing WinScrolled Autocommands for "*"
autocommand <Lua 906: ~/.local/share/nvim/lazy/blink.cmp/lua/blink/cmp/completion/windows/menu.lua:62>

Executing: 
Executing WinScrolled Autocommands for "*"
autocommand <Lua 576: ~/.local/share/nvim/lazy/todo-comments.nvim/lua/todo-comments/highlight.lua:421>

Executing: 
Executing CursorMoved Autocommands for "*"
autocommand call s:Highlight_Matching_Pair()

Executing: call s:Highlight_Matching_Pair()
calling <SNR>24_Highlight_Matching_Pair()

line 1:   if !exists("w:matchparen_ids")
line 2:     let w:matchparen_ids = []
line 3:   endif
line 4:   " Remove any previous match.
line 5:   call s:Remove_Matches()
calling <SNR>24_Remove_Matches()

line 1:   if exists('w:paren_hl_on') && w:paren_hl_on
line 2:     while !empty(w:matchparen_ids)
line 3:       silent! call remove(w:matchparen_ids, 0)->matchdelete()
line 4:     endwhile
line 5:     let w:paren_hl_on = 0
line 6:   endif
<SNR>24_Remove_Matches returning #0

continuing in <SNR>24_Highlight_Matching_Pair

line 6: 
line 7:   " Avoid that we remove the popup menu.
line 8:   " Return when there are no colors (looks like the cursor jumps).
line 9:   if pumvisible() || (&t_Co < 8 && !has("gui_running"))
line 10:     return
line 11:   endif
line 12: 
line 13:   " Get the character under the cursor and check if it's in 'matchpairs'.
line 14:   let c_lnum = line('.')
line 15:   let c_col = col('.')
line 16:   let before = 0
line 17: 
line 18:   let text = getline(c_lnum)
line 19:   let c_before = text->strpart(0, c_col - 1)->slice(-1)
line 20:   let c = text->strpart(c_col - 1)->slice(0, 1)
line 21:   let plist = split(&matchpairs, '.\zs[:,]')
line 22:   let i = index(plist, c)
line 23:   if i < 0
line 24:     " not found, in Insert mode try character before the cursor
line 25:     if c_col > 1 && (mode() == 'i' || mode() == 'R')
line 26:       let before = strlen(c_before)
line 27:       let c = c_before
line 28:       let i = index(plist, c)
line 29:     endif
line 30:     if i < 0
line 31:       " not found, nothing to do
line 32:       return
<SNR>24_Highlight_Matching_Pair returning #0

continuing in CursorMoved Autocommands for "*"

Executing CursorMoved Autocommands for "*"
autocommand <Lua 223: vim/_editor.lua:0>

Executing: 
Executing CursorMoved Autocommands for "*"
autocommand <Lua 390: ~/.local/share/nvim/lazy/flash.nvim/lua/flash/plugins/char.lua:142>

Executing: 
Executing CursorMoved Autocommands for "*"
autocommand <Lua 358: ~/.local/share/nvim/lazy/trouble.nvim/lua/trouble/view/section.lua:148>

Executing: 
Executing CursorMoved Autocommands for "*"
autocommand call v:lua.require'lualine'.refresh({'kind': 'window', 'place': ['statusline'], 'trigger': 'autocmd'})

Executing: call v:lua.require'lualine'.refresh({'kind': 'window', 'place': ['statusline'], 'trigger': 'autocmd'})
Executing CursorMoved Autocommands for "*"
autocommand <Lua 934: ~/.local/share/nvim/lazy/blink.cmp/lua/blink/cmp/lib/buffer_events.lua:88>

Executing: 
Executing CursorMoved Autocommands for "*"
autocommand <Lua 619: ~/.local/share/nvim/lazy/snacks.nvim/lua/snacks/scope.lua:678>

Executing: 
Executing CursorMoved Autocommands for "*"
autocommand <Lua 864: ~/.local/share/nvim/lazy/snacks.nvim/lua/snacks/words.lua:42>

Executing: 
Executing WinScrolled Autocommands for "*"
autocommand call s:Highlight_Matching_Pair()

Executing: call s:Highlight_Matching_Pair()
calling <SNR>24_Highlight_Matching_Pair()

line 1:   if !exists("w:matchparen_ids")
line 2:     let w:matchparen_ids = []
line 3:   endif
line 4:   " Remove any previous match.
line 5:   call s:Remove_Matches()
calling <SNR>24_Remove_Matches()

line 1:   if exists('w:paren_hl_on') && w:paren_hl_on
line 2:     while !empty(w:matchparen_ids)
line 3:       silent! call remove(w:matchparen_ids, 0)->matchdelete()
line 4:     endwhile
line 5:     let w:paren_hl_on = 0
line 6:   endif
<SNR>24_Remove_Matches returning #0

continuing in <SNR>24_Highlight_Matching_Pair

line 6: 
line 7:   " Avoid that we remove the popup menu.
line 8:   " Return when there are no colors (looks like the cursor jumps).
line 9:   if pumvisible() || (&t_Co < 8 && !has("gui_running"))
line 10:     return
line 11:   endif
line 12: 
line 13:   " Get the character under the cursor and check if it's in 'matchpairs'.
line 14:   let c_lnum = line('.')
line 15:   let c_col = col('.')
line 16:   let before = 0
line 17: 
line 18:   let text = getline(c_lnum)
line 19:   let c_before = text->strpart(0, c_col - 1)->slice(-1)
line 20:   let c = text->strpart(c_col - 1)->slice(0, 1)
line 21:   let plist = split(&matchpairs, '.\zs[:,]')
line 22:   let i = index(plist, c)
line 23:   if i < 0
line 24:     " not found, in Insert mode try character before the cursor
line 25:     if c_col > 1 && (mode() == 'i' || mode() == 'R')
line 26:       let before = strlen(c_before)
line 27:       let c = c_before
line 28:       let i = index(plist, c)
line 29:     endif
line 30:     if i < 0
line 31:       " not found, nothing to do
line 32:       return
<SNR>24_Highlight_Matching_Pair returning #0

continuing in WinScrolled Autocommands for "*"

Executing WinScrolled Autocommands for "*"
autocommand <Lua 227: ~/.local/share/nvim/lazy/snacks.nvim/lua/snacks/scroll.lua:219>

Executing: 
Executing WinScrolled Autocommands for "*"
autocommand <Lua 906: ~/.local/share/nvim/lazy/blink.cmp/lua/blink/cmp/completion/windows/menu.lua:62>

Executing: 
Executing WinScrolled Autocommands for "*"
autocommand <Lua 576: ~/.local/share/nvim/lazy/todo-comments.nvim/lua/todo-comments/highlight.lua:421>

Executing: 
Executing CursorMoved Autocommands for "*"
autocommand call s:Highlight_Matching_Pair()

Executing: call s:Highlight_Matching_Pair()
calling <SNR>24_Highlight_Matching_Pair()

line 1:   if !exists("w:matchparen_ids")
line 2:     let w:matchparen_ids = []
line 3:   endif
line 4:   " Remove any previous match.
line 5:   call s:Remove_Matches()
calling <SNR>24_Remove_Matches()

line 1:   if exists('w:paren_hl_on') && w:paren_hl_on
line 2:     while !empty(w:matchparen_ids)
line 3:       silent! call remove(w:matchparen_ids, 0)->matchdelete()
line 4:     endwhile
line 5:     let w:paren_hl_on = 0
line 6:   endif
<SNR>24_Remove_Matches returning #0

continuing in <SNR>24_Highlight_Matching_Pair

line 6: 
line 7:   " Avoid that we remove the popup menu.
line 8:   " Return when there are no colors (looks like the cursor jumps).
line 9:   if pumvisible() || (&t_Co < 8 && !has("gui_running"))
line 10:     return
line 11:   endif
line 12: 
line 13:   " Get the character under the cursor and check if it's in 'matchpairs'.
line 14:   let c_lnum = line('.')
line 15:   let c_col = col('.')
line 16:   let before = 0
line 17: 
line 18:   let text = getline(c_lnum)
line 19:   let c_before = text->strpart(0, c_col - 1)->slice(-1)
line 20:   let c = text->strpart(c_col - 1)->slice(0, 1)
line 21:   let plist = split(&matchpairs, '.\zs[:,]')
line 22:   let i = index(plist, c)
line 23:   if i < 0
line 24:     " not found, in Insert mode try character before the cursor
line 25:     if c_col > 1 && (mode() == 'i' || mode() == 'R')
line 26:       let before = strlen(c_before)
line 27:       let c = c_before
line 28:       let i = index(plist, c)
line 29:     endif
line 30:     if i < 0
line 31:       " not found, nothing to do
line 32:       return
<SNR>24_Highlight_Matching_Pair returning #0

continuing in CursorMoved Autocommands for "*"

Executing CursorMoved Autocommands for "*"
autocommand <Lua 223: vim/_editor.lua:0>

Executing: 
Executing CursorMoved Autocommands for "*"
autocommand <Lua 390: ~/.local/share/nvim/lazy/flash.nvim/lua/flash/plugins/char.lua:142>

Executing: 
Executing CursorMoved Autocommands for "*"
autocommand <Lua 358: ~/.local/share/nvim/lazy/trouble.nvim/lua/trouble/view/section.lua:148>

Executing: 
Executing CursorMoved Autocommands for "*"
autocommand call v:lua.require'lualine'.refresh({'kind': 'window', 'place': ['statusline'], 'trigger': 'autocmd'})

Executing: call v:lua.require'lualine'.refresh({'kind': 'window', 'place': ['statusline'], 'trigger': 'autocmd'})
Executing CursorMoved Autocommands for "*"
autocommand <Lua 934: ~/.local/share/nvim/lazy/blink.cmp/lua/blink/cmp/lib/buffer_events.lua:88>

Executing: 
Executing CursorMoved Autocommands for "*"
autocommand <Lua 619: ~/.local/share/nvim/lazy/snacks.nvim/lua/snacks/scope.lua:678>

Executing: 
Executing CursorMoved Autocommands for "*"
autocommand <Lua 864: ~/.local/share/nvim/lazy/snacks.nvim/lua/snacks/words.lua:42>

Executing: 
Executing WinScrolled Autocommands for "*"
autocommand call s:Highlight_Matching_Pair()

Executing: call s:Highlight_Matching_Pair()
calling <SNR>24_Highlight_Matching_Pair()

line 1:   if !exists("w:matchparen_ids")
line 2:     let w:matchparen_ids = []
line 3:   endif
line 4:   " Remove any previous match.
line 5:   call s:Remove_Matches()
calling <SNR>24_Remove_Matches()

line 1:   if exists('w:paren_hl_on') && w:paren_hl_on
line 2:     while !empty(w:matchparen_ids)
line 3:       silent! call remove(w:matchparen_ids, 0)->matchdelete()
line 4:     endwhile
line 5:     let w:paren_hl_on = 0
line 6:   endif
<SNR>24_Remove_Matches returning #0

continuing in <SNR>24_Highlight_Matching_Pair

line 6: 
line 7:   " Avoid that we remove the popup menu.
line 8:   " Return when there are no colors (looks like the cursor jumps).
line 9:   if pumvisible() || (&t_Co < 8 && !has("gui_running"))
line 10:     return
line 11:   endif
line 12: 
line 13:   " Get the character under the cursor and check if it's in 'matchpairs'.
line 14:   let c_lnum = line('.')
line 15:   let c_col = col('.')
line 16:   let before = 0
line 17: 
line 18:   let text = getline(c_lnum)
line 19:   let c_before = text->strpart(0, c_col - 1)->slice(-1)
line 20:   let c = text->strpart(c_col - 1)->slice(0, 1)
line 21:   let plist = split(&matchpairs, '.\zs[:,]')
line 22:   let i = index(plist, c)
line 23:   if i < 0
line 24:     " not found, in Insert mode try character before the cursor
line 25:     if c_col > 1 && (mode() == 'i' || mode() == 'R')
line 26:       let before = strlen(c_before)
line 27:       let c = c_before
line 28:       let i = index(plist, c)
line 29:     endif
line 30:     if i < 0
line 31:       " not found, nothing to do
line 32:       return
<SNR>24_Highlight_Matching_Pair returning #0

continuing in WinScrolled Autocommands for "*"

Executing WinScrolled Autocommands for "*"
autocommand <Lua 227: ~/.local/share/nvim/lazy/snacks.nvim/lua/snacks/scroll.lua:219>

Executing: 
Executing WinScrolled Autocommands for "*"
autocommand <Lua 906: ~/.local/share/nvim/lazy/blink.cmp/lua/blink/cmp/completion/windows/menu.lua:62>

Executing: 
Executing WinScrolled Autocommands for "*"
autocommand <Lua 576: ~/.local/share/nvim/lazy/todo-comments.nvim/lua/todo-comments/highlight.lua:421>

Executing: 
Executing CursorMoved Autocommands for "*"
autocommand call s:Highlight_Matching_Pair()

Executing: call s:Highlight_Matching_Pair()
calling <SNR>24_Highlight_Matching_Pair()

line 1:   if !exists("w:matchparen_ids")
line 2:     let w:matchparen_ids = []
line 3:   endif
line 4:   " Remove any previous match.
line 5:   call s:Remove_Matches()
calling <SNR>24_Remove_Matches()

line 1:   if exists('w:paren_hl_on') && w:paren_hl_on
line 2:     while !empty(w:matchparen_ids)
line 3:       silent! call remove(w:matchparen_ids, 0)->matchdelete()
line 4:     endwhile
line 5:     let w:paren_hl_on = 0
line 6:   endif
<SNR>24_Remove_Matches returning #0

continuing in <SNR>24_Highlight_Matching_Pair

line 6: 
line 7:   " Avoid that we remove the popup menu.
line 8:   " Return when there are no colors (looks like the cursor jumps).
line 9:   if pumvisible() || (&t_Co < 8 && !has("gui_running"))
line 10:     return
line 11:   endif
line 12: 
line 13:   " Get the character under the cursor and check if it's in 'matchpairs'.
line 14:   let c_lnum = line('.')
line 15:   let c_col = col('.')
line 16:   let before = 0
line 17: 
line 18:   let text = getline(c_lnum)
line 19:   let c_before = text->strpart(0, c_col - 1)->slice(-1)
line 20:   let c = text->strpart(c_col - 1)->slice(0, 1)
line 21:   let plist = split(&matchpairs, '.\zs[:,]')
line 22:   let i = index(plist, c)
line 23:   if i < 0
line 24:     " not found, in Insert mode try character before the cursor
line 25:     if c_col > 1 && (mode() == 'i' || mode() == 'R')
line 26:       let before = strlen(c_before)
line 27:       let c = c_before
line 28:       let i = index(plist, c)
line 29:     endif
line 30:     if i < 0
line 31:       " not found, nothing to do
line 32:       return
<SNR>24_Highlight_Matching_Pair returning #0

continuing in CursorMoved Autocommands for "*"

Executing CursorMoved Autocommands for "*"
autocommand <Lua 223: vim/_editor.lua:0>

Executing: 
Executing CursorMoved Autocommands for "*"
autocommand <Lua 390: ~/.local/share/nvim/lazy/flash.nvim/lua/flash/plugins/char.lua:142>

Executing: 
Executing CursorMoved Autocommands for "*"
autocommand <Lua 358: ~/.local/share/nvim/lazy/trouble.nvim/lua/trouble/view/section.lua:148>

Executing: 
Executing CursorMoved Autocommands for "*"
autocommand call v:lua.require'lualine'.refresh({'kind': 'window', 'place': ['statusline'], 'trigger': 'autocmd'})

Executing: call v:lua.require'lualine'.refresh({'kind': 'window', 'place': ['statusline'], 'trigger': 'autocmd'})
Executing CursorMoved Autocommands for "*"
autocommand <Lua 934: ~/.local/share/nvim/lazy/blink.cmp/lua/blink/cmp/lib/buffer_events.lua:88>

Executing: 
Executing CursorMoved Autocommands for "*"
autocommand <Lua 619: ~/.local/share/nvim/lazy/snacks.nvim/lua/snacks/scope.lua:678>

Executing: 
Executing CursorMoved Autocommands for "*"
autocommand <Lua 864: ~/.local/share/nvim/lazy/snacks.nvim/lua/snacks/words.lua:42>

Executing: 
Executing WinScrolled Autocommands for "*"
autocommand call s:Highlight_Matching_Pair()

Executing: call s:Highlight_Matching_Pair()
calling <SNR>24_Highlight_Matching_Pair()

line 1:   if !exists("w:matchparen_ids")
line 2:     let w:matchparen_ids = []
line 3:   endif
line 4:   " Remove any previous match.
line 5:   call s:Remove_Matches()
calling <SNR>24_Remove_Matches()

line 1:   if exists('w:paren_hl_on') && w:paren_hl_on
line 2:     while !empty(w:matchparen_ids)
line 3:       silent! call remove(w:matchparen_ids, 0)->matchdelete()
line 4:     endwhile
line 5:     let w:paren_hl_on = 0
line 6:   endif
<SNR>24_Remove_Matches returning #0

continuing in <SNR>24_Highlight_Matching_Pair

line 6: 
line 7:   " Avoid that we remove the popup menu.
line 8:   " Return when there are no colors (looks like the cursor jumps).
line 9:   if pumvisible() || (&t_Co < 8 && !has("gui_running"))
line 10:     return
line 11:   endif
line 12: 
line 13:   " Get the character under the cursor and check if it's in 'matchpairs'.
line 14:   let c_lnum = line('.')
line 15:   let c_col = col('.')
line 16:   let before = 0
line 17: 
line 18:   let text = getline(c_lnum)
line 19:   let c_before = text->strpart(0, c_col - 1)->slice(-1)
line 20:   let c = text->strpart(c_col - 1)->slice(0, 1)
line 21:   let plist = split(&matchpairs, '.\zs[:,]')
line 22:   let i = index(plist, c)
line 23:   if i < 0
line 24:     " not found, in Insert mode try character before the cursor
line 25:     if c_col > 1 && (mode() == 'i' || mode() == 'R')
line 26:       let before = strlen(c_before)
line 27:       let c = c_before
line 28:       let i = index(plist, c)
line 29:     endif
line 30:     if i < 0
line 31:       " not found, nothing to do
line 32:       return
<SNR>24_Highlight_Matching_Pair returning #0

continuing in WinScrolled Autocommands for "*"

Executing WinScrolled Autocommands for "*"
autocommand <Lua 227: ~/.local/share/nvim/lazy/snacks.nvim/lua/snacks/scroll.lua:219>

Executing: 
Executing WinScrolled Autocommands for "*"
autocommand <Lua 906: ~/.local/share/nvim/lazy/blink.cmp/lua/blink/cmp/completion/windows/menu.lua:62>

Executing: 
Executing WinScrolled Autocommands for "*"
autocommand <Lua 576: ~/.local/share/nvim/lazy/todo-comments.nvim/lua/todo-comments/highlight.lua:421>

Executing: 
Executing CursorMoved Autocommands for "*"
autocommand call s:Highlight_Matching_Pair()

Executing: call s:Highlight_Matching_Pair()
calling <SNR>24_Highlight_Matching_Pair()

line 1:   if !exists("w:matchparen_ids")
line 2:     let w:matchparen_ids = []
line 3:   endif
line 4:   " Remove any previous match.
line 5:   call s:Remove_Matches()
calling <SNR>24_Remove_Matches()

line 1:   if exists('w:paren_hl_on') && w:paren_hl_on
line 2:     while !empty(w:matchparen_ids)
line 3:       silent! call remove(w:matchparen_ids, 0)->matchdelete()
line 4:     endwhile
line 5:     let w:paren_hl_on = 0
line 6:   endif
<SNR>24_Remove_Matches returning #0

continuing in <SNR>24_Highlight_Matching_Pair

line 6: 
line 7:   " Avoid that we remove the popup menu.
line 8:   " Return when there are no colors (looks like the cursor jumps).
line 9:   if pumvisible() || (&t_Co < 8 && !has("gui_running"))
line 10:     return
line 11:   endif
line 12: 
line 13:   " Get the character under the cursor and check if it's in 'matchpairs'.
line 14:   let c_lnum = line('.')
line 15:   let c_col = col('.')
line 16:   let before = 0
line 17: 
line 18:   let text = getline(c_lnum)
line 19:   let c_before = text->strpart(0, c_col - 1)->slice(-1)
line 20:   let c = text->strpart(c_col - 1)->slice(0, 1)
line 21:   let plist = split(&matchpairs, '.\zs[:,]')
line 22:   let i = index(plist, c)
line 23:   if i < 0
line 24:     " not found, in Insert mode try character before the cursor
line 25:     if c_col > 1 && (mode() == 'i' || mode() == 'R')
line 26:       let before = strlen(c_before)
line 27:       let c = c_before
line 28:       let i = index(plist, c)
line 29:     endif
line 30:     if i < 0
line 31:       " not found, nothing to do
line 32:       return
<SNR>24_Highlight_Matching_Pair returning #0

continuing in CursorMoved Autocommands for "*"

Executing CursorMoved Autocommands for "*"
autocommand <Lua 223: vim/_editor.lua:0>

Executing: 
Executing CursorMoved Autocommands for "*"
autocommand <Lua 390: ~/.local/share/nvim/lazy/flash.nvim/lua/flash/plugins/char.lua:142>

Executing: 
Executing CursorMoved Autocommands for "*"
autocommand <Lua 358: ~/.local/share/nvim/lazy/trouble.nvim/lua/trouble/view/section.lua:148>

Executing: 
Executing CursorMoved Autocommands for "*"
autocommand call v:lua.require'lualine'.refresh({'kind': 'window', 'place': ['statusline'], 'trigger': 'autocmd'})

Executing: call v:lua.require'lualine'.refresh({'kind': 'window', 'place': ['statusline'], 'trigger': 'autocmd'})
Executing CursorMoved Autocommands for "*"
autocommand <Lua 934: ~/.local/share/nvim/lazy/blink.cmp/lua/blink/cmp/lib/buffer_events.lua:88>

Executing: 
Executing CursorMoved Autocommands for "*"
autocommand <Lua 619: ~/.local/share/nvim/lazy/snacks.nvim/lua/snacks/scope.lua:678>

Executing: 
Executing CursorMoved Autocommands for "*"
autocommand <Lua 864: ~/.local/share/nvim/lazy/snacks.nvim/lua/snacks/words.lua:42>

Executing: 
Executing WinScrolled Autocommands for "*"
autocommand call s:Highlight_Matching_Pair()

Executing: call s:Highlight_Matching_Pair()
calling <SNR>24_Highlight_Matching_Pair()

line 1:   if !exists("w:matchparen_ids")
line 2:     let w:matchparen_ids = []
line 3:   endif
line 4:   " Remove any previous match.
line 5:   call s:Remove_Matches()
calling <SNR>24_Remove_Matches()

line 1:   if exists('w:paren_hl_on') && w:paren_hl_on
line 2:     while !empty(w:matchparen_ids)
line 3:       silent! call remove(w:matchparen_ids, 0)->matchdelete()
line 4:     endwhile
line 5:     let w:paren_hl_on = 0
line 6:   endif
<SNR>24_Remove_Matches returning #0

continuing in <SNR>24_Highlight_Matching_Pair

line 6: 
line 7:   " Avoid that we remove the popup menu.
line 8:   " Return when there are no colors (looks like the cursor jumps).
line 9:   if pumvisible() || (&t_Co < 8 && !has("gui_running"))
line 10:     return
line 11:   endif
line 12: 
line 13:   " Get the character under the cursor and check if it's in 'matchpairs'.
line 14:   let c_lnum = line('.')
line 15:   let c_col = col('.')
line 16:   let before = 0
line 17: 
line 18:   let text = getline(c_lnum)
line 19:   let c_before = text->strpart(0, c_col - 1)->slice(-1)
line 20:   let c = text->strpart(c_col - 1)->slice(0, 1)
line 21:   let plist = split(&matchpairs, '.\zs[:,]')
line 22:   let i = index(plist, c)
line 23:   if i < 0
line 24:     " not found, in Insert mode try character before the cursor
line 25:     if c_col > 1 && (mode() == 'i' || mode() == 'R')
line 26:       let before = strlen(c_before)
line 27:       let c = c_before
line 28:       let i = index(plist, c)
line 29:     endif
line 30:     if i < 0
line 31:       " not found, nothing to do
line 32:       return
<SNR>24_Highlight_Matching_Pair returning #0

continuing in WinScrolled Autocommands for "*"

Executing WinScrolled Autocommands for "*"
autocommand <Lua 227: ~/.local/share/nvim/lazy/snacks.nvim/lua/snacks/scroll.lua:219>

Executing: 
Executing WinScrolled Autocommands for "*"
autocommand <Lua 906: ~/.local/share/nvim/lazy/blink.cmp/lua/blink/cmp/completion/windows/menu.lua:62>

Executing: 
Executing WinScrolled Autocommands for "*"
autocommand <Lua 576: ~/.local/share/nvim/lazy/todo-comments.nvim/lua/todo-comments/highlight.lua:421>

Executing: 
Executing CursorMoved Autocommands for "*"
autocommand call s:Highlight_Matching_Pair()

Executing: call s:Highlight_Matching_Pair()
calling <SNR>24_Highlight_Matching_Pair()

line 1:   if !exists("w:matchparen_ids")
line 2:     let w:matchparen_ids = []
line 3:   endif
line 4:   " Remove any previous match.
line 5:   call s:Remove_Matches()
calling <SNR>24_Remove_Matches()

line 1:   if exists('w:paren_hl_on') && w:paren_hl_on
line 2:     while !empty(w:matchparen_ids)
line 3:       silent! call remove(w:matchparen_ids, 0)->matchdelete()
line 4:     endwhile
line 5:     let w:paren_hl_on = 0
line 6:   endif
<SNR>24_Remove_Matches returning #0

continuing in <SNR>24_Highlight_Matching_Pair

line 6: 
line 7:   " Avoid that we remove the popup menu.
line 8:   " Return when there are no colors (looks like the cursor jumps).
line 9:   if pumvisible() || (&t_Co < 8 && !has("gui_running"))
line 10:     return
line 11:   endif
line 12: 
line 13:   " Get the character under the cursor and check if it's in 'matchpairs'.
line 14:   let c_lnum = line('.')
line 15:   let c_col = col('.')
line 16:   let before = 0
line 17: 
line 18:   let text = getline(c_lnum)
line 19:   let c_before = text->strpart(0, c_col - 1)->slice(-1)
line 20:   let c = text->strpart(c_col - 1)->slice(0, 1)
line 21:   let plist = split(&matchpairs, '.\zs[:,]')
line 22:   let i = index(plist, c)
line 23:   if i < 0
line 24:     " not found, in Insert mode try character before the cursor
line 25:     if c_col > 1 && (mode() == 'i' || mode() == 'R')
line 26:       let before = strlen(c_before)
line 27:       let c = c_before
line 28:       let i = index(plist, c)
line 29:     endif
line 30:     if i < 0
line 31:       " not found, nothing to do
line 32:       return
line 33:     endif
line 34:   endif
line 35: 
line 36:   " Figure out the arguments for searchpairpos().
line 37:   if i % 2 == 0
line 38:     let s_flags = 'nW'
line 39:     let c2 = plist[i + 1]
line 40:   else
line 41:     let s_flags = 'nbW'
line 42:     let c2 = c
line 43:     let c = plist[i - 1]
line 44:   endif
line 45:   if c == '['
line 46:     let c = '\['
line 47:     let c2 = '\]'
line 48:   endif
line 49: 
line 50:   " Find the match.  When it was just before the cursor move it there for a
line 51:   " moment.
line 52:   if before > 0
line 53:     let save_cursor = getcurpos()
line 54:     call cursor(c_lnum, c_col - before)
line 55:     defer setpos('.', save_cursor)
line 56:   endif
line 57: 
line 58:   if !has("syntax") || !exists("g:syntax_on")
line 59:     let s_skip = "0"
line 60:   elseif exists("b:ts_highlight") && &syntax != 'on'
line 61:     let s_skip = "match(v:lua.vim.treesitter.get_captures_at_cursor(), '" .. 'string\|character\|singlequote\|escape\|symbol\|comment' .. "') != -1"
line 64:   else
line 65:     " do not attempt to match when the syntax item where the cursor is
line 66:     " indicates there does not exist a matching parenthesis, e.g. for shells
line 67:     " case statement: "case $var in foobar)"
line 68:     "
line 69:     " add the check behind a filetype check, so it only needs to be
line 70:     " evaluated for certain filetypes
line 71:     if ['sh']->index(&filetype) >= 0 && synstack(".", col("."))->indexof({_, id -> synIDattr(id, "name") =~? "shSnglCase"}) >= 0
line 74:       return
line 75:     endif
line 76:     " Build an expression that detects whether the current cursor position is
line 77:     " in certain syntax types (string, comment, etc.), for use as
line 78:     " searchpairpos()'s skip argument.
line 79:     " We match "escape" for special items, such as lispEscapeSpecial, and
line 80:     " match "symbol" for lispBarSymbol.
line 81:     let s_skip = 'synstack(".", col("."))' . '->indexof({_, id -> synIDattr(id, "name") =~? ' . '"string\\|character\\|singlequote\\|escape\\|symbol\\|comment"}) >= 0'
line 84:     " If executing the expression determines that the cursor is currently in
line 85:     " one of the syntax types, then we want searchpairpos() to find the pair
line 86:     " within those syntax types (i.e., not skip).  Otherwise, the cursor is
line 87:     " outside of the syntax types and s_skip should keep its value so we skip
line 88:     " any matching pair inside the syntax types.
line 89:     " Catch if this throws E363: pattern uses more memory than 'maxmempattern'.
line 90:     try
line 91:       execute 'if ' . s_skip . ' | let s_skip = "0" | endif'
line 92:     catch /^Vim\%((\a\+)\)\=:E363/
line 93:       " We won't find anything, so skip searching, should keep Vim responsive.
line 94:       return
line 95:     endtry
line 96:   endif
line 97: 
line 98:   " Limit the search to lines visible in the window.
line 99:   let stoplinebottom = line('w$')
line 100:   let stoplinetop = line('w0')
line 101:   if i % 2 == 0
line 102:     let stopline = stoplinebottom
line 103:   else
line 104:     let stopline = stoplinetop
line 105:   endif
line 106: 
line 107:   " Limit the search time to 300 msec to avoid a hang on very long lines.
line 108:   " This fails when a timeout is not supported.
line 109:   if mode() == 'i' || mode() == 'R'
line 110:     let timeout = exists("b:matchparen_insert_timeout") ? b:matchparen_insert_timeout : g:matchparen_insert_timeout
line 111:   else
line 112:     let timeout = exists("b:matchparen_timeout") ? b:matchparen_timeout : g:matchparen_timeout
line 113:   endif
line 114:   try
line 115:     let [m_lnum, m_col] = searchpairpos(c, '', c2, s_flags, s_skip, stopline, timeout)
line 116:   catch /E118/
line 117:     " Can't use the timeout, restrict the stopline a bit more to avoid taking
line 118:     " a long time on closed folds and long lines.
line 119:     " The "viewable" variables give a range in which we can scroll while
line 120:     " keeping the cursor at the same position.
line 121:     " adjustedScrolloff accounts for very large numbers of scrolloff.
line 122:     let adjustedScrolloff = min([&scrolloff, (line('w$') - line('w0')) / 2])
line 123:     let bottom_viewable = min([line('$'), c_lnum + &lines - adjustedScrolloff - 2])
line 124:     let top_viewable = max([1, c_lnum-&lines+adjustedScrolloff + 2])
line 125:     " one of these stoplines will be adjusted below, but the current values are
line 126:     " minimal boundaries within the current window
line 127:     if i % 2 == 0
line 128:       if has("byte_offset") && has("syntax_items") && &smc > 0
line 129: ^Ilet stopbyte = min([line2byte("$"), line2byte(".") + col(".") + &smc * 2])
line 130: ^Ilet stopline = min([bottom_viewable, byte2line(stopbyte)])
line 131:       else
line 132: ^Ilet stopline = min([bottom_viewable, c_lnum + 100])
line 133:       endif
line 134:       let stoplinebottom = stopline
line 135:     else
line 136:       if has("byte_offset") && has("syntax_items") && &smc > 0
line 137: ^Ilet stopbyte = max([1, line2byte(".") + col(".") - &smc * 2])
line 138: ^Ilet stopline = max([top_viewable, byte2line(stopbyte)])
line 139:       else
line 140: ^Ilet stopline = max([top_viewable, c_lnum - 100])
line 141:       endif
line 142:       let stoplinetop = stopline
line 143:     endif
line 144:     let [m_lnum, m_col] = searchpairpos(c, '', c2, s_flags, s_skip, stopline)
line 145:   endtry
line 146: 
line 147:   " If a match is found setup match highlighting.
line 148:   if m_lnum > 0 && m_lnum >= stoplinetop && m_lnum <= stoplinebottom
line 149:     if !g:matchparen_disable_cursor_hl
line 150:       call add(w:matchparen_ids, matchaddpos('MatchParen', [[c_lnum, c_col - before], [m_lnum, m_col]], 10))
line 151:     else
line 152:       call add(w:matchparen_ids, matchaddpos('MatchParen', [[m_lnum, m_col]], 10))
line 153:     endif
line 154:     let w:paren_hl_on = 1
line 155:   endif
<SNR>24_Highlight_Matching_Pair returning #0

continuing in CursorMoved Autocommands for "*"

Executing CursorMoved Autocommands for "*"
autocommand <Lua 223: vim/_editor.lua:0>

Executing: 
Executing CursorMoved Autocommands for "*"
autocommand <Lua 390: ~/.local/share/nvim/lazy/flash.nvim/lua/flash/plugins/char.lua:142>

Executing: 
Executing CursorMoved Autocommands for "*"
autocommand <Lua 358: ~/.local/share/nvim/lazy/trouble.nvim/lua/trouble/view/section.lua:148>

Executing: 
Executing CursorMoved Autocommands for "*"
autocommand call v:lua.require'lualine'.refresh({'kind': 'window', 'place': ['statusline'], 'trigger': 'autocmd'})

Executing: call v:lua.require'lualine'.refresh({'kind': 'window', 'place': ['statusline'], 'trigger': 'autocmd'})
Executing CursorMoved Autocommands for "*"
autocommand <Lua 934: ~/.local/share/nvim/lazy/blink.cmp/lua/blink/cmp/lib/buffer_events.lua:88>

Executing: 
Executing CursorMoved Autocommands for "*"
autocommand <Lua 619: ~/.local/share/nvim/lazy/snacks.nvim/lua/snacks/scope.lua:678>

Executing: 
Executing CursorMoved Autocommands for "*"
autocommand <Lua 864: ~/.local/share/nvim/lazy/snacks.nvim/lua/snacks/words.lua:42>

Executing: 
Executing WinScrolled Autocommands for "*"
autocommand call s:Highlight_Matching_Pair()

Executing: call s:Highlight_Matching_Pair()
calling <SNR>24_Highlight_Matching_Pair()

line 1:   if !exists("w:matchparen_ids")
line 2:     let w:matchparen_ids = []
line 3:   endif
line 4:   " Remove any previous match.
line 5:   call s:Remove_Matches()
calling <SNR>24_Remove_Matches()

line 1:   if exists('w:paren_hl_on') && w:paren_hl_on
line 2:     while !empty(w:matchparen_ids)
line 3:       silent! call remove(w:matchparen_ids, 0)->matchdelete()
line 4:     endwhile
line 2:     while !empty(w:matchparen_ids)
line 3:       silent! call remove(w:matchparen_ids, 0)->matchdelete()
line 4:     endwhile
line 5:     let w:paren_hl_on = 0
line 6:   endif
<SNR>24_Remove_Matches returning #0

continuing in <SNR>24_Highlight_Matching_Pair

line 6: 
line 7:   " Avoid that we remove the popup menu.
line 8:   " Return when there are no colors (looks like the cursor jumps).
line 9:   if pumvisible() || (&t_Co < 8 && !has("gui_running"))
line 10:     return
line 11:   endif
line 12: 
line 13:   " Get the character under the cursor and check if it's in 'matchpairs'.
line 14:   let c_lnum = line('.')
line 15:   let c_col = col('.')
line 16:   let before = 0
line 17: 
line 18:   let text = getline(c_lnum)
line 19:   let c_before = text->strpart(0, c_col - 1)->slice(-1)
line 20:   let c = text->strpart(c_col - 1)->slice(0, 1)
line 21:   let plist = split(&matchpairs, '.\zs[:,]')
line 22:   let i = index(plist, c)
line 23:   if i < 0
line 24:     " not found, in Insert mode try character before the cursor
line 25:     if c_col > 1 && (mode() == 'i' || mode() == 'R')
line 26:       let before = strlen(c_before)
line 27:       let c = c_before
line 28:       let i = index(plist, c)
line 29:     endif
line 30:     if i < 0
line 31:       " not found, nothing to do
line 32:       return
line 33:     endif
line 34:   endif
line 35: 
line 36:   " Figure out the arguments for searchpairpos().
line 37:   if i % 2 == 0
line 38:     let s_flags = 'nW'
line 39:     let c2 = plist[i + 1]
line 40:   else
line 41:     let s_flags = 'nbW'
line 42:     let c2 = c
line 43:     let c = plist[i - 1]
line 44:   endif
line 45:   if c == '['
line 46:     let c = '\['
line 47:     let c2 = '\]'
line 48:   endif
line 49: 
line 50:   " Find the match.  When it was just before the cursor move it there for a
line 51:   " moment.
line 52:   if before > 0
line 53:     let save_cursor = getcurpos()
line 54:     call cursor(c_lnum, c_col - before)
line 55:     defer setpos('.', save_cursor)
line 56:   endif
line 57: 
line 58:   if !has("syntax") || !exists("g:syntax_on")
line 59:     let s_skip = "0"
line 60:   elseif exists("b:ts_highlight") && &syntax != 'on'
line 61:     let s_skip = "match(v:lua.vim.treesitter.get_captures_at_cursor(), '" .. 'string\|character\|singlequote\|escape\|symbol\|comment' .. "') != -1"
line 64:   else
line 65:     " do not attempt to match when the syntax item where the cursor is
line 66:     " indicates there does not exist a matching parenthesis, e.g. for shells
line 67:     " case statement: "case $var in foobar)"
line 68:     "
line 69:     " add the check behind a filetype check, so it only needs to be
line 70:     " evaluated for certain filetypes
line 71:     if ['sh']->index(&filetype) >= 0 && synstack(".", col("."))->indexof({_, id -> synIDattr(id, "name") =~? "shSnglCase"}) >= 0
line 74:       return
line 75:     endif
line 76:     " Build an expression that detects whether the current cursor position is
line 77:     " in certain syntax types (string, comment, etc.), for use as
line 78:     " searchpairpos()'s skip argument.
line 79:     " We match "escape" for special items, such as lispEscapeSpecial, and
line 80:     " match "symbol" for lispBarSymbol.
line 81:     let s_skip = 'synstack(".", col("."))' . '->indexof({_, id -> synIDattr(id, "name") =~? ' . '"string\\|character\\|singlequote\\|escape\\|symbol\\|comment"}) >= 0'
line 84:     " If executing the expression determines that the cursor is currently in
line 85:     " one of the syntax types, then we want searchpairpos() to find the pair
line 86:     " within those syntax types (i.e., not skip).  Otherwise, the cursor is
line 87:     " outside of the syntax types and s_skip should keep its value so we skip
line 88:     " any matching pair inside the syntax types.
line 89:     " Catch if this throws E363: pattern uses more memory than 'maxmempattern'.
line 90:     try
line 91:       execute 'if ' . s_skip . ' | let s_skip = "0" | endif'
line 92:     catch /^Vim\%((\a\+)\)\=:E363/
line 93:       " We won't find anything, so skip searching, should keep Vim responsive.
line 94:       return
line 95:     endtry
line 96:   endif
line 97: 
line 98:   " Limit the search to lines visible in the window.
line 99:   let stoplinebottom = line('w$')
line 100:   let stoplinetop = line('w0')
line 101:   if i % 2 == 0
line 102:     let stopline = stoplinebottom
line 103:   else
line 104:     let stopline = stoplinetop
line 105:   endif
line 106: 
line 107:   " Limit the search time to 300 msec to avoid a hang on very long lines.
line 108:   " This fails when a timeout is not supported.
line 109:   if mode() == 'i' || mode() == 'R'
line 110:     let timeout = exists("b:matchparen_insert_timeout") ? b:matchparen_insert_timeout : g:matchparen_insert_timeout
line 111:   else
line 112:     let timeout = exists("b:matchparen_timeout") ? b:matchparen_timeout : g:matchparen_timeout
line 113:   endif
line 114:   try
line 115:     let [m_lnum, m_col] = searchpairpos(c, '', c2, s_flags, s_skip, stopline, timeout)
line 116:   catch /E118/
line 117:     " Can't use the timeout, restrict the stopline a bit more to avoid taking
line 118:     " a long time on closed folds and long lines.
line 119:     " The "viewable" variables give a range in which we can scroll while
line 120:     " keeping the cursor at the same position.
line 121:     " adjustedScrolloff accounts for very large numbers of scrolloff.
line 122:     let adjustedScrolloff = min([&scrolloff, (line('w$') - line('w0')) / 2])
line 123:     let bottom_viewable = min([line('$'), c_lnum + &lines - adjustedScrolloff - 2])
line 124:     let top_viewable = max([1, c_lnum-&lines+adjustedScrolloff + 2])
line 125:     " one of these stoplines will be adjusted below, but the current values are
line 126:     " minimal boundaries within the current window
line 127:     if i % 2 == 0
line 128:       if has("byte_offset") && has("syntax_items") && &smc > 0
line 129: ^Ilet stopbyte = min([line2byte("$"), line2byte(".") + col(".") + &smc * 2])
line 130: ^Ilet stopline = min([bottom_viewable, byte2line(stopbyte)])
line 131:       else
line 132: ^Ilet stopline = min([bottom_viewable, c_lnum + 100])
line 133:       endif
line 134:       let stoplinebottom = stopline
line 135:     else
line 136:       if has("byte_offset") && has("syntax_items") && &smc > 0
line 137: ^Ilet stopbyte = max([1, line2byte(".") + col(".") - &smc * 2])
line 138: ^Ilet stopline = max([top_viewable, byte2line(stopbyte)])
line 139:       else
line 140: ^Ilet stopline = max([top_viewable, c_lnum - 100])
line 141:       endif
line 142:       let stoplinetop = stopline
line 143:     endif
line 144:     let [m_lnum, m_col] = searchpairpos(c, '', c2, s_flags, s_skip, stopline)
line 145:   endtry
line 146: 
line 147:   " If a match is found setup match highlighting.
line 148:   if m_lnum > 0 && m_lnum >= stoplinetop && m_lnum <= stoplinebottom
line 149:     if !g:matchparen_disable_cursor_hl
line 150:       call add(w:matchparen_ids, matchaddpos('MatchParen', [[c_lnum, c_col - before], [m_lnum, m_col]], 10))
line 151:     else
line 152:       call add(w:matchparen_ids, matchaddpos('MatchParen', [[m_lnum, m_col]], 10))
line 153:     endif
line 154:     let w:paren_hl_on = 1
line 155:   endif
<SNR>24_Highlight_Matching_Pair returning #0

continuing in WinScrolled Autocommands for "*"

Executing WinScrolled Autocommands for "*"
autocommand <Lua 227: ~/.local/share/nvim/lazy/snacks.nvim/lua/snacks/scroll.lua:219>

Executing: 
Executing WinScrolled Autocommands for "*"
autocommand <Lua 906: ~/.local/share/nvim/lazy/blink.cmp/lua/blink/cmp/completion/windows/menu.lua:62>

Executing: 
Executing WinScrolled Autocommands for "*"
autocommand <Lua 576: ~/.local/share/nvim/lazy/todo-comments.nvim/lua/todo-comments/highlight.lua:421>

Executing: 
Executing CursorMoved Autocommands for "*"
autocommand call s:Highlight_Matching_Pair()

Executing: call s:Highlight_Matching_Pair()
calling <SNR>24_Highlight_Matching_Pair()

line 1:   if !exists("w:matchparen_ids")
line 2:     let w:matchparen_ids = []
line 3:   endif
line 4:   " Remove any previous match.
line 5:   call s:Remove_Matches()
calling <SNR>24_Remove_Matches()

line 1:   if exists('w:paren_hl_on') && w:paren_hl_on
line 2:     while !empty(w:matchparen_ids)
line 3:       silent! call remove(w:matchparen_ids, 0)->matchdelete()
line 4:     endwhile
line 2:     while !empty(w:matchparen_ids)
line 3:       silent! call remove(w:matchparen_ids, 0)->matchdelete()
line 4:     endwhile
line 5:     let w:paren_hl_on = 0
line 6:   endif
<SNR>24_Remove_Matches returning #0

continuing in <SNR>24_Highlight_Matching_Pair

line 6: 
line 7:   " Avoid that we remove the popup menu.
line 8:   " Return when there are no colors (looks like the cursor jumps).
line 9:   if pumvisible() || (&t_Co < 8 && !has("gui_running"))
line 10:     return
line 11:   endif
line 12: 
line 13:   " Get the character under the cursor and check if it's in 'matchpairs'.
line 14:   let c_lnum = line('.')
line 15:   let c_col = col('.')
line 16:   let before = 0
line 17: 
line 18:   let text = getline(c_lnum)
line 19:   let c_before = text->strpart(0, c_col - 1)->slice(-1)
line 20:   let c = text->strpart(c_col - 1)->slice(0, 1)
line 21:   let plist = split(&matchpairs, '.\zs[:,]')
line 22:   let i = index(plist, c)
line 23:   if i < 0
line 24:     " not found, in Insert mode try character before the cursor
line 25:     if c_col > 1 && (mode() == 'i' || mode() == 'R')
line 26:       let before = strlen(c_before)
line 27:       let c = c_before
line 28:       let i = index(plist, c)
line 29:     endif
line 30:     if i < 0
line 31:       " not found, nothing to do
line 32:       return
<SNR>24_Highlight_Matching_Pair returning #0

continuing in CursorMoved Autocommands for "*"

Executing CursorMoved Autocommands for "*"
autocommand <Lua 223: vim/_editor.lua:0>

Executing: 
Executing CursorMoved Autocommands for "*"
autocommand <Lua 390: ~/.local/share/nvim/lazy/flash.nvim/lua/flash/plugins/char.lua:142>

Executing: 
Executing CursorMoved Autocommands for "*"
autocommand <Lua 358: ~/.local/share/nvim/lazy/trouble.nvim/lua/trouble/view/section.lua:148>

Executing: 
Executing CursorMoved Autocommands for "*"
autocommand call v:lua.require'lualine'.refresh({'kind': 'window', 'place': ['statusline'], 'trigger': 'autocmd'})

Executing: call v:lua.require'lualine'.refresh({'kind': 'window', 'place': ['statusline'], 'trigger': 'autocmd'})
Executing CursorMoved Autocommands for "*"
autocommand <Lua 934: ~/.local/share/nvim/lazy/blink.cmp/lua/blink/cmp/lib/buffer_events.lua:88>

Executing: 
Executing CursorMoved Autocommands for "*"
autocommand <Lua 619: ~/.local/share/nvim/lazy/snacks.nvim/lua/snacks/scope.lua:678>

Executing: 
Executing CursorMoved Autocommands for "*"
autocommand <Lua 864: ~/.local/share/nvim/lazy/snacks.nvim/lua/snacks/words.lua:42>

Executing: 
Executing WinScrolled Autocommands for "*"
autocommand call s:Highlight_Matching_Pair()

Executing: call s:Highlight_Matching_Pair()
calling <SNR>24_Highlight_Matching_Pair()

line 1:   if !exists("w:matchparen_ids")
line 2:     let w:matchparen_ids = []
line 3:   endif
line 4:   " Remove any previous match.
line 5:   call s:Remove_Matches()
calling <SNR>24_Remove_Matches()

line 1:   if exists('w:paren_hl_on') && w:paren_hl_on
line 2:     while !empty(w:matchparen_ids)
line 3:       silent! call remove(w:matchparen_ids, 0)->matchdelete()
line 4:     endwhile
line 5:     let w:paren_hl_on = 0
line 6:   endif
<SNR>24_Remove_Matches returning #0

continuing in <SNR>24_Highlight_Matching_Pair

line 6: 
line 7:   " Avoid that we remove the popup menu.
line 8:   " Return when there are no colors (looks like the cursor jumps).
line 9:   if pumvisible() || (&t_Co < 8 && !has("gui_running"))
line 10:     return
line 11:   endif
line 12: 
line 13:   " Get the character under the cursor and check if it's in 'matchpairs'.
line 14:   let c_lnum = line('.')
line 15:   let c_col = col('.')
line 16:   let before = 0
line 17: 
line 18:   let text = getline(c_lnum)
line 19:   let c_before = text->strpart(0, c_col - 1)->slice(-1)
line 20:   let c = text->strpart(c_col - 1)->slice(0, 1)
line 21:   let plist = split(&matchpairs, '.\zs[:,]')
line 22:   let i = index(plist, c)
line 23:   if i < 0
line 24:     " not found, in Insert mode try character before the cursor
line 25:     if c_col > 1 && (mode() == 'i' || mode() == 'R')
line 26:       let before = strlen(c_before)
line 27:       let c = c_before
line 28:       let i = index(plist, c)
line 29:     endif
line 30:     if i < 0
line 31:       " not found, nothing to do
line 32:       return
<SNR>24_Highlight_Matching_Pair returning #0

continuing in WinScrolled Autocommands for "*"

Executing WinScrolled Autocommands for "*"
autocommand <Lua 227: ~/.local/share/nvim/lazy/snacks.nvim/lua/snacks/scroll.lua:219>

Executing: 
Executing WinScrolled Autocommands for "*"
autocommand <Lua 906: ~/.local/share/nvim/lazy/blink.cmp/lua/blink/cmp/completion/windows/menu.lua:62>

Executing: 
Executing WinScrolled Autocommands for "*"
autocommand <Lua 576: ~/.local/share/nvim/lazy/todo-comments.nvim/lua/todo-comments/highlight.lua:421>

Executing: 
Executing CursorMoved Autocommands for "*"
autocommand call s:Highlight_Matching_Pair()

Executing: call s:Highlight_Matching_Pair()
calling <SNR>24_Highlight_Matching_Pair()

line 1:   if !exists("w:matchparen_ids")
line 2:     let w:matchparen_ids = []
line 3:   endif
line 4:   " Remove any previous match.
line 5:   call s:Remove_Matches()
calling <SNR>24_Remove_Matches()

line 1:   if exists('w:paren_hl_on') && w:paren_hl_on
line 2:     while !empty(w:matchparen_ids)
line 3:       silent! call remove(w:matchparen_ids, 0)->matchdelete()
line 4:     endwhile
line 5:     let w:paren_hl_on = 0
line 6:   endif
<SNR>24_Remove_Matches returning #0

continuing in <SNR>24_Highlight_Matching_Pair

line 6: 
line 7:   " Avoid that we remove the popup menu.
line 8:   " Return when there are no colors (looks like the cursor jumps).
line 9:   if pumvisible() || (&t_Co < 8 && !has("gui_running"))
line 10:     return
line 11:   endif
line 12: 
line 13:   " Get the character under the cursor and check if it's in 'matchpairs'.
line 14:   let c_lnum = line('.')
line 15:   let c_col = col('.')
line 16:   let before = 0
line 17: 
line 18:   let text = getline(c_lnum)
line 19:   let c_before = text->strpart(0, c_col - 1)->slice(-1)
line 20:   let c = text->strpart(c_col - 1)->slice(0, 1)
line 21:   let plist = split(&matchpairs, '.\zs[:,]')
line 22:   let i = index(plist, c)
line 23:   if i < 0
line 24:     " not found, in Insert mode try character before the cursor
line 25:     if c_col > 1 && (mode() == 'i' || mode() == 'R')
line 26:       let before = strlen(c_before)
line 27:       let c = c_before
line 28:       let i = index(plist, c)
line 29:     endif
line 30:     if i < 0
line 31:       " not found, nothing to do
line 32:       return
line 33:     endif
line 34:   endif
line 35: 
line 36:   " Figure out the arguments for searchpairpos().
line 37:   if i % 2 == 0
line 38:     let s_flags = 'nW'
line 39:     let c2 = plist[i + 1]
line 40:   else
line 41:     let s_flags = 'nbW'
line 42:     let c2 = c
line 43:     let c = plist[i - 1]
line 44:   endif
line 45:   if c == '['
line 46:     let c = '\['
line 47:     let c2 = '\]'
line 48:   endif
line 49: 
line 50:   " Find the match.  When it was just before the cursor move it there for a
line 51:   " moment.
line 52:   if before > 0
line 53:     let save_cursor = getcurpos()
line 54:     call cursor(c_lnum, c_col - before)
line 55:     defer setpos('.', save_cursor)
line 56:   endif
line 57: 
line 58:   if !has("syntax") || !exists("g:syntax_on")
line 59:     let s_skip = "0"
line 60:   elseif exists("b:ts_highlight") && &syntax != 'on'
line 61:     let s_skip = "match(v:lua.vim.treesitter.get_captures_at_cursor(), '" .. 'string\|character\|singlequote\|escape\|symbol\|comment' .. "') != -1"
line 64:   else
line 65:     " do not attempt to match when the syntax item where the cursor is
line 66:     " indicates there does not exist a matching parenthesis, e.g. for shells
line 67:     " case statement: "case $var in foobar)"
line 68:     "
line 69:     " add the check behind a filetype check, so it only needs to be
line 70:     " evaluated for certain filetypes
line 71:     if ['sh']->index(&filetype) >= 0 && synstack(".", col("."))->indexof({_, id -> synIDattr(id, "name") =~? "shSnglCase"}) >= 0
line 74:       return
line 75:     endif
line 76:     " Build an expression that detects whether the current cursor position is
line 77:     " in certain syntax types (string, comment, etc.), for use as
line 78:     " searchpairpos()'s skip argument.
line 79:     " We match "escape" for special items, such as lispEscapeSpecial, and
line 80:     " match "symbol" for lispBarSymbol.
line 81:     let s_skip = 'synstack(".", col("."))' . '->indexof({_, id -> synIDattr(id, "name") =~? ' . '"string\\|character\\|singlequote\\|escape\\|symbol\\|comment"}) >= 0'
line 84:     " If executing the expression determines that the cursor is currently in
line 85:     " one of the syntax types, then we want searchpairpos() to find the pair
line 86:     " within those syntax types (i.e., not skip).  Otherwise, the cursor is
line 87:     " outside of the syntax types and s_skip should keep its value so we skip
line 88:     " any matching pair inside the syntax types.
line 89:     " Catch if this throws E363: pattern uses more memory than 'maxmempattern'.
line 90:     try
line 91:       execute 'if ' . s_skip . ' | let s_skip = "0" | endif'
line 92:     catch /^Vim\%((\a\+)\)\=:E363/
line 93:       " We won't find anything, so skip searching, should keep Vim responsive.
line 94:       return
line 95:     endtry
line 96:   endif
line 97: 
line 98:   " Limit the search to lines visible in the window.
line 99:   let stoplinebottom = line('w$')
line 100:   let stoplinetop = line('w0')
line 101:   if i % 2 == 0
line 102:     let stopline = stoplinebottom
line 103:   else
line 104:     let stopline = stoplinetop
line 105:   endif
line 106: 
line 107:   " Limit the search time to 300 msec to avoid a hang on very long lines.
line 108:   " This fails when a timeout is not supported.
line 109:   if mode() == 'i' || mode() == 'R'
line 110:     let timeout = exists("b:matchparen_insert_timeout") ? b:matchparen_insert_timeout : g:matchparen_insert_timeout
line 111:   else
line 112:     let timeout = exists("b:matchparen_timeout") ? b:matchparen_timeout : g:matchparen_timeout
line 113:   endif
line 114:   try
line 115:     let [m_lnum, m_col] = searchpairpos(c, '', c2, s_flags, s_skip, stopline, timeout)
line 116:   catch /E118/
line 117:     " Can't use the timeout, restrict the stopline a bit more to avoid taking
line 118:     " a long time on closed folds and long lines.
line 119:     " The "viewable" variables give a range in which we can scroll while
line 120:     " keeping the cursor at the same position.
line 121:     " adjustedScrolloff accounts for very large numbers of scrolloff.
line 122:     let adjustedScrolloff = min([&scrolloff, (line('w$') - line('w0')) / 2])
line 123:     let bottom_viewable = min([line('$'), c_lnum + &lines - adjustedScrolloff - 2])
line 124:     let top_viewable = max([1, c_lnum-&lines+adjustedScrolloff + 2])
line 125:     " one of these stoplines will be adjusted below, but the current values are
line 126:     " minimal boundaries within the current window
line 127:     if i % 2 == 0
line 128:       if has("byte_offset") && has("syntax_items") && &smc > 0
line 129: ^Ilet stopbyte = min([line2byte("$"), line2byte(".") + col(".") + &smc * 2])
line 130: ^Ilet stopline = min([bottom_viewable, byte2line(stopbyte)])
line 131:       else
line 132: ^Ilet stopline = min([bottom_viewable, c_lnum + 100])
line 133:       endif
line 134:       let stoplinebottom = stopline
line 135:     else
line 136:       if has("byte_offset") && has("syntax_items") && &smc > 0
line 137: ^Ilet stopbyte = max([1, line2byte(".") + col(".") - &smc * 2])
line 138: ^Ilet stopline = max([top_viewable, byte2line(stopbyte)])
line 139:       else
line 140: ^Ilet stopline = max([top_viewable, c_lnum - 100])
line 141:       endif
line 142:       let stoplinetop = stopline
line 143:     endif
line 144:     let [m_lnum, m_col] = searchpairpos(c, '', c2, s_flags, s_skip, stopline)
line 145:   endtry
line 146: 
line 147:   " If a match is found setup match highlighting.
line 148:   if m_lnum > 0 && m_lnum >= stoplinetop && m_lnum <= stoplinebottom
line 149:     if !g:matchparen_disable_cursor_hl
line 150:       call add(w:matchparen_ids, matchaddpos('MatchParen', [[c_lnum, c_col - before], [m_lnum, m_col]], 10))
line 151:     else
line 152:       call add(w:matchparen_ids, matchaddpos('MatchParen', [[m_lnum, m_col]], 10))
line 153:     endif
line 154:     let w:paren_hl_on = 1
line 155:   endif
<SNR>24_Highlight_Matching_Pair returning #0

continuing in CursorMoved Autocommands for "*"

Executing CursorMoved Autocommands for "*"
autocommand <Lua 223: vim/_editor.lua:0>

Executing: 
Executing CursorMoved Autocommands for "*"
autocommand <Lua 390: ~/.local/share/nvim/lazy/flash.nvim/lua/flash/plugins/char.lua:142>

Executing: 
Executing CursorMoved Autocommands for "*"
autocommand <Lua 358: ~/.local/share/nvim/lazy/trouble.nvim/lua/trouble/view/section.lua:148>

Executing: 
Executing CursorMoved Autocommands for "*"
autocommand call v:lua.require'lualine'.refresh({'kind': 'window', 'place': ['statusline'], 'trigger': 'autocmd'})

Executing: call v:lua.require'lualine'.refresh({'kind': 'window', 'place': ['statusline'], 'trigger': 'autocmd'})
Executing CursorMoved Autocommands for "*"
autocommand <Lua 934: ~/.local/share/nvim/lazy/blink.cmp/lua/blink/cmp/lib/buffer_events.lua:88>

Executing: 
Executing CursorMoved Autocommands for "*"
autocommand <Lua 619: ~/.local/share/nvim/lazy/snacks.nvim/lua/snacks/scope.lua:678>

Executing: 
Executing CursorMoved Autocommands for "*"
autocommand <Lua 864: ~/.local/share/nvim/lazy/snacks.nvim/lua/snacks/words.lua:42>

Executing: 
Executing InsertEnter Autocommands for "*"
autocommand <Lua 391: ~/.local/share/nvim/lazy/flash.nvim/lua/flash/plugins/char.lua:142>

Executing: 
Executing InsertEnter Autocommands for "*"
autocommand <Lua 939: ~/.local/share/nvim/lazy/blink.cmp/lua/blink/cmp/keymap/init.lua:81>

Executing: 
autocommand <Lua 894: ~/.local/share/nvim/lazy/blink.cmp/lua/blink/cmp/lib/buffer_events.lua:88>

Executing: 
Executing InsertEnter Autocommands for "*"
autocommand <Lua 672: ~/.local/share/nvim/lazy/nvim-ts-autotag/lua/nvim-ts-autotag/config/plugin.lua:214>

Executing: 
Executing ModeChanged Autocommands for "*"
autocommand call v:lua.require'lualine'.refresh({'kind': 'window', 'place': ['statusline'], 'trigger': 'autocmd'})

Executing: call v:lua.require'lualine'.refresh({'kind': 'window', 'place': ['statusline'], 'trigger': 'autocmd'})
Executing ModeChanged Autocommands for "*"
autocommand <Lua 504: ~/.local/share/nvim/lazy/which-key.nvim/lua/which-key/state.lua:93>

Executing: 
Executing ModeChanged Autocommands for "*"
autocommand <Lua 898: ~/.local/share/nvim/lazy/blink.cmp/lua/blink/cmp/lib/buffer_events.lua:129>

Executing: 
Executing ModeChanged Autocommands for "*"
autocommand <Lua 866: ~/.local/share/nvim/lazy/snacks.nvim/lua/snacks/words.lua:42>

Executing: 
sourcing "nvim_exec2()"
line 1: highlight! lualine_transitional_lualine_b_insert_to_lualine_c_filetype_MiniIconsAzure_insert guifg=#3b4261 guibg=#1e2030 gui=nocombine
finished sourcing nvim_exec2()
sourcing "nvim_exec2()"
line 1: highlight! lualine_transitional_lualine_b_insert_to_lualine_x_diff_removed_insert guifg=#3b4261 guibg=#1e2030 gui=nocombine
finished sourcing nvim_exec2()
Executing CursorMovedI Autocommands for "*"
autocommand call s:Highlight_Matching_Pair()

Executing: call s:Highlight_Matching_Pair()
calling <SNR>24_Highlight_Matching_Pair()

line 1:   if !exists("w:matchparen_ids")
line 2:     let w:matchparen_ids = []
line 3:   endif
line 4:   " Remove any previous match.
line 5:   call s:Remove_Matches()
calling <SNR>24_Remove_Matches()

line 1:   if exists('w:paren_hl_on') && w:paren_hl_on
line 2:     while !empty(w:matchparen_ids)
line 3:       silent! call remove(w:matchparen_ids, 0)->matchdelete()
line 4:     endwhile
line 2:     while !empty(w:matchparen_ids)
line 3:       silent! call remove(w:matchparen_ids, 0)->matchdelete()
line 4:     endwhile
line 5:     let w:paren_hl_on = 0
line 6:   endif
<SNR>24_Remove_Matches returning #0

continuing in <SNR>24_Highlight_Matching_Pair

line 6: 
line 7:   " Avoid that we remove the popup menu.
line 8:   " Return when there are no colors (looks like the cursor jumps).
line 9:   if pumvisible() || (&t_Co < 8 && !has("gui_running"))
line 10:     return
line 11:   endif
line 12: 
line 13:   " Get the character under the cursor and check if it's in 'matchpairs'.
line 14:   let c_lnum = line('.')
line 15:   let c_col = col('.')
line 16:   let before = 0
line 17: 
line 18:   let text = getline(c_lnum)
line 19:   let c_before = text->strpart(0, c_col - 1)->slice(-1)
line 20:   let c = text->strpart(c_col - 1)->slice(0, 1)
line 21:   let plist = split(&matchpairs, '.\zs[:,]')
line 22:   let i = index(plist, c)
line 23:   if i < 0
line 24:     " not found, in Insert mode try character before the cursor
line 25:     if c_col > 1 && (mode() == 'i' || mode() == 'R')
line 26:       let before = strlen(c_before)
line 27:       let c = c_before
line 28:       let i = index(plist, c)
line 29:     endif
line 30:     if i < 0
line 31:       " not found, nothing to do
line 32:       return
<SNR>24_Highlight_Matching_Pair returning #0

continuing in CursorMovedI Autocommands for "*"

Executing CursorMovedI Autocommands for "*"
autocommand <Lua 224: vim/_editor.lua:0>

Executing: 
Executing CursorMovedI Autocommands for "*"
autocommand call v:lua.require'lualine'.refresh({'kind': 'window', 'place': ['statusline'], 'trigger': 'autocmd'})

Executing: call v:lua.require'lualine'.refresh({'kind': 'window', 'place': ['statusline'], 'trigger': 'autocmd'})
Executing CursorMovedI Autocommands for "*"
autocommand <Lua 890: ~/.local/share/nvim/lazy/blink.cmp/lua/blink/cmp/lib/buffer_events.lua:88>

Executing: 
autocommand <Lua 905: ~/.local/share/nvim/lazy/blink.cmp/lua/blink/cmp/completion/windows/menu.lua:62>

Executing: 
Executing CursorMovedI Autocommands for "*"
autocommand <Lua 546: ~/.local/share/nvim/lazy/snacks.nvim/lua/snacks/scope.lua:678>

Executing: 
Executing CursorMovedI Autocommands for "*"
autocommand <Lua 865: ~/.local/share/nvim/lazy/snacks.nvim/lua/snacks/words.lua:42>

Executing: 
sourcing "nvim_exec2()"
line 1: noh
finished sourcing nvim_exec2()
Executing ModeChanged Autocommands for "*"
autocommand call v:lua.require'lualine'.refresh({'kind': 'window', 'place': ['statusline'], 'trigger': 'autocmd'})

Executing: call v:lua.require'lualine'.refresh({'kind': 'window', 'place': ['statusline'], 'trigger': 'autocmd'})
Executing ModeChanged Autocommands for "*"
autocommand <Lua 504: ~/.local/share/nvim/lazy/which-key.nvim/lua/which-key/state.lua:93>

Executing: 
Executing ModeChanged Autocommands for "*"
autocommand <Lua 898: ~/.local/share/nvim/lazy/blink.cmp/lua/blink/cmp/lib/buffer_events.lua:129>

Executing: 
Executing ModeChanged Autocommands for "*"
autocommand <Lua 866: ~/.local/share/nvim/lazy/snacks.nvim/lua/snacks/words.lua:42>

Executing: 
Executing InsertLeave Autocommands for "*"
autocommand <Lua 81: ~/.local/share/nvim/lazy/snacks.nvim/lua/snacks/scroll.lua:185>

Executing: 
Executing InsertLeave Autocommands for "*"
autocommand <Lua 947: ~/.local/share/nvim/lazy/blink.cmp/lua/blink/cmp/lib/buffer_events.lua:81>

Executing: 
Executing InsertLeave Autocommands for "*"
autocommand <Lua 601: ~/.local/share/nvim/lazy/LazyVim/lua/lazyvim/plugins/linting.lua:51>

Executing: 
Executing InsertLeave Autocommands for "<buffer=7>"
autocommand <Lua 684: /opt/homebrew/Cellar/neovim/0.11.5_1/share/nvim/runtime/lua/vim/lsp/semantic_tokens.lua:194>

Executing: 
Executing InsertLeave Autocommands for "*"
autocommand <Lua 730: ~/.local/share/nvim/lazy/blink.cmp/lua/blink/cmp/sources/snippets/default/builtin.lua:190>

Executing: 
Searching for "parser/comment.*" in runtime path
Searching for "/Users/hvidsten/.config/nvim/parser/comment.*"
Searching for "/Users/hvidsten/.local/share/nvim/site/parser/comment.*"
Searching for "/Users/hvidsten/.local/share/nvim/lazy/lazy.nvim/parser/comment.*"
Searching for "/Users/hvidsten/.local/share/nvim/lazy/gitsigns.nvim/parser/comment.*"
Searching for "/Users/hvidsten/.local/share/nvim/lazy/todo-comments.nvim/parser/comment.*"
Searching for "/Users/hvidsten/.local/share/nvim/lazy/nvim-lint/parser/comment.*"
Searching for "/Users/hvidsten/.local/share/nvim/lazy/nvim-ts-autotag/parser/comment.*"
Searching for "/Users/hvidsten/.local/share/nvim/lazy/persistence.nvim/parser/comment.*"
Searching for "/Users/hvidsten/.local/share/nvim/lazy/mason-lspconfig.nvim/parser/comment.*"
Searching for "/Users/hvidsten/.local/share/nvim/lazy/mason.nvim/parser/comment.*"
Searching for "/Users/hvidsten/.local/share/nvim/lazy/nvim-lspconfig/parser/comment.*"
Searching for "/Users/hvidsten/.local/share/nvim/lazy/friendly-snippets/parser/comment.*"
Searching for "/Users/hvidsten/.local/share/nvim/lazy/blink.cmp/parser/comment.*"
Searching for "/Users/hvidsten/.local/share/nvim/lazy/mini.icons/parser/comment.*"
Searching for "/Users/hvidsten/.local/share/nvim/lazy/trouble.nvim/parser/comment.*"
Searching for "/Users/hvidsten/.local/share/nvim/lazy/lualine.nvim/parser/comment.*"
Searching for "/Users/hvidsten/.local/share/nvim/lazy/flash.nvim/parser/comment.*"
Searching for "/Users/hvidsten/.local/share/nvim/lazy/nvim-treesitter/parser/comment.*"
Searching for "/Users/hvidsten/.local/share/nvim/lazy/nvim-treesitter-textobjects/parser/comment.*"
Searching for "/Users/hvidsten/.local/share/nvim/lazy/mini.ai/parser/comment.*"
Searching for "/Users/hvidsten/.local/share/nvim/lazy/ts-comments.nvim/parser/comment.*"
Searching for "/Users/hvidsten/.local/share/nvim/lazy/mini.pairs/parser/comment.*"
Searching for "/Users/hvidsten/.local/share/nvim/lazy/bufferline.nvim/parser/comment.*"
Searching for "/Users/hvidsten/.local/share/nvim/lazy/which-key.nvim/parser/comment.*"
Searching for "/Users/hvidsten/.local/share/nvim/lazy/snacks.nvim/parser/comment.*"
Searching for "/Users/hvidsten/.local/share/nvim/lazy/tokyonight.nvim/parser/comment.*"
Searching for "/Users/hvidsten/.local/share/nvim/lazy/LazyVim/parser/comment.*"
Searching for "/opt/homebrew/Cellar/neovim/0.11.5_1/share/nvim/runtime/parser/comment.*"
Searching for "/opt/homebrew/Cellar/neovim/0.11.5_1/share/nvim/runtime/pack/dist/opt/netrw/parser/comment.*"
Searching for "/opt/homebrew/Cellar/neovim/0.11.5_1/share/nvim/runtime/pack/dist/opt/matchit/parser/comment.*"
Searching for "/opt/homebrew/Cellar/neovim/0.11.5_1/lib/nvim/parser/comment.*"
Searching for "/Users/hvidsten/.local/state/nvim/lazy/readme/parser/comment.*"
Searching for "/Users/hvidsten/.local/share/nvim/lazy/mason-lspconfig.nvim/after/parser/comment.*"
not found in runtime path: "parser/comment.*"
Executing InsertEnter Autocommands for "*"
autocommand <Lua 391: ~/.local/share/nvim/lazy/flash.nvim/lua/flash/plugins/char.lua:142>

Executing: 
Executing InsertEnter Autocommands for "*"
autocommand <Lua 939: ~/.local/share/nvim/lazy/blink.cmp/lua/blink/cmp/keymap/init.lua:81>

Executing: 
autocommand <Lua 894: ~/.local/share/nvim/lazy/blink.cmp/lua/blink/cmp/lib/buffer_events.lua:88>

Executing: 
Executing InsertEnter Autocommands for "*"
autocommand <Lua 760: ~/.local/share/nvim/lazy/blink.cmp/lua/blink/cmp/sources/snippets/default/builtin.lua:179>

Executing: 
Executing ModeChanged Autocommands for "*"
autocommand call v:lua.require'lualine'.refresh({'kind': 'window', 'place': ['statusline'], 'trigger': 'autocmd'})

Executing: call v:lua.require'lualine'.refresh({'kind': 'window', 'place': ['statusline'], 'trigger': 'autocmd'})
Executing ModeChanged Autocommands for "*"
autocommand <Lua 504: ~/.local/share/nvim/lazy/which-key.nvim/lua/which-key/state.lua:93>

Executing: 
Executing ModeChanged Autocommands for "*"
autocommand <Lua 898: ~/.local/share/nvim/lazy/blink.cmp/lua/blink/cmp/lib/buffer_events.lua:129>

Executing: 
Executing ModeChanged Autocommands for "*"
autocommand <Lua 866: ~/.local/share/nvim/lazy/snacks.nvim/lua/snacks/words.lua:42>

Executing: 
Executing CursorMovedI Autocommands for "*"
autocommand call s:Highlight_Matching_Pair()

Executing: call s:Highlight_Matching_Pair()
calling <SNR>24_Highlight_Matching_Pair()

line 1:   if !exists("w:matchparen_ids")
line 2:     let w:matchparen_ids = []
line 3:   endif
line 4:   " Remove any previous match.
line 5:   call s:Remove_Matches()
calling <SNR>24_Remove_Matches()

line 1:   if exists('w:paren_hl_on') && w:paren_hl_on
line 2:     while !empty(w:matchparen_ids)
line 3:       silent! call remove(w:matchparen_ids, 0)->matchdelete()
line 4:     endwhile
line 5:     let w:paren_hl_on = 0
line 6:   endif
<SNR>24_Remove_Matches returning #0

continuing in <SNR>24_Highlight_Matching_Pair

line 6: 
line 7:   " Avoid that we remove the popup menu.
line 8:   " Return when there are no colors (looks like the cursor jumps).
line 9:   if pumvisible() || (&t_Co < 8 && !has("gui_running"))
line 10:     return
line 11:   endif
line 12: 
line 13:   " Get the character under the cursor and check if it's in 'matchpairs'.
line 14:   let c_lnum = line('.')
line 15:   let c_col = col('.')
line 16:   let before = 0
line 17: 
line 18:   let text = getline(c_lnum)
line 19:   let c_before = text->strpart(0, c_col - 1)->slice(-1)
line 20:   let c = text->strpart(c_col - 1)->slice(0, 1)
line 21:   let plist = split(&matchpairs, '.\zs[:,]')
line 22:   let i = index(plist, c)
line 23:   if i < 0
line 24:     " not found, in Insert mode try character before the cursor
line 25:     if c_col > 1 && (mode() == 'i' || mode() == 'R')
line 26:       let before = strlen(c_before)
line 27:       let c = c_before
line 28:       let i = index(plist, c)
line 29:     endif
line 30:     if i < 0
line 31:       " not found, nothing to do
line 32:       return
<SNR>24_Highlight_Matching_Pair returning #0

continuing in CursorMovedI Autocommands for "*"

Executing CursorMovedI Autocommands for "*"
autocommand <Lua 224: vim/_editor.lua:0>

Executing: 
Executing CursorMovedI Autocommands for "*"
autocommand call v:lua.require'lualine'.refresh({'kind': 'window', 'place': ['statusline'], 'trigger': 'autocmd'})

Executing: call v:lua.require'lualine'.refresh({'kind': 'window', 'place': ['statusline'], 'trigger': 'autocmd'})
Executing CursorMovedI Autocommands for "*"
autocommand <Lua 890: ~/.local/share/nvim/lazy/blink.cmp/lua/blink/cmp/lib/buffer_events.lua:88>

Executing: 
autocommand <Lua 905: ~/.local/share/nvim/lazy/blink.cmp/lua/blink/cmp/completion/windows/menu.lua:62>

Executing: 
Executing CursorMovedI Autocommands for "*"
autocommand <Lua 546: ~/.local/share/nvim/lazy/snacks.nvim/lua/snacks/scope.lua:678>

Executing: 
Executing CursorMovedI Autocommands for "*"
autocommand <Lua 865: ~/.local/share/nvim/lazy/snacks.nvim/lua/snacks/words.lua:42>

Executing: 
Executing TextChangedI Autocommands for "*"
autocommand call s:Highlight_Matching_Pair()

Executing: call s:Highlight_Matching_Pair()
calling <SNR>24_Highlight_Matching_Pair()

line 1:   if !exists("w:matchparen_ids")
line 2:     let w:matchparen_ids = []
line 3:   endif
line 4:   " Remove any previous match.
line 5:   call s:Remove_Matches()
calling <SNR>24_Remove_Matches()

line 1:   if exists('w:paren_hl_on') && w:paren_hl_on
line 2:     while !empty(w:matchparen_ids)
line 3:       silent! call remove(w:matchparen_ids, 0)->matchdelete()
line 4:     endwhile
line 5:     let w:paren_hl_on = 0
line 6:   endif
<SNR>24_Remove_Matches returning #0

continuing in <SNR>24_Highlight_Matching_Pair

line 6: 
line 7:   " Avoid that we remove the popup menu.
line 8:   " Return when there are no colors (looks like the cursor jumps).
line 9:   if pumvisible() || (&t_Co < 8 && !has("gui_running"))
line 10:     return
line 11:   endif
line 12: 
line 13:   " Get the character under the cursor and check if it's in 'matchpairs'.
line 14:   let c_lnum = line('.')
line 15:   let c_col = col('.')
line 16:   let before = 0
line 17: 
line 18:   let text = getline(c_lnum)
line 19:   let c_before = text->strpart(0, c_col - 1)->slice(-1)
line 20:   let c = text->strpart(c_col - 1)->slice(0, 1)
line 21:   let plist = split(&matchpairs, '.\zs[:,]')
line 22:   let i = index(plist, c)
line 23:   if i < 0
line 24:     " not found, in Insert mode try character before the cursor
line 25:     if c_col > 1 && (mode() == 'i' || mode() == 'R')
line 26:       let before = strlen(c_before)
line 27:       let c = c_before
line 28:       let i = index(plist, c)
line 29:     endif
line 30:     if i < 0
line 31:       " not found, nothing to do
line 32:       return
<SNR>24_Highlight_Matching_Pair returning #0

continuing in TextChangedI Autocommands for "*"

Executing TextChangedI Autocommands for "*"
autocommand <Lua 218: ~/.local/share/nvim/lazy/snacks.nvim/lua/snacks/scroll.lua:185>

Executing: 
Executing TextChangedI Autocommands for "*"
autocommand <Lua 348: ~/.local/share/nvim/lazy/trouble.nvim/lua/trouble/sources/lsp.lua:40>

Executing: 
Executing TextChangedI Autocommands for "*"
autocommand <Lua 935: ~/.local/share/nvim/lazy/blink.cmp/lua/blink/cmp/lib/buffer_events.lua:51>

Executing: 
sourcing "nvim_exec2()"
line 1: highlight! lualine_c_5_LV_MatchParen_normal guifg=#ff966c guibg=#1e2030 gui=bold,nocombine
finished sourcing nvim_exec2()
sourcing "nvim_exec2()"
line 1: highlight! lualine_c_5_LV_MatchParen_insert guifg=#ff966c guibg=#1e2030 gui=bold,nocombine
finished sourcing nvim_exec2()
sourcing "nvim_exec2()"
line 1: highlight! lualine_c_5_LV_MatchParen_visual guifg=#ff966c guibg=#1e2030 gui=bold,nocombine
finished sourcing nvim_exec2()
sourcing "nvim_exec2()"
line 1: highlight! lualine_c_5_LV_MatchParen_replace guifg=#ff966c guibg=#1e2030 gui=bold,nocombine
finished sourcing nvim_exec2()
sourcing "nvim_exec2()"
line 1: highlight! lualine_c_5_LV_MatchParen_command guifg=#ff966c guibg=#1e2030 gui=bold,nocombine
finished sourcing nvim_exec2()
sourcing "nvim_exec2()"
line 1: highlight! lualine_c_5_LV_MatchParen_terminal guifg=#ff966c guibg=#1e2030 gui=bold,nocombine
finished sourcing nvim_exec2()
sourcing "nvim_exec2()"
line 1: highlight! lualine_c_5_LV_MatchParen_inactive guifg=#ff966c guibg=#1e2030 gui=bold,nocombine
finished sourcing nvim_exec2()
Executing LspNotify Autocommands for "*"
autocommand <Lua 462: /opt/homebrew/Cellar/neovim/0.11.5_1/share/nvim/runtime/lua/vim/lsp/inlay_hint.lua:251>

Executing: 
Executing LspNotify Autocommands for "<buffer=7>"
autocommand <Lua 637: /opt/homebrew/Cellar/neovim/0.11.5_1/share/nvim/runtime/lua/vim/lsp/_folding_range.lua:299>

Executing: 
Executing DiagnosticChanged Autocommands for "*"
autocommand <Lua 323: ~/.local/share/nvim/lazy/trouble.nvim/lua/trouble/sources/diagnostics.lua:70>

Executing: 
Executing CursorMovedI Autocommands for "*"
autocommand call s:Highlight_Matching_Pair()

Executing: call s:Highlight_Matching_Pair()
calling <SNR>24_Highlight_Matching_Pair()

line 1:   if !exists("w:matchparen_ids")
line 2:     let w:matchparen_ids = []
line 3:   endif
line 4:   " Remove any previous match.
line 5:   call s:Remove_Matches()
calling <SNR>24_Remove_Matches()

line 1:   if exists('w:paren_hl_on') && w:paren_hl_on
line 2:     while !empty(w:matchparen_ids)
line 3:       silent! call remove(w:matchparen_ids, 0)->matchdelete()
line 4:     endwhile
line 5:     let w:paren_hl_on = 0
line 6:   endif
<SNR>24_Remove_Matches returning #0

continuing in <SNR>24_Highlight_Matching_Pair

line 6: 
line 7:   " Avoid that we remove the popup menu.
line 8:   " Return when there are no colors (looks like the cursor jumps).
line 9:   if pumvisible() || (&t_Co < 8 && !has("gui_running"))
line 10:     return
line 11:   endif
line 12: 
line 13:   " Get the character under the cursor and check if it's in 'matchpairs'.
line 14:   let c_lnum = line('.')
line 15:   let c_col = col('.')
line 16:   let before = 0
line 17: 
line 18:   let text = getline(c_lnum)
line 19:   let c_before = text->strpart(0, c_col - 1)->slice(-1)
line 20:   let c = text->strpart(c_col - 1)->slice(0, 1)
line 21:   let plist = split(&matchpairs, '.\zs[:,]')
line 22:   let i = index(plist, c)
line 23:   if i < 0
line 24:     " not found, in Insert mode try character before the cursor
line 25:     if c_col > 1 && (mode() == 'i' || mode() == 'R')
line 26:       let before = strlen(c_before)
line 27:       let c = c_before
line 28:       let i = index(plist, c)
line 29:     endif
line 30:     if i < 0
line 31:       " not found, nothing to do
line 32:       return
<SNR>24_Highlight_Matching_Pair returning #0

continuing in CursorMovedI Autocommands for "*"

Executing CursorMovedI Autocommands for "*"
autocommand <Lua 224: vim/_editor.lua:0>

Executing: 
Executing CursorMovedI Autocommands for "*"
autocommand call v:lua.require'lualine'.refresh({'kind': 'window', 'place': ['statusline'], 'trigger': 'autocmd'})

Executing: call v:lua.require'lualine'.refresh({'kind': 'window', 'place': ['statusline'], 'trigger': 'autocmd'})
Executing CursorMovedI Autocommands for "*"
autocommand <Lua 890: ~/.local/share/nvim/lazy/blink.cmp/lua/blink/cmp/lib/buffer_events.lua:88>

Executing: 
autocommand <Lua 905: ~/.local/share/nvim/lazy/blink.cmp/lua/blink/cmp/completion/windows/menu.lua:62>

Executing: 
Executing CursorMovedI Autocommands for "*"
autocommand <Lua 546: ~/.local/share/nvim/lazy/snacks.nvim/lua/snacks/scope.lua:678>

Executing: 
Executing CursorMovedI Autocommands for "*"
autocommand <Lua 865: ~/.local/share/nvim/lazy/snacks.nvim/lua/snacks/words.lua:42>

Executing: 
Executing TextChangedI Autocommands for "*"
autocommand call s:Highlight_Matching_Pair()

Executing: call s:Highlight_Matching_Pair()
calling <SNR>24_Highlight_Matching_Pair()

line 1:   if !exists("w:matchparen_ids")
line 2:     let w:matchparen_ids = []
line 3:   endif
line 4:   " Remove any previous match.
line 5:   call s:Remove_Matches()
calling <SNR>24_Remove_Matches()

line 1:   if exists('w:paren_hl_on') && w:paren_hl_on
line 2:     while !empty(w:matchparen_ids)
line 3:       silent! call remove(w:matchparen_ids, 0)->matchdelete()
line 4:     endwhile
line 5:     let w:paren_hl_on = 0
line 6:   endif
<SNR>24_Remove_Matches returning #0

continuing in <SNR>24_Highlight_Matching_Pair

line 6: 
line 7:   " Avoid that we remove the popup menu.
line 8:   " Return when there are no colors (looks like the cursor jumps).
line 9:   if pumvisible() || (&t_Co < 8 && !has("gui_running"))
line 10:     return
line 11:   endif
line 12: 
line 13:   " Get the character under the cursor and check if it's in 'matchpairs'.
line 14:   let c_lnum = line('.')
line 15:   let c_col = col('.')
line 16:   let before = 0
line 17: 
line 18:   let text = getline(c_lnum)
line 19:   let c_before = text->strpart(0, c_col - 1)->slice(-1)
line 20:   let c = text->strpart(c_col - 1)->slice(0, 1)
line 21:   let plist = split(&matchpairs, '.\zs[:,]')
line 22:   let i = index(plist, c)
line 23:   if i < 0
line 24:     " not found, in Insert mode try character before the cursor
line 25:     if c_col > 1 && (mode() == 'i' || mode() == 'R')
line 26:       let before = strlen(c_before)
line 27:       let c = c_before
line 28:       let i = index(plist, c)
line 29:     endif
line 30:     if i < 0
line 31:       " not found, nothing to do
line 32:       return
<SNR>24_Highlight_Matching_Pair returning #0

continuing in TextChangedI Autocommands for "*"

Executing TextChangedI Autocommands for "*"
autocommand <Lua 218: ~/.local/share/nvim/lazy/snacks.nvim/lua/snacks/scroll.lua:185>

Executing: 
Executing TextChangedI Autocommands for "*"
autocommand <Lua 348: ~/.local/share/nvim/lazy/trouble.nvim/lua/trouble/sources/lsp.lua:40>

Executing: 
Executing TextChangedI Autocommands for "*"
autocommand <Lua 935: ~/.local/share/nvim/lazy/blink.cmp/lua/blink/cmp/lib/buffer_events.lua:51>

Executing: 
Executing LspNotify Autocommands for "*"
autocommand <Lua 462: /opt/homebrew/Cellar/neovim/0.11.5_1/share/nvim/runtime/lua/vim/lsp/inlay_hint.lua:251>

Executing: 
Executing LspNotify Autocommands for "<buffer=7>"
autocommand <Lua 637: /opt/homebrew/Cellar/neovim/0.11.5_1/share/nvim/runtime/lua/vim/lsp/_folding_range.lua:299>

Executing: 
Executing LspNotify Autocommands for "*"
autocommand <Lua 462: /opt/homebrew/Cellar/neovim/0.11.5_1/share/nvim/runtime/lua/vim/lsp/inlay_hint.lua:251>

Executing: 
Executing LspNotify Autocommands for "<buffer=7>"
autocommand <Lua 637: /opt/homebrew/Cellar/neovim/0.11.5_1/share/nvim/runtime/lua/vim/lsp/_folding_range.lua:299>

Executing: 
Executing DiagnosticChanged Autocommands for "*"
autocommand <Lua 323: ~/.local/share/nvim/lazy/trouble.nvim/lua/trouble/sources/diagnostics.lua:70>

Executing: 
Executing InsertCharPre Autocommands for "*"
autocommand <Lua 892: ~/.local/share/nvim/lazy/blink.cmp/lua/blink/cmp/lib/buffer_events.lua:148>

Executing: 
Executing CursorMovedI Autocommands for "*"
autocommand call s:Highlight_Matching_Pair()

Executing: call s:Highlight_Matching_Pair()
calling <SNR>24_Highlight_Matching_Pair()

line 1:   if !exists("w:matchparen_ids")
line 2:     let w:matchparen_ids = []
line 3:   endif
line 4:   " Remove any previous match.
line 5:   call s:Remove_Matches()
calling <SNR>24_Remove_Matches()

line 1:   if exists('w:paren_hl_on') && w:paren_hl_on
line 2:     while !empty(w:matchparen_ids)
line 3:       silent! call remove(w:matchparen_ids, 0)->matchdelete()
line 4:     endwhile
line 5:     let w:paren_hl_on = 0
line 6:   endif
<SNR>24_Remove_Matches returning #0

continuing in <SNR>24_Highlight_Matching_Pair

line 6: 
line 7:   " Avoid that we remove the popup menu.
line 8:   " Return when there are no colors (looks like the cursor jumps).
line 9:   if pumvisible() || (&t_Co < 8 && !has("gui_running"))
line 10:     return
line 11:   endif
line 12: 
line 13:   " Get the character under the cursor and check if it's in 'matchpairs'.
line 14:   let c_lnum = line('.')
line 15:   let c_col = col('.')
line 16:   let before = 0
line 17: 
line 18:   let text = getline(c_lnum)
line 19:   let c_before = text->strpart(0, c_col - 1)->slice(-1)
line 20:   let c = text->strpart(c_col - 1)->slice(0, 1)
line 21:   let plist = split(&matchpairs, '.\zs[:,]')
line 22:   let i = index(plist, c)
line 23:   if i < 0
line 24:     " not found, in Insert mode try character before the cursor
line 25:     if c_col > 1 && (mode() == 'i' || mode() == 'R')
line 26:       let before = strlen(c_before)
line 27:       let c = c_before
line 28:       let i = index(plist, c)
line 29:     endif
line 30:     if i < 0
line 31:       " not found, nothing to do
line 32:       return
<SNR>24_Highlight_Matching_Pair returning #0

continuing in CursorMovedI Autocommands for "*"

Executing CursorMovedI Autocommands for "*"
autocommand <Lua 224: vim/_editor.lua:0>

Executing: 
Executing CursorMovedI Autocommands for "*"
autocommand call v:lua.require'lualine'.refresh({'kind': 'window', 'place': ['statusline'], 'trigger': 'autocmd'})

Executing: call v:lua.require'lualine'.refresh({'kind': 'window', 'place': ['statusline'], 'trigger': 'autocmd'})
Executing CursorMovedI Autocommands for "*"
autocommand <Lua 890: ~/.local/share/nvim/lazy/blink.cmp/lua/blink/cmp/lib/buffer_events.lua:88>

Executing: 
autocommand <Lua 905: ~/.local/share/nvim/lazy/blink.cmp/lua/blink/cmp/completion/windows/menu.lua:62>

Executing: 
Executing CursorMovedI Autocommands for "*"
autocommand <Lua 546: ~/.local/share/nvim/lazy/snacks.nvim/lua/snacks/scope.lua:678>

Executing: 
Executing CursorMovedI Autocommands for "*"
autocommand <Lua 865: ~/.local/share/nvim/lazy/snacks.nvim/lua/snacks/words.lua:42>

Executing: 
Executing TextChangedI Autocommands for "*"
autocommand call s:Highlight_Matching_Pair()

Executing: call s:Highlight_Matching_Pair()
calling <SNR>24_Highlight_Matching_Pair()

line 1:   if !exists("w:matchparen_ids")
line 2:     let w:matchparen_ids = []
line 3:   endif
line 4:   " Remove any previous match.
line 5:   call s:Remove_Matches()
calling <SNR>24_Remove_Matches()

line 1:   if exists('w:paren_hl_on') && w:paren_hl_on
line 2:     while !empty(w:matchparen_ids)
line 3:       silent! call remove(w:matchparen_ids, 0)->matchdelete()
line 4:     endwhile
line 5:     let w:paren_hl_on = 0
line 6:   endif
<SNR>24_Remove_Matches returning #0

continuing in <SNR>24_Highlight_Matching_Pair

line 6: 
line 7:   " Avoid that we remove the popup menu.
line 8:   " Return when there are no colors (looks like the cursor jumps).
line 9:   if pumvisible() || (&t_Co < 8 && !has("gui_running"))
line 10:     return
line 11:   endif
line 12: 
line 13:   " Get the character under the cursor and check if it's in 'matchpairs'.
line 14:   let c_lnum = line('.')
line 15:   let c_col = col('.')
line 16:   let before = 0
line 17: 
line 18:   let text = getline(c_lnum)
line 19:   let c_before = text->strpart(0, c_col - 1)->slice(-1)
line 20:   let c = text->strpart(c_col - 1)->slice(0, 1)
line 21:   let plist = split(&matchpairs, '.\zs[:,]')
line 22:   let i = index(plist, c)
line 23:   if i < 0
line 24:     " not found, in Insert mode try character before the cursor
line 25:     if c_col > 1 && (mode() == 'i' || mode() == 'R')
line 26:       let before = strlen(c_before)
line 27:       let c = c_before
line 28:       let i = index(plist, c)
line 29:     endif
line 30:     if i < 0
line 31:       " not found, nothing to do
line 32:       return
<SNR>24_Highlight_Matching_Pair returning #0

continuing in TextChangedI Autocommands for "*"

Executing TextChangedI Autocommands for "*"
autocommand <Lua 218: ~/.local/share/nvim/lazy/snacks.nvim/lua/snacks/scroll.lua:185>

Executing: 
Executing TextChangedI Autocommands for "*"
autocommand <Lua 348: ~/.local/share/nvim/lazy/trouble.nvim/lua/trouble/sources/lsp.lua:40>

Executing: 
Executing TextChangedI Autocommands for "*"
autocommand <Lua 935: ~/.local/share/nvim/lazy/blink.cmp/lua/blink/cmp/lib/buffer_events.lua:51>

Executing: 
Executing LspNotify Autocommands for "*"
autocommand <Lua 462: /opt/homebrew/Cellar/neovim/0.11.5_1/share/nvim/runtime/lua/vim/lsp/inlay_hint.lua:251>

Executing: 
Executing LspNotify Autocommands for "<buffer=7>"
autocommand <Lua 637: /opt/homebrew/Cellar/neovim/0.11.5_1/share/nvim/runtime/lua/vim/lsp/_folding_range.lua:299>

Executing: 
Executing BufNew Autocommands for "*"
autocommand <Lua 508: ~/.local/share/nvim/lazy/which-key.nvim/lua/which-key/state.lua:135>

Executing: 
Executing WinNew Autocommands for "*"
autocommand <Lua 577: ~/.local/share/nvim/lazy/todo-comments.nvim/lua/todo-comments/highlight.lua:415>

Executing: 
Executing BufWinEnter Autocommands for "*"
autocommand autocmd SafeState * ++once call s:Highlight_Matching_Pair()

Executing: autocmd SafeState * ++once call s:Highlight_Matching_Pair()
Executing BufWinEnter Autocommands for "*"
autocommand <Lua 80: vim/_editor.lua:0>

Executing: 
Executing BufWinEnter Autocommands for "*"
autocommand <Lua 650: ~/.local/share/nvim/lazy/snacks.nvim/lua/snacks/picker/core/preview.lua:36>

Executing: 
Executing BufWinEnter Autocommands for "*"
autocommand <Lua 178: ~/.local/share/nvim/lazy/todo-comments.nvim/lua/todo-comments/highlight.lua:415>

Executing: 
Executing: unlet! b:keymap_name
Executing FileType Autocommands for "*"
autocommand call s:LoadFTPlugin()

Executing: call s:LoadFTPlugin()
calling <SNR>2_LoadFTPlugin()

line 1:     if exists("b:undo_ftplugin")
line 2:       exe b:undo_ftplugin
line 3:       unlet! b:undo_ftplugin b:did_ftplugin
line 4:     endif
line 5: 
line 6:     let s = expand("<amatch>")
line 7:     if s != ""
line 8:       if &cpo =~# "S" && exists("b:did_ftplugin")
line 9: ^I" In compatible mode options are reset to the global values, need to
line 10: ^I" set the local values also when a plugin was already used.
line 11: ^Iunlet b:did_ftplugin
line 12:       endif
line 13: 
line 14:       " When there is a dot it is used to separate filetype names.  Thus for
line 15:       " "aaa.bbb" load "aaa" and then "bbb".
line 16:       for name in split(s, '\.')
line 17:         " Load Lua ftplugins after Vim ftplugins _per directory_
line 18:         " TODO(clason): use nvim__get_runtime when supports globs and modeline
line 19:         " XXX: "[.]" in the first pattern makes it a wildcard on Windows
line 20:         exe $'runtime! ftplugin/{name}[.]{{vim,lua}} ftplugin/{name}_*.{{vim,lua}} ftplugin/{name}/*.{{vim,lua}}'
line 20: runtime! ftplugin/blink-cmp-menu[.]{vim,lua} ftplugin/blink-cmp-menu_*.{vim,lua} ftplugin/blink-cmp-menu/*.{vim,lua}
Searching for "ftplugin/blink-cmp-menu[.]{vim,lua} ftplugin/blink-cmp-menu_*.{vim,lua} ftplugin/blink-cmp-menu/*.{vim,lua}" in runtime path
Searching for "/Users/hvidsten/.config/nvim/ftplugin/blink-cmp-menu[.]{vim,lua}"
Searching for "/Users/hvidsten/.config/nvim/ftplugin/blink-cmp-menu_*.{vim,lua}"
Searching for "/Users/hvidsten/.config/nvim/ftplugin/blink-cmp-menu/*.{vim,lua}"
Searching for "/Users/hvidsten/.local/share/nvim/site/ftplugin/blink-cmp-menu[.]{vim,lua}"
Searching for "/Users/hvidsten/.local/share/nvim/site/ftplugin/blink-cmp-menu_*.{vim,lua}"
Searching for "/Users/hvidsten/.local/share/nvim/site/ftplugin/blink-cmp-menu/*.{vim,lua}"
Searching for "/Users/hvidsten/.local/share/nvim/lazy/lazy.nvim/ftplugin/blink-cmp-menu[.]{vim,lua}"
Searching for "/Users/hvidsten/.local/share/nvim/lazy/lazy.nvim/ftplugin/blink-cmp-menu_*.{vim,lua}"
Searching for "/Users/hvidsten/.local/share/nvim/lazy/lazy.nvim/ftplugin/blink-cmp-menu/*.{vim,lua}"
Searching for "/Users/hvidsten/.local/share/nvim/lazy/gitsigns.nvim/ftplugin/blink-cmp-menu[.]{vim,lua}"
Searching for "/Users/hvidsten/.local/share/nvim/lazy/gitsigns.nvim/ftplugin/blink-cmp-menu_*.{vim,lua}"
Searching for "/Users/hvidsten/.local/share/nvim/lazy/gitsigns.nvim/ftplugin/blink-cmp-menu/*.{vim,lua}"
Searching for "/Users/hvidsten/.local/share/nvim/lazy/todo-comments.nvim/ftplugin/blink-cmp-menu[.]{vim,lua}"
Searching for "/Users/hvidsten/.local/share/nvim/lazy/todo-comments.nvim/ftplugin/blink-cmp-menu_*.{vim,lua}"
Searching for "/Users/hvidsten/.local/share/nvim/lazy/todo-comments.nvim/ftplugin/blink-cmp-menu/*.{vim,lua}"
Searching for "/Users/hvidsten/.local/share/nvim/lazy/nvim-lint/ftplugin/blink-cmp-menu[.]{vim,lua}"
Searching for "/Users/hvidsten/.local/share/nvim/lazy/nvim-lint/ftplugin/blink-cmp-menu_*.{vim,lua}"
Searching for "/Users/hvidsten/.local/share/nvim/lazy/nvim-lint/ftplugin/blink-cmp-menu/*.{vim,lua}"
Searching for "/Users/hvidsten/.local/share/nvim/lazy/nvim-ts-autotag/ftplugin/blink-cmp-menu[.]{vim,lua}"
Searching for "/Users/hvidsten/.local/share/nvim/lazy/nvim-ts-autotag/ftplugin/blink-cmp-menu_*.{vim,lua}"
Searching for "/Users/hvidsten/.local/share/nvim/lazy/nvim-ts-autotag/ftplugin/blink-cmp-menu/*.{vim,lua}"
Searching for "/Users/hvidsten/.local/share/nvim/lazy/persistence.nvim/ftplugin/blink-cmp-menu[.]{vim,lua}"
Searching for "/Users/hvidsten/.local/share/nvim/lazy/persistence.nvim/ftplugin/blink-cmp-menu_*.{vim,lua}"
Searching for "/Users/hvidsten/.local/share/nvim/lazy/persistence.nvim/ftplugin/blink-cmp-menu/*.{vim,lua}"
Searching for "/Users/hvidsten/.local/share/nvim/lazy/mason-lspconfig.nvim/ftplugin/blink-cmp-menu[.]{vim,lua}"
Searching for "/Users/hvidsten/.local/share/nvim/lazy/mason-lspconfig.nvim/ftplugin/blink-cmp-menu_*.{vim,lua}"
Searching for "/Users/hvidsten/.local/share/nvim/lazy/mason-lspconfig.nvim/ftplugin/blink-cmp-menu/*.{vim,lua}"
Searching for "/Users/hvidsten/.local/share/nvim/lazy/mason.nvim/ftplugin/blink-cmp-menu[.]{vim,lua}"
Searching for "/Users/hvidsten/.local/share/nvim/lazy/mason.nvim/ftplugin/blink-cmp-menu_*.{vim,lua}"
Searching for "/Users/hvidsten/.local/share/nvim/lazy/mason.nvim/ftplugin/blink-cmp-menu/*.{vim,lua}"
Searching for "/Users/hvidsten/.local/share/nvim/lazy/nvim-lspconfig/ftplugin/blink-cmp-menu[.]{vim,lua}"
Searching for "/Users/hvidsten/.local/share/nvim/lazy/nvim-lspconfig/ftplugin/blink-cmp-menu_*.{vim,lua}"
Searching for "/Users/hvidsten/.local/share/nvim/lazy/nvim-lspconfig/ftplugin/blink-cmp-menu/*.{vim,lua}"
Searching for "/Users/hvidsten/.local/share/nvim/lazy/friendly-snippets/ftplugin/blink-cmp-menu[.]{vim,lua}"
Searching for "/Users/hvidsten/.local/share/nvim/lazy/friendly-snippets/ftplugin/blink-cmp-menu_*.{vim,lua}"
Searching for "/Users/hvidsten/.local/share/nvim/lazy/friendly-snippets/ftplugin/blink-cmp-menu/*.{vim,lua}"
Searching for "/Users/hvidsten/.local/share/nvim/lazy/blink.cmp/ftplugin/blink-cmp-menu[.]{vim,lua}"
Searching for "/Users/hvidsten/.local/share/nvim/lazy/blink.cmp/ftplugin/blink-cmp-menu_*.{vim,lua}"
Searching for "/Users/hvidsten/.local/share/nvim/lazy/blink.cmp/ftplugin/blink-cmp-menu/*.{vim,lua}"
Searching for "/Users/hvidsten/.local/share/nvim/lazy/mini.icons/ftplugin/blink-cmp-menu[.]{vim,lua}"
Searching for "/Users/hvidsten/.local/share/nvim/lazy/mini.icons/ftplugin/blink-cmp-menu_*.{vim,lua}"
Searching for "/Users/hvidsten/.local/share/nvim/lazy/mini.icons/ftplugin/blink-cmp-menu/*.{vim,lua}"
Searching for "/Users/hvidsten/.local/share/nvim/lazy/trouble.nvim/ftplugin/blink-cmp-menu[.]{vim,lua}"
Searching for "/Users/hvidsten/.local/share/nvim/lazy/trouble.nvim/ftplugin/blink-cmp-menu_*.{vim,lua}"
Searching for "/Users/hvidsten/.local/share/nvim/lazy/trouble.nvim/ftplugin/blink-cmp-menu/*.{vim,lua}"
Searching for "/Users/hvidsten/.local/share/nvim/lazy/lualine.nvim/ftplugin/blink-cmp-menu[.]{vim,lua}"
Searching for "/Users/hvidsten/.local/share/nvim/lazy/lualine.nvim/ftplugin/blink-cmp-menu_*.{vim,lua}"
Searching for "/Users/hvidsten/.local/share/nvim/lazy/lualine.nvim/ftplugin/blink-cmp-menu/*.{vim,lua}"
Searching for "/Users/hvidsten/.local/share/nvim/lazy/flash.nvim/ftplugin/blink-cmp-menu[.]{vim,lua}"
Searching for "/Users/hvidsten/.local/share/nvim/lazy/flash.nvim/ftplugin/blink-cmp-menu_*.{vim,lua}"
Searching for "/Users/hvidsten/.local/share/nvim/lazy/flash.nvim/ftplugin/blink-cmp-menu/*.{vim,lua}"
Searching for "/Users/hvidsten/.local/share/nvim/lazy/nvim-treesitter/ftplugin/blink-cmp-menu[.]{vim,lua}"
Searching for "/Users/hvidsten/.local/share/nvim/lazy/nvim-treesitter/ftplugin/blink-cmp-menu_*.{vim,lua}"
Searching for "/Users/hvidsten/.local/share/nvim/lazy/nvim-treesitter/ftplugin/blink-cmp-menu/*.{vim,lua}"
Searching for "/Users/hvidsten/.local/share/nvim/lazy/nvim-treesitter-textobjects/ftplugin/blink-cmp-menu[.]{vim,lua}"
Searching for "/Users/hvidsten/.local/share/nvim/lazy/nvim-treesitter-textobjects/ftplugin/blink-cmp-menu_*.{vim,lua}"
Searching for "/Users/hvidsten/.local/share/nvim/lazy/nvim-treesitter-textobjects/ftplugin/blink-cmp-menu/*.{vim,lua}"
Searching for "/Users/hvidsten/.local/share/nvim/lazy/mini.ai/ftplugin/blink-cmp-menu[.]{vim,lua}"
Searching for "/Users/hvidsten/.local/share/nvim/lazy/mini.ai/ftplugin/blink-cmp-menu_*.{vim,lua}"
Searching for "/Users/hvidsten/.local/share/nvim/lazy/mini.ai/ftplugin/blink-cmp-menu/*.{vim,lua}"
Searching for "/Users/hvidsten/.local/share/nvim/lazy/ts-comments.nvim/ftplugin/blink-cmp-menu[.]{vim,lua}"
Searching for "/Users/hvidsten/.local/share/nvim/lazy/ts-comments.nvim/ftplugin/blink-cmp-menu_*.{vim,lua}"
Searching for "/Users/hvidsten/.local/share/nvim/lazy/ts-comments.nvim/ftplugin/blink-cmp-menu/*.{vim,lua}"
Searching for "/Users/hvidsten/.local/share/nvim/lazy/mini.pairs/ftplugin/blink-cmp-menu[.]{vim,lua}"
Searching for "/Users/hvidsten/.local/share/nvim/lazy/mini.pairs/ftplugin/blink-cmp-menu_*.{vim,lua}"
Searching for "/Users/hvidsten/.local/share/nvim/lazy/mini.pairs/ftplugin/blink-cmp-menu/*.{vim,lua}"
Searching for "/Users/hvidsten/.local/share/nvim/lazy/bufferline.nvim/ftplugin/blink-cmp-menu[.]{vim,lua}"
Searching for "/Users/hvidsten/.local/share/nvim/lazy/bufferline.nvim/ftplugin/blink-cmp-menu_*.{vim,lua}"
Searching for "/Users/hvidsten/.local/share/nvim/lazy/bufferline.nvim/ftplugin/blink-cmp-menu/*.{vim,lua}"
Searching for "/Users/hvidsten/.local/share/nvim/lazy/which-key.nvim/ftplugin/blink-cmp-menu[.]{vim,lua}"
Searching for "/Users/hvidsten/.local/share/nvim/lazy/which-key.nvim/ftplugin/blink-cmp-menu_*.{vim,lua}"
Searching for "/Users/hvidsten/.local/share/nvim/lazy/which-key.nvim/ftplugin/blink-cmp-menu/*.{vim,lua}"
Searching for "/Users/hvidsten/.local/share/nvim/lazy/snacks.nvim/ftplugin/blink-cmp-menu[.]{vim,lua}"
Searching for "/Users/hvidsten/.local/share/nvim/lazy/snacks.nvim/ftplugin/blink-cmp-menu_*.{vim,lua}"
Searching for "/Users/hvidsten/.local/share/nvim/lazy/snacks.nvim/ftplugin/blink-cmp-menu/*.{vim,lua}"
Searching for "/Users/hvidsten/.local/share/nvim/lazy/tokyonight.nvim/ftplugin/blink-cmp-menu[.]{vim,lua}"
Searching for "/Users/hvidsten/.local/share/nvim/lazy/tokyonight.nvim/ftplugin/blink-cmp-menu_*.{vim,lua}"
Searching for "/Users/hvidsten/.local/share/nvim/lazy/tokyonight.nvim/ftplugin/blink-cmp-menu/*.{vim,lua}"
Searching for "/Users/hvidsten/.local/share/nvim/lazy/LazyVim/ftplugin/blink-cmp-menu[.]{vim,lua}"
Searching for "/Users/hvidsten/.local/share/nvim/lazy/LazyVim/ftplugin/blink-cmp-menu_*.{vim,lua}"
Searching for "/Users/hvidsten/.local/share/nvim/lazy/LazyVim/ftplugin/blink-cmp-menu/*.{vim,lua}"
Searching for "/opt/homebrew/Cellar/neovim/0.11.5_1/share/nvim/runtime/ftplugin/blink-cmp-menu[.]{vim,lua}"
Searching for "/opt/homebrew/Cellar/neovim/0.11.5_1/share/nvim/runtime/ftplugin/blink-cmp-menu_*.{vim,lua}"
Searching for "/opt/homebrew/Cellar/neovim/0.11.5_1/share/nvim/runtime/ftplugin/blink-cmp-menu/*.{vim,lua}"
Searching for "/opt/homebrew/Cellar/neovim/0.11.5_1/share/nvim/runtime/pack/dist/opt/netrw/ftplugin/blink-cmp-menu[.]{vim,lua}"
Searching for "/opt/homebrew/Cellar/neovim/0.11.5_1/share/nvim/runtime/pack/dist/opt/netrw/ftplugin/blink-cmp-menu_*.{vim,lua}"
Searching for "/opt/homebrew/Cellar/neovim/0.11.5_1/share/nvim/runtime/pack/dist/opt/netrw/ftplugin/blink-cmp-menu/*.{vim,lua}"
Searching for "/opt/homebrew/Cellar/neovim/0.11.5_1/share/nvim/runtime/pack/dist/opt/matchit/ftplugin/blink-cmp-menu[.]{vim,lua}"
Searching for "/opt/homebrew/Cellar/neovim/0.11.5_1/share/nvim/runtime/pack/dist/opt/matchit/ftplugin/blink-cmp-menu_*.{vim,lua}"
Searching for "/opt/homebrew/Cellar/neovim/0.11.5_1/share/nvim/runtime/pack/dist/opt/matchit/ftplugin/blink-cmp-menu/*.{vim,lua}"
Searching for "/opt/homebrew/Cellar/neovim/0.11.5_1/lib/nvim/ftplugin/blink-cmp-menu[.]{vim,lua}"
Searching for "/opt/homebrew/Cellar/neovim/0.11.5_1/lib/nvim/ftplugin/blink-cmp-menu_*.{vim,lua}"
Searching for "/opt/homebrew/Cellar/neovim/0.11.5_1/lib/nvim/ftplugin/blink-cmp-menu/*.{vim,lua}"
Searching for "/Users/hvidsten/.local/state/nvim/lazy/readme/ftplugin/blink-cmp-menu[.]{vim,lua}"
Searching for "/Users/hvidsten/.local/state/nvim/lazy/readme/ftplugin/blink-cmp-menu_*.{vim,lua}"
Searching for "/Users/hvidsten/.local/state/nvim/lazy/readme/ftplugin/blink-cmp-menu/*.{vim,lua}"
Searching for "/Users/hvidsten/.local/share/nvim/lazy/mason-lspconfig.nvim/after/ftplugin/blink-cmp-menu[.]{vim,lua}"
Searching for "/Users/hvidsten/.local/share/nvim/lazy/mason-lspconfig.nvim/after/ftplugin/blink-cmp-menu_*.{vim,lua}"
Searching for "/Users/hvidsten/.local/share/nvim/lazy/mason-lspconfig.nvim/after/ftplugin/blink-cmp-menu/*.{vim,lua}"
not found in runtime path: "ftplugin/blink-cmp-menu[.]{vim,lua} ftplugin/blink-cmp-menu_*.{vim,lua} ftplugin/blink-cmp-menu/*.{vim,lua}"
line 21:       endfor
line 16:       for name in split(s, '\.')
line 17:         " Load Lua ftplugins after Vim ftplugins _per directory_
line 18:         " TODO(clason): use nvim__get_runtime when supports globs and modeline
line 19:         " XXX: "[.]" in the first pattern makes it a wildcard on Windows
line 20:         exe $'runtime! ftplugin/{name}[.]{{vim,lua}} ftplugin/{name}_*.{{vim,lua}} ftplugin/{name}/*.{{vim,lua}}'
line 21:       endfor
line 22:     endif
<SNR>2_LoadFTPlugin returning #0

continuing in FileType Autocommands for "*"

Executing FileType Autocommands for "*"
autocommand call s:LoadIndent()

Executing: call s:LoadIndent()
calling <SNR>3_LoadIndent()

line 1:     if exists("b:undo_indent")
line 2:       exe b:undo_indent
line 3:       unlet! b:undo_indent b:did_indent
line 4:     endif
line 5:     let s = expand("<amatch>")
line 6:     if s != ""
line 7:       if exists("b:did_indent")
line 8: ^Iunlet b:did_indent
line 9:       endif
line 10: 
line 11:       " When there is a dot it is used to separate filetype names.  Thus for
line 12:       " "aaa.bbb" load "indent/aaa.vim" and then "indent/bbb.vim".
line 13:       for name in split(s, '\.')
line 14:         " XXX: "[.]" in the pattern makes it a wildcard on Windows
line 15:         exe $'runtime! indent/{name}[.]{{vim,lua}}'
line 15: runtime! indent/blink-cmp-menu[.]{vim,lua}
Searching for "indent/blink-cmp-menu[.]{vim,lua}" in runtime path
Searching for "/Users/hvidsten/.config/nvim/indent/blink-cmp-menu[.]{vim,lua}"
Searching for "/Users/hvidsten/.local/share/nvim/site/indent/blink-cmp-menu[.]{vim,lua}"
Searching for "/Users/hvidsten/.local/share/nvim/lazy/lazy.nvim/indent/blink-cmp-menu[.]{vim,lua}"
Searching for "/Users/hvidsten/.local/share/nvim/lazy/gitsigns.nvim/indent/blink-cmp-menu[.]{vim,lua}"
Searching for "/Users/hvidsten/.local/share/nvim/lazy/todo-comments.nvim/indent/blink-cmp-menu[.]{vim,lua}"
Searching for "/Users/hvidsten/.local/share/nvim/lazy/nvim-lint/indent/blink-cmp-menu[.]{vim,lua}"
Searching for "/Users/hvidsten/.local/share/nvim/lazy/nvim-ts-autotag/indent/blink-cmp-menu[.]{vim,lua}"
Searching for "/Users/hvidsten/.local/share/nvim/lazy/persistence.nvim/indent/blink-cmp-menu[.]{vim,lua}"
Searching for "/Users/hvidsten/.local/share/nvim/lazy/mason-lspconfig.nvim/indent/blink-cmp-menu[.]{vim,lua}"
Searching for "/Users/hvidsten/.local/share/nvim/lazy/mason.nvim/indent/blink-cmp-menu[.]{vim,lua}"
Searching for "/Users/hvidsten/.local/share/nvim/lazy/nvim-lspconfig/indent/blink-cmp-menu[.]{vim,lua}"
Searching for "/Users/hvidsten/.local/share/nvim/lazy/friendly-snippets/indent/blink-cmp-menu[.]{vim,lua}"
Searching for "/Users/hvidsten/.local/share/nvim/lazy/blink.cmp/indent/blink-cmp-menu[.]{vim,lua}"
Searching for "/Users/hvidsten/.local/share/nvim/lazy/mini.icons/indent/blink-cmp-menu[.]{vim,lua}"
Searching for "/Users/hvidsten/.local/share/nvim/lazy/trouble.nvim/indent/blink-cmp-menu[.]{vim,lua}"
Searching for "/Users/hvidsten/.local/share/nvim/lazy/lualine.nvim/indent/blink-cmp-menu[.]{vim,lua}"
Searching for "/Users/hvidsten/.local/share/nvim/lazy/flash.nvim/indent/blink-cmp-menu[.]{vim,lua}"
Searching for "/Users/hvidsten/.local/share/nvim/lazy/nvim-treesitter/indent/blink-cmp-menu[.]{vim,lua}"
Searching for "/Users/hvidsten/.local/share/nvim/lazy/nvim-treesitter-textobjects/indent/blink-cmp-menu[.]{vim,lua}"
Searching for "/Users/hvidsten/.local/share/nvim/lazy/mini.ai/indent/blink-cmp-menu[.]{vim,lua}"
Searching for "/Users/hvidsten/.local/share/nvim/lazy/ts-comments.nvim/indent/blink-cmp-menu[.]{vim,lua}"
Searching for "/Users/hvidsten/.local/share/nvim/lazy/mini.pairs/indent/blink-cmp-menu[.]{vim,lua}"
Searching for "/Users/hvidsten/.local/share/nvim/lazy/bufferline.nvim/indent/blink-cmp-menu[.]{vim,lua}"
Searching for "/Users/hvidsten/.local/share/nvim/lazy/which-key.nvim/indent/blink-cmp-menu[.]{vim,lua}"
Searching for "/Users/hvidsten/.local/share/nvim/lazy/snacks.nvim/indent/blink-cmp-menu[.]{vim,lua}"
Searching for "/Users/hvidsten/.local/share/nvim/lazy/tokyonight.nvim/indent/blink-cmp-menu[.]{vim,lua}"
Searching for "/Users/hvidsten/.local/share/nvim/lazy/LazyVim/indent/blink-cmp-menu[.]{vim,lua}"
Searching for "/opt/homebrew/Cellar/neovim/0.11.5_1/share/nvim/runtime/indent/blink-cmp-menu[.]{vim,lua}"
Searching for "/opt/homebrew/Cellar/neovim/0.11.5_1/share/nvim/runtime/pack/dist/opt/netrw/indent/blink-cmp-menu[.]{vim,lua}"
Searching for "/opt/homebrew/Cellar/neovim/0.11.5_1/share/nvim/runtime/pack/dist/opt/matchit/indent/blink-cmp-menu[.]{vim,lua}"
Searching for "/opt/homebrew/Cellar/neovim/0.11.5_1/lib/nvim/indent/blink-cmp-menu[.]{vim,lua}"
Searching for "/Users/hvidsten/.local/state/nvim/lazy/readme/indent/blink-cmp-menu[.]{vim,lua}"
Searching for "/Users/hvidsten/.local/share/nvim/lazy/mason-lspconfig.nvim/after/indent/blink-cmp-menu[.]{vim,lua}"
not found in runtime path: "indent/blink-cmp-menu[.]{vim,lua}"
line 16:       endfor
line 13:       for name in split(s, '\.')
line 14:         " XXX: "[.]" in the pattern makes it a wildcard on Windows
line 15:         exe $'runtime! indent/{name}[.]{{vim,lua}}'
line 16:       endfor
line 17:     endif
<SNR>3_LoadIndent returning #0

continuing in FileType Autocommands for "*"

Executing FileType Autocommands for "*"
autocommand if !exists('b:ts_highlight') | 0verbose exe "set syntax=" . expand("<amatch>") | endif

Executing: if !exists('b:ts_highlight') | 0verbose exe "set syntax=" . expand("<amatch>") | endif
Executing:  0verbose exe "set syntax=" . expand("<amatch>") | endif
Executing:  endif
Executing FileType Autocommands for "*"
autocommand <Lua 313: ~/.local/share/nvim/lazy/snacks.nvim/lua/snacks/keymap.lua:110>

Executing: 
Executing FileType Autocommands for "*"
autocommand <Lua 352: ~/.local/share/nvim/lazy/LazyVim/lua/lazyvim/plugins/treesitter.lua:200>

Executing: 
Executing FileType Autocommands for "*"
autocommand <Lua 361: ~/.local/share/nvim/lazy/LazyVim/lua/lazyvim/plugins/treesitter.lua:103>

Executing: 
Executing FileType Autocommands for "*"
autocommand call v:lua.require'lualine'.refresh({'kind': 'window', 'place': ['statusline'], 'trigger': 'autocmd'})

Executing: call v:lua.require'lualine'.refresh({'kind': 'window', 'place': ['statusline'], 'trigger': 'autocmd'})
Executing FileType Autocommands for "*"
autocommand <Lua 761: /opt/homebrew/Cellar/neovim/0.11.5_1/share/nvim/runtime/lua/vim/lsp.lua:627>

Executing: 
Executing FileType Autocommands for "*"
autocommand <Lua 958: ~/.local/share/nvim/lazy/nvim-ts-autotag/lua/nvim-ts-autotag/config/plugin.lua:220>

Executing: 
Executing BufNew Autocommands for "*"
autocommand <Lua 508: ~/.local/share/nvim/lazy/which-key.nvim/lua/which-key/state.lua:135>

Executing: 
Executing: unlet! b:keymap_name
Executing DiagnosticChanged Autocommands for "*"
autocommand <Lua 323: ~/.local/share/nvim/lazy/trouble.nvim/lua/trouble/sources/diagnostics.lua:70>

Executing: 
Executing SafeState Autocommands for "*"
autocommand call s:Highlight_Matching_Pair()

Executing: call s:Highlight_Matching_Pair()
calling <SNR>24_Highlight_Matching_Pair()

line 1:   if !exists("w:matchparen_ids")
line 2:     let w:matchparen_ids = []
line 3:   endif
line 4:   " Remove any previous match.
line 5:   call s:Remove_Matches()
calling <SNR>24_Remove_Matches()

line 1:   if exists('w:paren_hl_on') && w:paren_hl_on
line 2:     while !empty(w:matchparen_ids)
line 3:       silent! call remove(w:matchparen_ids, 0)->matchdelete()
line 4:     endwhile
line 5:     let w:paren_hl_on = 0
line 6:   endif
<SNR>24_Remove_Matches returning #0

continuing in <SNR>24_Highlight_Matching_Pair

line 6: 
line 7:   " Avoid that we remove the popup menu.
line 8:   " Return when there are no colors (looks like the cursor jumps).
line 9:   if pumvisible() || (&t_Co < 8 && !has("gui_running"))
line 10:     return
line 11:   endif
line 12: 
line 13:   " Get the character under the cursor and check if it's in 'matchpairs'.
line 14:   let c_lnum = line('.')
line 15:   let c_col = col('.')
line 16:   let before = 0
line 17: 
line 18:   let text = getline(c_lnum)
line 19:   let c_before = text->strpart(0, c_col - 1)->slice(-1)
line 20:   let c = text->strpart(c_col - 1)->slice(0, 1)
line 21:   let plist = split(&matchpairs, '.\zs[:,]')
line 22:   let i = index(plist, c)
line 23:   if i < 0
line 24:     " not found, in Insert mode try character before the cursor
line 25:     if c_col > 1 && (mode() == 'i' || mode() == 'R')
line 26:       let before = strlen(c_before)
line 27:       let c = c_before
line 28:       let i = index(plist, c)
line 29:     endif
line 30:     if i < 0
line 31:       " not found, nothing to do
line 32:       return
<SNR>24_Highlight_Matching_Pair returning #0

continuing in SafeState Autocommands for "*"

Executing InsertCharPre Autocommands for "*"
autocommand <Lua 892: ~/.local/share/nvim/lazy/blink.cmp/lua/blink/cmp/lib/buffer_events.lua:148>

Executing: 
Executing CursorMovedI Autocommands for "*"
autocommand call s:Highlight_Matching_Pair()

Executing: call s:Highlight_Matching_Pair()
calling <SNR>24_Highlight_Matching_Pair()

line 1:   if !exists("w:matchparen_ids")
line 2:     let w:matchparen_ids = []
line 3:   endif
line 4:   " Remove any previous match.
line 5:   call s:Remove_Matches()
calling <SNR>24_Remove_Matches()

line 1:   if exists('w:paren_hl_on') && w:paren_hl_on
line 2:     while !empty(w:matchparen_ids)
line 3:       silent! call remove(w:matchparen_ids, 0)->matchdelete()
line 4:     endwhile
line 5:     let w:paren_hl_on = 0
line 6:   endif
<SNR>24_Remove_Matches returning #0

continuing in <SNR>24_Highlight_Matching_Pair

line 6: 
line 7:   " Avoid that we remove the popup menu.
line 8:   " Return when there are no colors (looks like the cursor jumps).
line 9:   if pumvisible() || (&t_Co < 8 && !has("gui_running"))
line 10:     return
line 11:   endif
line 12: 
line 13:   " Get the character under the cursor and check if it's in 'matchpairs'.
line 14:   let c_lnum = line('.')
line 15:   let c_col = col('.')
line 16:   let before = 0
line 17: 
line 18:   let text = getline(c_lnum)
line 19:   let c_before = text->strpart(0, c_col - 1)->slice(-1)
line 20:   let c = text->strpart(c_col - 1)->slice(0, 1)
line 21:   let plist = split(&matchpairs, '.\zs[:,]')
line 22:   let i = index(plist, c)
line 23:   if i < 0
line 24:     " not found, in Insert mode try character before the cursor
line 25:     if c_col > 1 && (mode() == 'i' || mode() == 'R')
line 26:       let before = strlen(c_before)
line 27:       let c = c_before
line 28:       let i = index(plist, c)
line 29:     endif
line 30:     if i < 0
line 31:       " not found, nothing to do
line 32:       return
<SNR>24_Highlight_Matching_Pair returning #0

continuing in CursorMovedI Autocommands for "*"

Executing CursorMovedI Autocommands for "*"
autocommand <Lua 224: vim/_editor.lua:0>

Executing: 
Executing CursorMovedI Autocommands for "*"
autocommand call v:lua.require'lualine'.refresh({'kind': 'window', 'place': ['statusline'], 'trigger': 'autocmd'})

Executing: call v:lua.require'lualine'.refresh({'kind': 'window', 'place': ['statusline'], 'trigger': 'autocmd'})
Executing CursorMovedI Autocommands for "*"
autocommand <Lua 890: ~/.local/share/nvim/lazy/blink.cmp/lua/blink/cmp/lib/buffer_events.lua:88>

Executing: 
autocommand <Lua 905: ~/.local/share/nvim/lazy/blink.cmp/lua/blink/cmp/completion/windows/menu.lua:62>

Executing: 
Executing CursorMovedI Autocommands for "*"
autocommand <Lua 546: ~/.local/share/nvim/lazy/snacks.nvim/lua/snacks/scope.lua:678>

Executing: 
Executing CursorMovedI Autocommands for "*"
autocommand <Lua 865: ~/.local/share/nvim/lazy/snacks.nvim/lua/snacks/words.lua:42>

Executing: 
Executing CursorMovedI Autocommands for "*"
autocommand <Lua 652: ~/.local/share/nvim/lazy/blink.cmp/lua/blink/cmp/completion/windows/ghost_text/init.lua:22>

Executing: 
Executing TextChangedI Autocommands for "*"
autocommand call s:Highlight_Matching_Pair()

Executing: call s:Highlight_Matching_Pair()
calling <SNR>24_Highlight_Matching_Pair()

line 1:   if !exists("w:matchparen_ids")
line 2:     let w:matchparen_ids = []
line 3:   endif
line 4:   " Remove any previous match.
line 5:   call s:Remove_Matches()
calling <SNR>24_Remove_Matches()

line 1:   if exists('w:paren_hl_on') && w:paren_hl_on
line 2:     while !empty(w:matchparen_ids)
line 3:       silent! call remove(w:matchparen_ids, 0)->matchdelete()
line 4:     endwhile
line 5:     let w:paren_hl_on = 0
line 6:   endif
<SNR>24_Remove_Matches returning #0

continuing in <SNR>24_Highlight_Matching_Pair

line 6: 
line 7:   " Avoid that we remove the popup menu.
line 8:   " Return when there are no colors (looks like the cursor jumps).
line 9:   if pumvisible() || (&t_Co < 8 && !has("gui_running"))
line 10:     return
line 11:   endif
line 12: 
line 13:   " Get the character under the cursor and check if it's in 'matchpairs'.
line 14:   let c_lnum = line('.')
line 15:   let c_col = col('.')
line 16:   let before = 0
line 17: 
line 18:   let text = getline(c_lnum)
line 19:   let c_before = text->strpart(0, c_col - 1)->slice(-1)
line 20:   let c = text->strpart(c_col - 1)->slice(0, 1)
line 21:   let plist = split(&matchpairs, '.\zs[:,]')
line 22:   let i = index(plist, c)
line 23:   if i < 0
line 24:     " not found, in Insert mode try character before the cursor
line 25:     if c_col > 1 && (mode() == 'i' || mode() == 'R')
line 26:       let before = strlen(c_before)
line 27:       let c = c_before
line 28:       let i = index(plist, c)
line 29:     endif
line 30:     if i < 0
line 31:       " not found, nothing to do
line 32:       return
<SNR>24_Highlight_Matching_Pair returning #0

continuing in TextChangedI Autocommands for "*"

Executing TextChangedI Autocommands for "*"
autocommand <Lua 218: ~/.local/share/nvim/lazy/snacks.nvim/lua/snacks/scroll.lua:185>

Executing: 
Executing TextChangedI Autocommands for "*"
autocommand <Lua 348: ~/.local/share/nvim/lazy/trouble.nvim/lua/trouble/sources/lsp.lua:40>

Executing: 
Executing TextChangedI Autocommands for "*"
autocommand <Lua 935: ~/.local/share/nvim/lazy/blink.cmp/lua/blink/cmp/lib/buffer_events.lua:51>

Executing: 
Executing LspNotify Autocommands for "*"
autocommand <Lua 462: /opt/homebrew/Cellar/neovim/0.11.5_1/share/nvim/runtime/lua/vim/lsp/inlay_hint.lua:251>

Executing: 
Executing LspNotify Autocommands for "<buffer=7>"
autocommand <Lua 637: /opt/homebrew/Cellar/neovim/0.11.5_1/share/nvim/runtime/lua/vim/lsp/_folding_range.lua:299>

Executing: 
Executing WinResized Autocommands for "*"
autocommand <Lua 907: ~/.local/share/nvim/lazy/blink.cmp/lua/blink/cmp/completion/windows/menu.lua:62>

Executing: 
Executing WinScrolled Autocommands for "*"
autocommand call s:Highlight_Matching_Pair()

Executing: call s:Highlight_Matching_Pair()
calling <SNR>24_Highlight_Matching_Pair()

line 1:   if !exists("w:matchparen_ids")
line 2:     let w:matchparen_ids = []
line 3:   endif
line 4:   " Remove any previous match.
line 5:   call s:Remove_Matches()
calling <SNR>24_Remove_Matches()

line 1:   if exists('w:paren_hl_on') && w:paren_hl_on
line 2:     while !empty(w:matchparen_ids)
line 3:       silent! call remove(w:matchparen_ids, 0)->matchdelete()
line 4:     endwhile
line 5:     let w:paren_hl_on = 0
line 6:   endif
<SNR>24_Remove_Matches returning #0

continuing in <SNR>24_Highlight_Matching_Pair

line 6: 
line 7:   " Avoid that we remove the popup menu.
line 8:   " Return when there are no colors (looks like the cursor jumps).
line 9:   if pumvisible() || (&t_Co < 8 && !has("gui_running"))
line 10:     return
line 11:   endif
line 12: 
line 13:   " Get the character under the cursor and check if it's in 'matchpairs'.
line 14:   let c_lnum = line('.')
line 15:   let c_col = col('.')
line 16:   let before = 0
line 17: 
line 18:   let text = getline(c_lnum)
line 19:   let c_before = text->strpart(0, c_col - 1)->slice(-1)
line 20:   let c = text->strpart(c_col - 1)->slice(0, 1)
line 21:   let plist = split(&matchpairs, '.\zs[:,]')
line 22:   let i = index(plist, c)
line 23:   if i < 0
line 24:     " not found, in Insert mode try character before the cursor
line 25:     if c_col > 1 && (mode() == 'i' || mode() == 'R')
line 26:       let before = strlen(c_before)
line 27:       let c = c_before
line 28:       let i = index(plist, c)
line 29:     endif
line 30:     if i < 0
line 31:       " not found, nothing to do
line 32:       return
<SNR>24_Highlight_Matching_Pair returning #0

continuing in WinScrolled Autocommands for "*"

Executing WinScrolled Autocommands for "*"
autocommand <Lua 227: ~/.local/share/nvim/lazy/snacks.nvim/lua/snacks/scroll.lua:219>

Executing: 
Executing WinScrolled Autocommands for "*"
autocommand <Lua 906: ~/.local/share/nvim/lazy/blink.cmp/lua/blink/cmp/completion/windows/menu.lua:62>

Executing: 
Executing WinScrolled Autocommands for "*"
autocommand <Lua 576: ~/.local/share/nvim/lazy/todo-comments.nvim/lua/todo-comments/highlight.lua:421>

Executing: 
Executing WinResized Autocommands for "*"
autocommand <Lua 907: ~/.local/share/nvim/lazy/blink.cmp/lua/blink/cmp/completion/windows/menu.lua:62>

Executing: 
Executing WinScrolled Autocommands for "*"
autocommand call s:Highlight_Matching_Pair()

Executing: call s:Highlight_Matching_Pair()
calling <SNR>24_Highlight_Matching_Pair()

line 1:   if !exists("w:matchparen_ids")
line 2:     let w:matchparen_ids = []
line 3:   endif
line 4:   " Remove any previous match.
line 5:   call s:Remove_Matches()
calling <SNR>24_Remove_Matches()

line 1:   if exists('w:paren_hl_on') && w:paren_hl_on
line 2:     while !empty(w:matchparen_ids)
line 3:       silent! call remove(w:matchparen_ids, 0)->matchdelete()
line 4:     endwhile
line 5:     let w:paren_hl_on = 0
line 6:   endif
<SNR>24_Remove_Matches returning #0

continuing in <SNR>24_Highlight_Matching_Pair

line 6: 
line 7:   " Avoid that we remove the popup menu.
line 8:   " Return when there are no colors (looks like the cursor jumps).
line 9:   if pumvisible() || (&t_Co < 8 && !has("gui_running"))
line 10:     return
line 11:   endif
line 12: 
line 13:   " Get the character under the cursor and check if it's in 'matchpairs'.
line 14:   let c_lnum = line('.')
line 15:   let c_col = col('.')
line 16:   let before = 0
line 17: 
line 18:   let text = getline(c_lnum)
line 19:   let c_before = text->strpart(0, c_col - 1)->slice(-1)
line 20:   let c = text->strpart(c_col - 1)->slice(0, 1)
line 21:   let plist = split(&matchpairs, '.\zs[:,]')
line 22:   let i = index(plist, c)
line 23:   if i < 0
line 24:     " not found, in Insert mode try character before the cursor
line 25:     if c_col > 1 && (mode() == 'i' || mode() == 'R')
line 26:       let before = strlen(c_before)
line 27:       let c = c_before
line 28:       let i = index(plist, c)
line 29:     endif
line 30:     if i < 0
line 31:       " not found, nothing to do
line 32:       return
<SNR>24_Highlight_Matching_Pair returning #0

continuing in WinScrolled Autocommands for "*"

Executing WinScrolled Autocommands for "*"
autocommand <Lua 227: ~/.local/share/nvim/lazy/snacks.nvim/lua/snacks/scroll.lua:219>

Executing: 
Executing WinScrolled Autocommands for "*"
autocommand <Lua 906: ~/.local/share/nvim/lazy/blink.cmp/lua/blink/cmp/completion/windows/menu.lua:62>

Executing: 
Executing WinScrolled Autocommands for "*"
autocommand <Lua 576: ~/.local/share/nvim/lazy/todo-comments.nvim/lua/todo-comments/highlight.lua:421>

Executing: 
Executing DiagnosticChanged Autocommands for "*"
autocommand <Lua 323: ~/.local/share/nvim/lazy/trouble.nvim/lua/trouble/sources/diagnostics.lua:70>

Executing: 
Executing CursorHoldI Autocommands for "<buffer=7>"
autocommand <Lua 965: /opt/homebrew/Cellar/neovim/0.11.5_1/share/nvim/runtime/lua/vim/diagnostic.lua:779>

Executing: 
Executing InsertCharPre Autocommands for "*"
autocommand <Lua 892: ~/.local/share/nvim/lazy/blink.cmp/lua/blink/cmp/lib/buffer_events.lua:148>

Executing: 
Executing InsertCharPre Autocommands for "*"
autocommand <Lua 892: ~/.local/share/nvim/lazy/blink.cmp/lua/blink/cmp/lib/buffer_events.lua:148>

Executing: 
Executing CursorMovedI Autocommands for "*"
autocommand call s:Highlight_Matching_Pair()

Executing: call s:Highlight_Matching_Pair()
calling <SNR>24_Highlight_Matching_Pair()

line 1:   if !exists("w:matchparen_ids")
line 2:     let w:matchparen_ids = []
line 3:   endif
line 4:   " Remove any previous match.
line 5:   call s:Remove_Matches()
calling <SNR>24_Remove_Matches()

line 1:   if exists('w:paren_hl_on') && w:paren_hl_on
line 2:     while !empty(w:matchparen_ids)
line 3:       silent! call remove(w:matchparen_ids, 0)->matchdelete()
line 4:     endwhile
line 5:     let w:paren_hl_on = 0
line 6:   endif
<SNR>24_Remove_Matches returning #0

continuing in <SNR>24_Highlight_Matching_Pair

line 6: 
line 7:   " Avoid that we remove the popup menu.
line 8:   " Return when there are no colors (looks like the cursor jumps).
line 9:   if pumvisible() || (&t_Co < 8 && !has("gui_running"))
line 10:     return
line 11:   endif
line 12: 
line 13:   " Get the character under the cursor and check if it's in 'matchpairs'.
line 14:   let c_lnum = line('.')
line 15:   let c_col = col('.')
line 16:   let before = 0
line 17: 
line 18:   let text = getline(c_lnum)
line 19:   let c_before = text->strpart(0, c_col - 1)->slice(-1)
line 20:   let c = text->strpart(c_col - 1)->slice(0, 1)
line 21:   let plist = split(&matchpairs, '.\zs[:,]')
line 22:   let i = index(plist, c)
line 23:   if i < 0
line 24:     " not found, in Insert mode try character before the cursor
line 25:     if c_col > 1 && (mode() == 'i' || mode() == 'R')
line 26:       let before = strlen(c_before)
line 27:       let c = c_before
line 28:       let i = index(plist, c)
line 29:     endif
line 30:     if i < 0
line 31:       " not found, nothing to do
line 32:       return
line 33:     endif
line 34:   endif
line 35: 
line 36:   " Figure out the arguments for searchpairpos().
line 37:   if i % 2 == 0
line 38:     let s_flags = 'nW'
line 39:     let c2 = plist[i + 1]
line 40:   else
line 41:     let s_flags = 'nbW'
line 42:     let c2 = c
line 43:     let c = plist[i - 1]
line 44:   endif
line 45:   if c == '['
line 46:     let c = '\['
line 47:     let c2 = '\]'
line 48:   endif
line 49: 
line 50:   " Find the match.  When it was just before the cursor move it there for a
line 51:   " moment.
line 52:   if before > 0
line 53:     let save_cursor = getcurpos()
line 54:     call cursor(c_lnum, c_col - before)
line 55:     defer setpos('.', save_cursor)
line 56:   endif
line 57: 
line 58:   if !has("syntax") || !exists("g:syntax_on")
line 59:     let s_skip = "0"
line 60:   elseif exists("b:ts_highlight") && &syntax != 'on'
line 61:     let s_skip = "match(v:lua.vim.treesitter.get_captures_at_cursor(), '" .. 'string\|character\|singlequote\|escape\|symbol\|comment' .. "') != -1"
line 64:   else
line 65:     " do not attempt to match when the syntax item where the cursor is
line 66:     " indicates there does not exist a matching parenthesis, e.g. for shells
line 67:     " case statement: "case $var in foobar)"
line 68:     "
line 69:     " add the check behind a filetype check, so it only needs to be
line 70:     " evaluated for certain filetypes
line 71:     if ['sh']->index(&filetype) >= 0 && synstack(".", col("."))->indexof({_, id -> synIDattr(id, "name") =~? "shSnglCase"}) >= 0
line 74:       return
line 75:     endif
line 76:     " Build an expression that detects whether the current cursor position is
line 77:     " in certain syntax types (string, comment, etc.), for use as
line 78:     " searchpairpos()'s skip argument.
line 79:     " We match "escape" for special items, such as lispEscapeSpecial, and
line 80:     " match "symbol" for lispBarSymbol.
line 81:     let s_skip = 'synstack(".", col("."))' . '->indexof({_, id -> synIDattr(id, "name") =~? ' . '"string\\|character\\|singlequote\\|escape\\|symbol\\|comment"}) >= 0'
line 84:     " If executing the expression determines that the cursor is currently in
line 85:     " one of the syntax types, then we want searchpairpos() to find the pair
line 86:     " within those syntax types (i.e., not skip).  Otherwise, the cursor is
line 87:     " outside of the syntax types and s_skip should keep its value so we skip
line 88:     " any matching pair inside the syntax types.
line 89:     " Catch if this throws E363: pattern uses more memory than 'maxmempattern'.
line 90:     try
line 91:       execute 'if ' . s_skip . ' | let s_skip = "0" | endif'
line 92:     catch /^Vim\%((\a\+)\)\=:E363/
line 93:       " We won't find anything, so skip searching, should keep Vim responsive.
line 94:       return
line 95:     endtry
line 96:   endif
line 97: 
line 98:   " Limit the search to lines visible in the window.
line 99:   let stoplinebottom = line('w$')
line 100:   let stoplinetop = line('w0')
line 101:   if i % 2 == 0
line 102:     let stopline = stoplinebottom
line 103:   else
line 104:     let stopline = stoplinetop
line 105:   endif
line 106: 
line 107:   " Limit the search time to 300 msec to avoid a hang on very long lines.
line 108:   " This fails when a timeout is not supported.
line 109:   if mode() == 'i' || mode() == 'R'
line 110:     let timeout = exists("b:matchparen_insert_timeout") ? b:matchparen_insert_timeout : g:matchparen_insert_timeout
line 111:   else
line 112:     let timeout = exists("b:matchparen_timeout") ? b:matchparen_timeout : g:matchparen_timeout
line 113:   endif
line 114:   try
line 115:     let [m_lnum, m_col] = searchpairpos(c, '', c2, s_flags, s_skip, stopline, timeout)
line 116:   catch /E118/
line 117:     " Can't use the timeout, restrict the stopline a bit more to avoid taking
line 118:     " a long time on closed folds and long lines.
line 119:     " The "viewable" variables give a range in which we can scroll while
line 120:     " keeping the cursor at the same position.
line 121:     " adjustedScrolloff accounts for very large numbers of scrolloff.
line 122:     let adjustedScrolloff = min([&scrolloff, (line('w$') - line('w0')) / 2])
line 123:     let bottom_viewable = min([line('$'), c_lnum + &lines - adjustedScrolloff - 2])
line 124:     let top_viewable = max([1, c_lnum-&lines+adjustedScrolloff + 2])
line 125:     " one of these stoplines will be adjusted below, but the current values are
line 126:     " minimal boundaries within the current window
line 127:     if i % 2 == 0
line 128:       if has("byte_offset") && has("syntax_items") && &smc > 0
line 129: ^Ilet stopbyte = min([line2byte("$"), line2byte(".") + col(".") + &smc * 2])
line 130: ^Ilet stopline = min([bottom_viewable, byte2line(stopbyte)])
line 131:       else
line 132: ^Ilet stopline = min([bottom_viewable, c_lnum + 100])
line 133:       endif
line 134:       let stoplinebottom = stopline
line 135:     else
line 136:       if has("byte_offset") && has("syntax_items") && &smc > 0
line 137: ^Ilet stopbyte = max([1, line2byte(".") + col(".") - &smc * 2])
line 138: ^Ilet stopline = max([top_viewable, byte2line(stopbyte)])
line 139:       else
line 140: ^Ilet stopline = max([top_viewable, c_lnum - 100])
line 141:       endif
line 142:       let stoplinetop = stopline
line 143:     endif
line 144:     let [m_lnum, m_col] = searchpairpos(c, '', c2, s_flags, s_skip, stopline)
line 145:   endtry
line 146: 
line 147:   " If a match is found setup match highlighting.
line 148:   if m_lnum > 0 && m_lnum >= stoplinetop && m_lnum <= stoplinebottom
line 149:     if !g:matchparen_disable_cursor_hl
line 150:       call add(w:matchparen_ids, matchaddpos('MatchParen', [[c_lnum, c_col - before], [m_lnum, m_col]], 10))
line 151:     else
line 152:       call add(w:matchparen_ids, matchaddpos('MatchParen', [[m_lnum, m_col]], 10))
line 153:     endif
line 154:     let w:paren_hl_on = 1
line 155:   endif
<SNR>24_Highlight_Matching_Pair returning #0

continuing in CursorMovedI Autocommands for "*"

Executing CursorMovedI Autocommands for "*"
autocommand <Lua 224: vim/_editor.lua:0>

Executing: 
Executing CursorMovedI Autocommands for "*"
autocommand call v:lua.require'lualine'.refresh({'kind': 'window', 'place': ['statusline'], 'trigger': 'autocmd'})

Executing: call v:lua.require'lualine'.refresh({'kind': 'window', 'place': ['statusline'], 'trigger': 'autocmd'})
Executing CursorMovedI Autocommands for "*"
autocommand <Lua 890: ~/.local/share/nvim/lazy/blink.cmp/lua/blink/cmp/lib/buffer_events.lua:88>

Executing: 
autocommand <Lua 905: ~/.local/share/nvim/lazy/blink.cmp/lua/blink/cmp/completion/windows/menu.lua:62>

Executing: 
Executing CursorMovedI Autocommands for "*"
autocommand <Lua 546: ~/.local/share/nvim/lazy/snacks.nvim/lua/snacks/scope.lua:678>

Executing: 
Executing CursorMovedI Autocommands for "*"
autocommand <Lua 865: ~/.local/share/nvim/lazy/snacks.nvim/lua/snacks/words.lua:42>

Executing: 
Executing CursorMovedI Autocommands for "*"
autocommand <Lua 652: ~/.local/share/nvim/lazy/blink.cmp/lua/blink/cmp/completion/windows/ghost_text/init.lua:22>

Executing: 
Executing TextChangedI Autocommands for "*"
autocommand call s:Highlight_Matching_Pair()

Executing: call s:Highlight_Matching_Pair()
calling <SNR>24_Highlight_Matching_Pair()

line 1:   if !exists("w:matchparen_ids")
line 2:     let w:matchparen_ids = []
line 3:   endif
line 4:   " Remove any previous match.
line 5:   call s:Remove_Matches()
calling <SNR>24_Remove_Matches()

line 1:   if exists('w:paren_hl_on') && w:paren_hl_on
line 2:     while !empty(w:matchparen_ids)
line 3:       silent! call remove(w:matchparen_ids, 0)->matchdelete()
line 4:     endwhile
line 2:     while !empty(w:matchparen_ids)
line 3:       silent! call remove(w:matchparen_ids, 0)->matchdelete()
line 4:     endwhile
line 5:     let w:paren_hl_on = 0
line 6:   endif
<SNR>24_Remove_Matches returning #0

continuing in <SNR>24_Highlight_Matching_Pair

line 6: 
line 7:   " Avoid that we remove the popup menu.
line 8:   " Return when there are no colors (looks like the cursor jumps).
line 9:   if pumvisible() || (&t_Co < 8 && !has("gui_running"))
line 10:     return
line 11:   endif
line 12: 
line 13:   " Get the character under the cursor and check if it's in 'matchpairs'.
line 14:   let c_lnum = line('.')
line 15:   let c_col = col('.')
line 16:   let before = 0
line 17: 
line 18:   let text = getline(c_lnum)
line 19:   let c_before = text->strpart(0, c_col - 1)->slice(-1)
line 20:   let c = text->strpart(c_col - 1)->slice(0, 1)
line 21:   let plist = split(&matchpairs, '.\zs[:,]')
line 22:   let i = index(plist, c)
line 23:   if i < 0
line 24:     " not found, in Insert mode try character before the cursor
line 25:     if c_col > 1 && (mode() == 'i' || mode() == 'R')
line 26:       let before = strlen(c_before)
line 27:       let c = c_before
line 28:       let i = index(plist, c)
line 29:     endif
line 30:     if i < 0
line 31:       " not found, nothing to do
line 32:       return
line 33:     endif
line 34:   endif
line 35: 
line 36:   " Figure out the arguments for searchpairpos().
line 37:   if i % 2 == 0
line 38:     let s_flags = 'nW'
line 39:     let c2 = plist[i + 1]
line 40:   else
line 41:     let s_flags = 'nbW'
line 42:     let c2 = c
line 43:     let c = plist[i - 1]
line 44:   endif
line 45:   if c == '['
line 46:     let c = '\['
line 47:     let c2 = '\]'
line 48:   endif
line 49: 
line 50:   " Find the match.  When it was just before the cursor move it there for a
line 51:   " moment.
line 52:   if before > 0
line 53:     let save_cursor = getcurpos()
line 54:     call cursor(c_lnum, c_col - before)
line 55:     defer setpos('.', save_cursor)
line 56:   endif
line 57: 
line 58:   if !has("syntax") || !exists("g:syntax_on")
line 59:     let s_skip = "0"
line 60:   elseif exists("b:ts_highlight") && &syntax != 'on'
line 61:     let s_skip = "match(v:lua.vim.treesitter.get_captures_at_cursor(), '" .. 'string\|character\|singlequote\|escape\|symbol\|comment' .. "') != -1"
line 64:   else
line 65:     " do not attempt to match when the syntax item where the cursor is
line 66:     " indicates there does not exist a matching parenthesis, e.g. for shells
line 67:     " case statement: "case $var in foobar)"
line 68:     "
line 69:     " add the check behind a filetype check, so it only needs to be
line 70:     " evaluated for certain filetypes
line 71:     if ['sh']->index(&filetype) >= 0 && synstack(".", col("."))->indexof({_, id -> synIDattr(id, "name") =~? "shSnglCase"}) >= 0
line 74:       return
line 75:     endif
line 76:     " Build an expression that detects whether the current cursor position is
line 77:     " in certain syntax types (string, comment, etc.), for use as
line 78:     " searchpairpos()'s skip argument.
line 79:     " We match "escape" for special items, such as lispEscapeSpecial, and
line 80:     " match "symbol" for lispBarSymbol.
line 81:     let s_skip = 'synstack(".", col("."))' . '->indexof({_, id -> synIDattr(id, "name") =~? ' . '"string\\|character\\|singlequote\\|escape\\|symbol\\|comment"}) >= 0'
line 84:     " If executing the expression determines that the cursor is currently in
line 85:     " one of the syntax types, then we want searchpairpos() to find the pair
line 86:     " within those syntax types (i.e., not skip).  Otherwise, the cursor is
line 87:     " outside of the syntax types and s_skip should keep its value so we skip
line 88:     " any matching pair inside the syntax types.
line 89:     " Catch if this throws E363: pattern uses more memory than 'maxmempattern'.
line 90:     try
line 91:       execute 'if ' . s_skip . ' | let s_skip = "0" | endif'
line 92:     catch /^Vim\%((\a\+)\)\=:E363/
line 93:       " We won't find anything, so skip searching, should keep Vim responsive.
line 94:       return
line 95:     endtry
line 96:   endif
line 97: 
line 98:   " Limit the search to lines visible in the window.
line 99:   let stoplinebottom = line('w$')
line 100:   let stoplinetop = line('w0')
line 101:   if i % 2 == 0
line 102:     let stopline = stoplinebottom
line 103:   else
line 104:     let stopline = stoplinetop
line 105:   endif
line 106: 
line 107:   " Limit the search time to 300 msec to avoid a hang on very long lines.
line 108:   " This fails when a timeout is not supported.
line 109:   if mode() == 'i' || mode() == 'R'
line 110:     let timeout = exists("b:matchparen_insert_timeout") ? b:matchparen_insert_timeout : g:matchparen_insert_timeout
line 111:   else
line 112:     let timeout = exists("b:matchparen_timeout") ? b:matchparen_timeout : g:matchparen_timeout
line 113:   endif
line 114:   try
line 115:     let [m_lnum, m_col] = searchpairpos(c, '', c2, s_flags, s_skip, stopline, timeout)
line 116:   catch /E118/
line 117:     " Can't use the timeout, restrict the stopline a bit more to avoid taking
line 118:     " a long time on closed folds and long lines.
line 119:     " The "viewable" variables give a range in which we can scroll while
line 120:     " keeping the cursor at the same position.
line 121:     " adjustedScrolloff accounts for very large numbers of scrolloff.
line 122:     let adjustedScrolloff = min([&scrolloff, (line('w$') - line('w0')) / 2])
line 123:     let bottom_viewable = min([line('$'), c_lnum + &lines - adjustedScrolloff - 2])
line 124:     let top_viewable = max([1, c_lnum-&lines+adjustedScrolloff + 2])
line 125:     " one of these stoplines will be adjusted below, but the current values are
line 126:     " minimal boundaries within the current window
line 127:     if i % 2 == 0
line 128:       if has("byte_offset") && has("syntax_items") && &smc > 0
line 129: ^Ilet stopbyte = min([line2byte("$"), line2byte(".") + col(".") + &smc * 2])
line 130: ^Ilet stopline = min([bottom_viewable, byte2line(stopbyte)])
line 131:       else
line 132: ^Ilet stopline = min([bottom_viewable, c_lnum + 100])
line 133:       endif
line 134:       let stoplinebottom = stopline
line 135:     else
line 136:       if has("byte_offset") && has("syntax_items") && &smc > 0
line 137: ^Ilet stopbyte = max([1, line2byte(".") + col(".") - &smc * 2])
line 138: ^Ilet stopline = max([top_viewable, byte2line(stopbyte)])
line 139:       else
line 140: ^Ilet stopline = max([top_viewable, c_lnum - 100])
line 141:       endif
line 142:       let stoplinetop = stopline
line 143:     endif
line 144:     let [m_lnum, m_col] = searchpairpos(c, '', c2, s_flags, s_skip, stopline)
line 145:   endtry
line 146: 
line 147:   " If a match is found setup match highlighting.
line 148:   if m_lnum > 0 && m_lnum >= stoplinetop && m_lnum <= stoplinebottom
line 149:     if !g:matchparen_disable_cursor_hl
line 150:       call add(w:matchparen_ids, matchaddpos('MatchParen', [[c_lnum, c_col - before], [m_lnum, m_col]], 10))
line 151:     else
line 152:       call add(w:matchparen_ids, matchaddpos('MatchParen', [[m_lnum, m_col]], 10))
line 153:     endif
line 154:     let w:paren_hl_on = 1
line 155:   endif
<SNR>24_Highlight_Matching_Pair returning #0

continuing in TextChangedI Autocommands for "*"

Executing TextChangedI Autocommands for "*"
autocommand <Lua 218: ~/.local/share/nvim/lazy/snacks.nvim/lua/snacks/scroll.lua:185>

Executing: 
Executing TextChangedI Autocommands for "*"
autocommand <Lua 348: ~/.local/share/nvim/lazy/trouble.nvim/lua/trouble/sources/lsp.lua:40>

Executing: 
Executing TextChangedI Autocommands for "*"
autocommand <Lua 935: ~/.local/share/nvim/lazy/blink.cmp/lua/blink/cmp/lib/buffer_events.lua:51>

Executing: 
Executing LspNotify Autocommands for "*"
autocommand <Lua 462: /opt/homebrew/Cellar/neovim/0.11.5_1/share/nvim/runtime/lua/vim/lsp/inlay_hint.lua:251>

Executing: 
Executing LspNotify Autocommands for "<buffer=7>"
autocommand <Lua 637: /opt/homebrew/Cellar/neovim/0.11.5_1/share/nvim/runtime/lua/vim/lsp/_folding_range.lua:299>

Executing: 
Executing LspNotify Autocommands for "*"
autocommand <Lua 462: /opt/homebrew/Cellar/neovim/0.11.5_1/share/nvim/runtime/lua/vim/lsp/inlay_hint.lua:251>

Executing: 
Executing LspNotify Autocommands for "<buffer=7>"
autocommand <Lua 637: /opt/homebrew/Cellar/neovim/0.11.5_1/share/nvim/runtime/lua/vim/lsp/_folding_range.lua:299>

Executing: 
Executing DiagnosticChanged Autocommands for "*"
autocommand <Lua 323: ~/.local/share/nvim/lazy/trouble.nvim/lua/trouble/sources/diagnostics.lua:70>

Executing: 
Executing CursorHoldI Autocommands for "<buffer=7>"
autocommand <Lua 965: /opt/homebrew/Cellar/neovim/0.11.5_1/share/nvim/runtime/lua/vim/diagnostic.lua:779>

Executing: 
Executing InsertCharPre Autocommands for "*"
autocommand <Lua 892: ~/.local/share/nvim/lazy/blink.cmp/lua/blink/cmp/lib/buffer_events.lua:148>

Executing: 
Executing CursorMovedI Autocommands for "*"
autocommand call s:Highlight_Matching_Pair()

Executing: call s:Highlight_Matching_Pair()
calling <SNR>24_Highlight_Matching_Pair()

line 1:   if !exists("w:matchparen_ids")
line 2:     let w:matchparen_ids = []
line 3:   endif
line 4:   " Remove any previous match.
line 5:   call s:Remove_Matches()
calling <SNR>24_Remove_Matches()

line 1:   if exists('w:paren_hl_on') && w:paren_hl_on
line 2:     while !empty(w:matchparen_ids)
line 3:       silent! call remove(w:matchparen_ids, 0)->matchdelete()
line 4:     endwhile
line 2:     while !empty(w:matchparen_ids)
line 3:       silent! call remove(w:matchparen_ids, 0)->matchdelete()
line 4:     endwhile
line 5:     let w:paren_hl_on = 0
line 6:   endif
<SNR>24_Remove_Matches returning #0

continuing in <SNR>24_Highlight_Matching_Pair

line 6: 
line 7:   " Avoid that we remove the popup menu.
line 8:   " Return when there are no colors (looks like the cursor jumps).
line 9:   if pumvisible() || (&t_Co < 8 && !has("gui_running"))
line 10:     return
line 11:   endif
line 12: 
line 13:   " Get the character under the cursor and check if it's in 'matchpairs'.
line 14:   let c_lnum = line('.')
line 15:   let c_col = col('.')
line 16:   let before = 0
line 17: 
line 18:   let text = getline(c_lnum)
line 19:   let c_before = text->strpart(0, c_col - 1)->slice(-1)
line 20:   let c = text->strpart(c_col - 1)->slice(0, 1)
line 21:   let plist = split(&matchpairs, '.\zs[:,]')
line 22:   let i = index(plist, c)
line 23:   if i < 0
line 24:     " not found, in Insert mode try character before the cursor
line 25:     if c_col > 1 && (mode() == 'i' || mode() == 'R')
line 26:       let before = strlen(c_before)
line 27:       let c = c_before
line 28:       let i = index(plist, c)
line 29:     endif
line 30:     if i < 0
line 31:       " not found, nothing to do
line 32:       return
line 33:     endif
line 34:   endif
line 35: 
line 36:   " Figure out the arguments for searchpairpos().
line 37:   if i % 2 == 0
line 38:     let s_flags = 'nW'
line 39:     let c2 = plist[i + 1]
line 40:   else
line 41:     let s_flags = 'nbW'
line 42:     let c2 = c
line 43:     let c = plist[i - 1]
line 44:   endif
line 45:   if c == '['
line 46:     let c = '\['
line 47:     let c2 = '\]'
line 48:   endif
line 49: 
line 50:   " Find the match.  When it was just before the cursor move it there for a
line 51:   " moment.
line 52:   if before > 0
line 53:     let save_cursor = getcurpos()
line 54:     call cursor(c_lnum, c_col - before)
line 55:     defer setpos('.', save_cursor)
line 56:   endif
line 57: 
line 58:   if !has("syntax") || !exists("g:syntax_on")
line 59:     let s_skip = "0"
line 60:   elseif exists("b:ts_highlight") && &syntax != 'on'
line 61:     let s_skip = "match(v:lua.vim.treesitter.get_captures_at_cursor(), '" .. 'string\|character\|singlequote\|escape\|symbol\|comment' .. "') != -1"
line 64:   else
line 65:     " do not attempt to match when the syntax item where the cursor is
line 66:     " indicates there does not exist a matching parenthesis, e.g. for shells
line 67:     " case statement: "case $var in foobar)"
line 68:     "
line 69:     " add the check behind a filetype check, so it only needs to be
line 70:     " evaluated for certain filetypes
line 71:     if ['sh']->index(&filetype) >= 0 && synstack(".", col("."))->indexof({_, id -> synIDattr(id, "name") =~? "shSnglCase"}) >= 0
line 74:       return
line 75:     endif
line 76:     " Build an expression that detects whether the current cursor position is
line 77:     " in certain syntax types (string, comment, etc.), for use as
line 78:     " searchpairpos()'s skip argument.
line 79:     " We match "escape" for special items, such as lispEscapeSpecial, and
line 80:     " match "symbol" for lispBarSymbol.
line 81:     let s_skip = 'synstack(".", col("."))' . '->indexof({_, id -> synIDattr(id, "name") =~? ' . '"string\\|character\\|singlequote\\|escape\\|symbol\\|comment"}) >= 0'
line 84:     " If executing the expression determines that the cursor is currently in
line 85:     " one of the syntax types, then we want searchpairpos() to find the pair
line 86:     " within those syntax types (i.e., not skip).  Otherwise, the cursor is
line 87:     " outside of the syntax types and s_skip should keep its value so we skip
line 88:     " any matching pair inside the syntax types.
line 89:     " Catch if this throws E363: pattern uses more memory than 'maxmempattern'.
line 90:     try
line 91:       execute 'if ' . s_skip . ' | let s_skip = "0" | endif'
line 92:     catch /^Vim\%((\a\+)\)\=:E363/
line 93:       " We won't find anything, so skip searching, should keep Vim responsive.
line 94:       return
line 95:     endtry
line 96:   endif
line 97: 
line 98:   " Limit the search to lines visible in the window.
line 99:   let stoplinebottom = line('w$')
line 100:   let stoplinetop = line('w0')
line 101:   if i % 2 == 0
line 102:     let stopline = stoplinebottom
line 103:   else
line 104:     let stopline = stoplinetop
line 105:   endif
line 106: 
line 107:   " Limit the search time to 300 msec to avoid a hang on very long lines.
line 108:   " This fails when a timeout is not supported.
line 109:   if mode() == 'i' || mode() == 'R'
line 110:     let timeout = exists("b:matchparen_insert_timeout") ? b:matchparen_insert_timeout : g:matchparen_insert_timeout
line 111:   else
line 112:     let timeout = exists("b:matchparen_timeout") ? b:matchparen_timeout : g:matchparen_timeout
line 113:   endif
line 114:   try
line 115:     let [m_lnum, m_col] = searchpairpos(c, '', c2, s_flags, s_skip, stopline, timeout)
line 116:   catch /E118/
line 117:     " Can't use the timeout, restrict the stopline a bit more to avoid taking
line 118:     " a long time on closed folds and long lines.
line 119:     " The "viewable" variables give a range in which we can scroll while
line 120:     " keeping the cursor at the same position.
line 121:     " adjustedScrolloff accounts for very large numbers of scrolloff.
line 122:     let adjustedScrolloff = min([&scrolloff, (line('w$') - line('w0')) / 2])
line 123:     let bottom_viewable = min([line('$'), c_lnum + &lines - adjustedScrolloff - 2])
line 124:     let top_viewable = max([1, c_lnum-&lines+adjustedScrolloff + 2])
line 125:     " one of these stoplines will be adjusted below, but the current values are
line 126:     " minimal boundaries within the current window
line 127:     if i % 2 == 0
line 128:       if has("byte_offset") && has("syntax_items") && &smc > 0
line 129: ^Ilet stopbyte = min([line2byte("$"), line2byte(".") + col(".") + &smc * 2])
line 130: ^Ilet stopline = min([bottom_viewable, byte2line(stopbyte)])
line 131:       else
line 132: ^Ilet stopline = min([bottom_viewable, c_lnum + 100])
line 133:       endif
line 134:       let stoplinebottom = stopline
line 135:     else
line 136:       if has("byte_offset") && has("syntax_items") && &smc > 0
line 137: ^Ilet stopbyte = max([1, line2byte(".") + col(".") - &smc * 2])
line 138: ^Ilet stopline = max([top_viewable, byte2line(stopbyte)])
line 139:       else
line 140: ^Ilet stopline = max([top_viewable, c_lnum - 100])
line 141:       endif
line 142:       let stoplinetop = stopline
line 143:     endif
line 144:     let [m_lnum, m_col] = searchpairpos(c, '', c2, s_flags, s_skip, stopline)
line 145:   endtry
line 146: 
line 147:   " If a match is found setup match highlighting.
line 148:   if m_lnum > 0 && m_lnum >= stoplinetop && m_lnum <= stoplinebottom
line 149:     if !g:matchparen_disable_cursor_hl
line 150:       call add(w:matchparen_ids, matchaddpos('MatchParen', [[c_lnum, c_col - before], [m_lnum, m_col]], 10))
line 151:     else
line 152:       call add(w:matchparen_ids, matchaddpos('MatchParen', [[m_lnum, m_col]], 10))
line 153:     endif
line 154:     let w:paren_hl_on = 1
line 155:   endif
<SNR>24_Highlight_Matching_Pair returning #0

continuing in CursorMovedI Autocommands for "*"

Executing CursorMovedI Autocommands for "*"
autocommand <Lua 224: vim/_editor.lua:0>

Executing: 
Executing CursorMovedI Autocommands for "*"
autocommand call v:lua.require'lualine'.refresh({'kind': 'window', 'place': ['statusline'], 'trigger': 'autocmd'})

Executing: call v:lua.require'lualine'.refresh({'kind': 'window', 'place': ['statusline'], 'trigger': 'autocmd'})
Executing CursorMovedI Autocommands for "*"
autocommand <Lua 890: ~/.local/share/nvim/lazy/blink.cmp/lua/blink/cmp/lib/buffer_events.lua:88>

Executing: 
autocommand <Lua 905: ~/.local/share/nvim/lazy/blink.cmp/lua/blink/cmp/completion/windows/menu.lua:62>

Executing: 
Executing CursorMovedI Autocommands for "*"
autocommand <Lua 546: ~/.local/share/nvim/lazy/snacks.nvim/lua/snacks/scope.lua:678>

Executing: 
Executing CursorMovedI Autocommands for "*"
autocommand <Lua 865: ~/.local/share/nvim/lazy/snacks.nvim/lua/snacks/words.lua:42>

Executing: 
Executing CursorMovedI Autocommands for "*"
autocommand <Lua 652: ~/.local/share/nvim/lazy/blink.cmp/lua/blink/cmp/completion/windows/ghost_text/init.lua:22>

Executing: 
Executing TextChangedI Autocommands for "*"
autocommand call s:Highlight_Matching_Pair()

Executing: call s:Highlight_Matching_Pair()
calling <SNR>24_Highlight_Matching_Pair()

line 1:   if !exists("w:matchparen_ids")
line 2:     let w:matchparen_ids = []
line 3:   endif
line 4:   " Remove any previous match.
line 5:   call s:Remove_Matches()
calling <SNR>24_Remove_Matches()

line 1:   if exists('w:paren_hl_on') && w:paren_hl_on
line 2:     while !empty(w:matchparen_ids)
line 3:       silent! call remove(w:matchparen_ids, 0)->matchdelete()
line 4:     endwhile
line 2:     while !empty(w:matchparen_ids)
line 3:       silent! call remove(w:matchparen_ids, 0)->matchdelete()
line 4:     endwhile
line 5:     let w:paren_hl_on = 0
line 6:   endif
<SNR>24_Remove_Matches returning #0

continuing in <SNR>24_Highlight_Matching_Pair

line 6: 
line 7:   " Avoid that we remove the popup menu.
line 8:   " Return when there are no colors (looks like the cursor jumps).
line 9:   if pumvisible() || (&t_Co < 8 && !has("gui_running"))
line 10:     return
line 11:   endif
line 12: 
line 13:   " Get the character under the cursor and check if it's in 'matchpairs'.
line 14:   let c_lnum = line('.')
line 15:   let c_col = col('.')
line 16:   let before = 0
line 17: 
line 18:   let text = getline(c_lnum)
line 19:   let c_before = text->strpart(0, c_col - 1)->slice(-1)
line 20:   let c = text->strpart(c_col - 1)->slice(0, 1)
line 21:   let plist = split(&matchpairs, '.\zs[:,]')
line 22:   let i = index(plist, c)
line 23:   if i < 0
line 24:     " not found, in Insert mode try character before the cursor
line 25:     if c_col > 1 && (mode() == 'i' || mode() == 'R')
line 26:       let before = strlen(c_before)
line 27:       let c = c_before
line 28:       let i = index(plist, c)
line 29:     endif
line 30:     if i < 0
line 31:       " not found, nothing to do
line 32:       return
line 33:     endif
line 34:   endif
line 35: 
line 36:   " Figure out the arguments for searchpairpos().
line 37:   if i % 2 == 0
line 38:     let s_flags = 'nW'
line 39:     let c2 = plist[i + 1]
line 40:   else
line 41:     let s_flags = 'nbW'
line 42:     let c2 = c
line 43:     let c = plist[i - 1]
line 44:   endif
line 45:   if c == '['
line 46:     let c = '\['
line 47:     let c2 = '\]'
line 48:   endif
line 49: 
line 50:   " Find the match.  When it was just before the cursor move it there for a
line 51:   " moment.
line 52:   if before > 0
line 53:     let save_cursor = getcurpos()
line 54:     call cursor(c_lnum, c_col - before)
line 55:     defer setpos('.', save_cursor)
line 56:   endif
line 57: 
line 58:   if !has("syntax") || !exists("g:syntax_on")
line 59:     let s_skip = "0"
line 60:   elseif exists("b:ts_highlight") && &syntax != 'on'
line 61:     let s_skip = "match(v:lua.vim.treesitter.get_captures_at_cursor(), '" .. 'string\|character\|singlequote\|escape\|symbol\|comment' .. "') != -1"
line 64:   else
line 65:     " do not attempt to match when the syntax item where the cursor is
line 66:     " indicates there does not exist a matching parenthesis, e.g. for shells
line 67:     " case statement: "case $var in foobar)"
line 68:     "
line 69:     " add the check behind a filetype check, so it only needs to be
line 70:     " evaluated for certain filetypes
line 71:     if ['sh']->index(&filetype) >= 0 && synstack(".", col("."))->indexof({_, id -> synIDattr(id, "name") =~? "shSnglCase"}) >= 0
line 74:       return
line 75:     endif
line 76:     " Build an expression that detects whether the current cursor position is
line 77:     " in certain syntax types (string, comment, etc.), for use as
line 78:     " searchpairpos()'s skip argument.
line 79:     " We match "escape" for special items, such as lispEscapeSpecial, and
line 80:     " match "symbol" for lispBarSymbol.
line 81:     let s_skip = 'synstack(".", col("."))' . '->indexof({_, id -> synIDattr(id, "name") =~? ' . '"string\\|character\\|singlequote\\|escape\\|symbol\\|comment"}) >= 0'
line 84:     " If executing the expression determines that the cursor is currently in
line 85:     " one of the syntax types, then we want searchpairpos() to find the pair
line 86:     " within those syntax types (i.e., not skip).  Otherwise, the cursor is
line 87:     " outside of the syntax types and s_skip should keep its value so we skip
line 88:     " any matching pair inside the syntax types.
line 89:     " Catch if this throws E363: pattern uses more memory than 'maxmempattern'.
line 90:     try
line 91:       execute 'if ' . s_skip . ' | let s_skip = "0" | endif'
line 92:     catch /^Vim\%((\a\+)\)\=:E363/
line 93:       " We won't find anything, so skip searching, should keep Vim responsive.
line 94:       return
line 95:     endtry
line 96:   endif
line 97: 
line 98:   " Limit the search to lines visible in the window.
line 99:   let stoplinebottom = line('w$')
line 100:   let stoplinetop = line('w0')
line 101:   if i % 2 == 0
line 102:     let stopline = stoplinebottom
line 103:   else
line 104:     let stopline = stoplinetop
line 105:   endif
line 106: 
line 107:   " Limit the search time to 300 msec to avoid a hang on very long lines.
line 108:   " This fails when a timeout is not supported.
line 109:   if mode() == 'i' || mode() == 'R'
line 110:     let timeout = exists("b:matchparen_insert_timeout") ? b:matchparen_insert_timeout : g:matchparen_insert_timeout
line 111:   else
line 112:     let timeout = exists("b:matchparen_timeout") ? b:matchparen_timeout : g:matchparen_timeout
line 113:   endif
line 114:   try
line 115:     let [m_lnum, m_col] = searchpairpos(c, '', c2, s_flags, s_skip, stopline, timeout)
line 116:   catch /E118/
line 117:     " Can't use the timeout, restrict the stopline a bit more to avoid taking
line 118:     " a long time on closed folds and long lines.
line 119:     " The "viewable" variables give a range in which we can scroll while
line 120:     " keeping the cursor at the same position.
line 121:     " adjustedScrolloff accounts for very large numbers of scrolloff.
line 122:     let adjustedScrolloff = min([&scrolloff, (line('w$') - line('w0')) / 2])
line 123:     let bottom_viewable = min([line('$'), c_lnum + &lines - adjustedScrolloff - 2])
line 124:     let top_viewable = max([1, c_lnum-&lines+adjustedScrolloff + 2])
line 125:     " one of these stoplines will be adjusted below, but the current values are
line 126:     " minimal boundaries within the current window
line 127:     if i % 2 == 0
line 128:       if has("byte_offset") && has("syntax_items") && &smc > 0
line 129: ^Ilet stopbyte = min([line2byte("$"), line2byte(".") + col(".") + &smc * 2])
line 130: ^Ilet stopline = min([bottom_viewable, byte2line(stopbyte)])
line 131:       else
line 132: ^Ilet stopline = min([bottom_viewable, c_lnum + 100])
line 133:       endif
line 134:       let stoplinebottom = stopline
line 135:     else
line 136:       if has("byte_offset") && has("syntax_items") && &smc > 0
line 137: ^Ilet stopbyte = max([1, line2byte(".") + col(".") - &smc * 2])
line 138: ^Ilet stopline = max([top_viewable, byte2line(stopbyte)])
line 139:       else
line 140: ^Ilet stopline = max([top_viewable, c_lnum - 100])
line 141:       endif
line 142:       let stoplinetop = stopline
line 143:     endif
line 144:     let [m_lnum, m_col] = searchpairpos(c, '', c2, s_flags, s_skip, stopline)
line 145:   endtry
line 146: 
line 147:   " If a match is found setup match highlighting.
line 148:   if m_lnum > 0 && m_lnum >= stoplinetop && m_lnum <= stoplinebottom
line 149:     if !g:matchparen_disable_cursor_hl
line 150:       call add(w:matchparen_ids, matchaddpos('MatchParen', [[c_lnum, c_col - before], [m_lnum, m_col]], 10))
line 151:     else
line 152:       call add(w:matchparen_ids, matchaddpos('MatchParen', [[m_lnum, m_col]], 10))
line 153:     endif
line 154:     let w:paren_hl_on = 1
line 155:   endif
<SNR>24_Highlight_Matching_Pair returning #0

continuing in TextChangedI Autocommands for "*"

Executing TextChangedI Autocommands for "*"
autocommand <Lua 218: ~/.local/share/nvim/lazy/snacks.nvim/lua/snacks/scroll.lua:185>

Executing: 
Executing TextChangedI Autocommands for "*"
autocommand <Lua 348: ~/.local/share/nvim/lazy/trouble.nvim/lua/trouble/sources/lsp.lua:40>

Executing: 
Executing TextChangedI Autocommands for "*"
autocommand <Lua 935: ~/.local/share/nvim/lazy/blink.cmp/lua/blink/cmp/lib/buffer_events.lua:51>

Executing: 
Searching for "parser/comment.*" in runtime path
Searching for "/Users/hvidsten/.config/nvim/parser/comment.*"
Searching for "/Users/hvidsten/.local/share/nvim/site/parser/comment.*"
Searching for "/Users/hvidsten/.local/share/nvim/lazy/lazy.nvim/parser/comment.*"
Searching for "/Users/hvidsten/.local/share/nvim/lazy/gitsigns.nvim/parser/comment.*"
Searching for "/Users/hvidsten/.local/share/nvim/lazy/todo-comments.nvim/parser/comment.*"
Searching for "/Users/hvidsten/.local/share/nvim/lazy/nvim-lint/parser/comment.*"
Searching for "/Users/hvidsten/.local/share/nvim/lazy/nvim-ts-autotag/parser/comment.*"
Searching for "/Users/hvidsten/.local/share/nvim/lazy/persistence.nvim/parser/comment.*"
Searching for "/Users/hvidsten/.local/share/nvim/lazy/mason-lspconfig.nvim/parser/comment.*"
Searching for "/Users/hvidsten/.local/share/nvim/lazy/mason.nvim/parser/comment.*"
Searching for "/Users/hvidsten/.local/share/nvim/lazy/nvim-lspconfig/parser/comment.*"
Searching for "/Users/hvidsten/.local/share/nvim/lazy/friendly-snippets/parser/comment.*"
Searching for "/Users/hvidsten/.local/share/nvim/lazy/blink.cmp/parser/comment.*"
Searching for "/Users/hvidsten/.local/share/nvim/lazy/mini.icons/parser/comment.*"
Searching for "/Users/hvidsten/.local/share/nvim/lazy/trouble.nvim/parser/comment.*"
Searching for "/Users/hvidsten/.local/share/nvim/lazy/lualine.nvim/parser/comment.*"
Searching for "/Users/hvidsten/.local/share/nvim/lazy/flash.nvim/parser/comment.*"
Searching for "/Users/hvidsten/.local/share/nvim/lazy/nvim-treesitter/parser/comment.*"
Searching for "/Users/hvidsten/.local/share/nvim/lazy/nvim-treesitter-textobjects/parser/comment.*"
Searching for "/Users/hvidsten/.local/share/nvim/lazy/mini.ai/parser/comment.*"
Searching for "/Users/hvidsten/.local/share/nvim/lazy/ts-comments.nvim/parser/comment.*"
Searching for "/Users/hvidsten/.local/share/nvim/lazy/mini.pairs/parser/comment.*"
Searching for "/Users/hvidsten/.local/share/nvim/lazy/bufferline.nvim/parser/comment.*"
Searching for "/Users/hvidsten/.local/share/nvim/lazy/which-key.nvim/parser/comment.*"
Searching for "/Users/hvidsten/.local/share/nvim/lazy/snacks.nvim/parser/comment.*"
Searching for "/Users/hvidsten/.local/share/nvim/lazy/tokyonight.nvim/parser/comment.*"
Searching for "/Users/hvidsten/.local/share/nvim/lazy/LazyVim/parser/comment.*"
Searching for "/opt/homebrew/Cellar/neovim/0.11.5_1/share/nvim/runtime/parser/comment.*"
Searching for "/opt/homebrew/Cellar/neovim/0.11.5_1/share/nvim/runtime/pack/dist/opt/netrw/parser/comment.*"
Searching for "/opt/homebrew/Cellar/neovim/0.11.5_1/share/nvim/runtime/pack/dist/opt/matchit/parser/comment.*"
Searching for "/opt/homebrew/Cellar/neovim/0.11.5_1/lib/nvim/parser/comment.*"
Searching for "/Users/hvidsten/.local/state/nvim/lazy/readme/parser/comment.*"
Searching for "/Users/hvidsten/.local/share/nvim/lazy/mason-lspconfig.nvim/after/parser/comment.*"
not found in runtime path: "parser/comment.*"
Executing LspNotify Autocommands for "*"
autocommand <Lua 462: /opt/homebrew/Cellar/neovim/0.11.5_1/share/nvim/runtime/lua/vim/lsp/inlay_hint.lua:251>

Executing: 
Executing LspNotify Autocommands for "<buffer=7>"
autocommand <Lua 637: /opt/homebrew/Cellar/neovim/0.11.5_1/share/nvim/runtime/lua/vim/lsp/_folding_range.lua:299>

Executing: 
Executing WinNew Autocommands for "*"
autocommand <Lua 577: ~/.local/share/nvim/lazy/todo-comments.nvim/lua/todo-comments/highlight.lua:415>

Executing: 
Executing BufWinEnter Autocommands for "*"
autocommand autocmd SafeState * ++once call s:Highlight_Matching_Pair()

Executing: autocmd SafeState * ++once call s:Highlight_Matching_Pair()
Executing BufWinEnter Autocommands for "*"
autocommand <Lua 80: vim/_editor.lua:0>

Executing: 
Executing BufWinEnter Autocommands for "*"
autocommand <Lua 650: ~/.local/share/nvim/lazy/snacks.nvim/lua/snacks/picker/core/preview.lua:36>

Executing: 
Executing BufWinEnter Autocommands for "*"
autocommand <Lua 178: ~/.local/share/nvim/lazy/todo-comments.nvim/lua/todo-comments/highlight.lua:415>

Executing: 
Executing FileType Autocommands for "*"
autocommand call s:LoadFTPlugin()

Executing: call s:LoadFTPlugin()
calling <SNR>2_LoadFTPlugin()

line 1:     if exists("b:undo_ftplugin")
line 2:       exe b:undo_ftplugin
line 3:       unlet! b:undo_ftplugin b:did_ftplugin
line 4:     endif
line 5: 
line 6:     let s = expand("<amatch>")
line 7:     if s != ""
line 8:       if &cpo =~# "S" && exists("b:did_ftplugin")
line 9: ^I" In compatible mode options are reset to the global values, need to
line 10: ^I" set the local values also when a plugin was already used.
line 11: ^Iunlet b:did_ftplugin
line 12:       endif
line 13: 
line 14:       " When there is a dot it is used to separate filetype names.  Thus for
line 15:       " "aaa.bbb" load "aaa" and then "bbb".
line 16:       for name in split(s, '\.')
line 17:         " Load Lua ftplugins after Vim ftplugins _per directory_
line 18:         " TODO(clason): use nvim__get_runtime when supports globs and modeline
line 19:         " XXX: "[.]" in the first pattern makes it a wildcard on Windows
line 20:         exe $'runtime! ftplugin/{name}[.]{{vim,lua}} ftplugin/{name}_*.{{vim,lua}} ftplugin/{name}/*.{{vim,lua}}'
line 20: runtime! ftplugin/blink-cmp-menu[.]{vim,lua} ftplugin/blink-cmp-menu_*.{vim,lua} ftplugin/blink-cmp-menu/*.{vim,lua}
Searching for "ftplugin/blink-cmp-menu[.]{vim,lua} ftplugin/blink-cmp-menu_*.{vim,lua} ftplugin/blink-cmp-menu/*.{vim,lua}" in runtime path
Searching for "/Users/hvidsten/.config/nvim/ftplugin/blink-cmp-menu[.]{vim,lua}"
Searching for "/Users/hvidsten/.config/nvim/ftplugin/blink-cmp-menu_*.{vim,lua}"
Searching for "/Users/hvidsten/.config/nvim/ftplugin/blink-cmp-menu/*.{vim,lua}"
Searching for "/Users/hvidsten/.local/share/nvim/site/ftplugin/blink-cmp-menu[.]{vim,lua}"
Searching for "/Users/hvidsten/.local/share/nvim/site/ftplugin/blink-cmp-menu_*.{vim,lua}"
Searching for "/Users/hvidsten/.local/share/nvim/site/ftplugin/blink-cmp-menu/*.{vim,lua}"
Searching for "/Users/hvidsten/.local/share/nvim/lazy/lazy.nvim/ftplugin/blink-cmp-menu[.]{vim,lua}"
Searching for "/Users/hvidsten/.local/share/nvim/lazy/lazy.nvim/ftplugin/blink-cmp-menu_*.{vim,lua}"
Searching for "/Users/hvidsten/.local/share/nvim/lazy/lazy.nvim/ftplugin/blink-cmp-menu/*.{vim,lua}"
Searching for "/Users/hvidsten/.local/share/nvim/lazy/gitsigns.nvim/ftplugin/blink-cmp-menu[.]{vim,lua}"
Searching for "/Users/hvidsten/.local/share/nvim/lazy/gitsigns.nvim/ftplugin/blink-cmp-menu_*.{vim,lua}"
Searching for "/Users/hvidsten/.local/share/nvim/lazy/gitsigns.nvim/ftplugin/blink-cmp-menu/*.{vim,lua}"
Searching for "/Users/hvidsten/.local/share/nvim/lazy/todo-comments.nvim/ftplugin/blink-cmp-menu[.]{vim,lua}"
Searching for "/Users/hvidsten/.local/share/nvim/lazy/todo-comments.nvim/ftplugin/blink-cmp-menu_*.{vim,lua}"
Searching for "/Users/hvidsten/.local/share/nvim/lazy/todo-comments.nvim/ftplugin/blink-cmp-menu/*.{vim,lua}"
Searching for "/Users/hvidsten/.local/share/nvim/lazy/nvim-lint/ftplugin/blink-cmp-menu[.]{vim,lua}"
Searching for "/Users/hvidsten/.local/share/nvim/lazy/nvim-lint/ftplugin/blink-cmp-menu_*.{vim,lua}"
Searching for "/Users/hvidsten/.local/share/nvim/lazy/nvim-lint/ftplugin/blink-cmp-menu/*.{vim,lua}"
Searching for "/Users/hvidsten/.local/share/nvim/lazy/nvim-ts-autotag/ftplugin/blink-cmp-menu[.]{vim,lua}"
Searching for "/Users/hvidsten/.local/share/nvim/lazy/nvim-ts-autotag/ftplugin/blink-cmp-menu_*.{vim,lua}"
Searching for "/Users/hvidsten/.local/share/nvim/lazy/nvim-ts-autotag/ftplugin/blink-cmp-menu/*.{vim,lua}"
Searching for "/Users/hvidsten/.local/share/nvim/lazy/persistence.nvim/ftplugin/blink-cmp-menu[.]{vim,lua}"
Searching for "/Users/hvidsten/.local/share/nvim/lazy/persistence.nvim/ftplugin/blink-cmp-menu_*.{vim,lua}"
Searching for "/Users/hvidsten/.local/share/nvim/lazy/persistence.nvim/ftplugin/blink-cmp-menu/*.{vim,lua}"
Searching for "/Users/hvidsten/.local/share/nvim/lazy/mason-lspconfig.nvim/ftplugin/blink-cmp-menu[.]{vim,lua}"
Searching for "/Users/hvidsten/.local/share/nvim/lazy/mason-lspconfig.nvim/ftplugin/blink-cmp-menu_*.{vim,lua}"
Searching for "/Users/hvidsten/.local/share/nvim/lazy/mason-lspconfig.nvim/ftplugin/blink-cmp-menu/*.{vim,lua}"
Searching for "/Users/hvidsten/.local/share/nvim/lazy/mason.nvim/ftplugin/blink-cmp-menu[.]{vim,lua}"
Searching for "/Users/hvidsten/.local/share/nvim/lazy/mason.nvim/ftplugin/blink-cmp-menu_*.{vim,lua}"
Searching for "/Users/hvidsten/.local/share/nvim/lazy/mason.nvim/ftplugin/blink-cmp-menu/*.{vim,lua}"
Searching for "/Users/hvidsten/.local/share/nvim/lazy/nvim-lspconfig/ftplugin/blink-cmp-menu[.]{vim,lua}"
Searching for "/Users/hvidsten/.local/share/nvim/lazy/nvim-lspconfig/ftplugin/blink-cmp-menu_*.{vim,lua}"
Searching for "/Users/hvidsten/.local/share/nvim/lazy/nvim-lspconfig/ftplugin/blink-cmp-menu/*.{vim,lua}"
Searching for "/Users/hvidsten/.local/share/nvim/lazy/friendly-snippets/ftplugin/blink-cmp-menu[.]{vim,lua}"
Searching for "/Users/hvidsten/.local/share/nvim/lazy/friendly-snippets/ftplugin/blink-cmp-menu_*.{vim,lua}"
Searching for "/Users/hvidsten/.local/share/nvim/lazy/friendly-snippets/ftplugin/blink-cmp-menu/*.{vim,lua}"
Searching for "/Users/hvidsten/.local/share/nvim/lazy/blink.cmp/ftplugin/blink-cmp-menu[.]{vim,lua}"
Searching for "/Users/hvidsten/.local/share/nvim/lazy/blink.cmp/ftplugin/blink-cmp-menu_*.{vim,lua}"
Searching for "/Users/hvidsten/.local/share/nvim/lazy/blink.cmp/ftplugin/blink-cmp-menu/*.{vim,lua}"
Searching for "/Users/hvidsten/.local/share/nvim/lazy/mini.icons/ftplugin/blink-cmp-menu[.]{vim,lua}"
Searching for "/Users/hvidsten/.local/share/nvim/lazy/mini.icons/ftplugin/blink-cmp-menu_*.{vim,lua}"
Searching for "/Users/hvidsten/.local/share/nvim/lazy/mini.icons/ftplugin/blink-cmp-menu/*.{vim,lua}"
Searching for "/Users/hvidsten/.local/share/nvim/lazy/trouble.nvim/ftplugin/blink-cmp-menu[.]{vim,lua}"
Searching for "/Users/hvidsten/.local/share/nvim/lazy/trouble.nvim/ftplugin/blink-cmp-menu_*.{vim,lua}"
Searching for "/Users/hvidsten/.local/share/nvim/lazy/trouble.nvim/ftplugin/blink-cmp-menu/*.{vim,lua}"
Searching for "/Users/hvidsten/.local/share/nvim/lazy/lualine.nvim/ftplugin/blink-cmp-menu[.]{vim,lua}"
Searching for "/Users/hvidsten/.local/share/nvim/lazy/lualine.nvim/ftplugin/blink-cmp-menu_*.{vim,lua}"
Searching for "/Users/hvidsten/.local/share/nvim/lazy/lualine.nvim/ftplugin/blink-cmp-menu/*.{vim,lua}"
Searching for "/Users/hvidsten/.local/share/nvim/lazy/flash.nvim/ftplugin/blink-cmp-menu[.]{vim,lua}"
Searching for "/Users/hvidsten/.local/share/nvim/lazy/flash.nvim/ftplugin/blink-cmp-menu_*.{vim,lua}"
Searching for "/Users/hvidsten/.local/share/nvim/lazy/flash.nvim/ftplugin/blink-cmp-menu/*.{vim,lua}"
Searching for "/Users/hvidsten/.local/share/nvim/lazy/nvim-treesitter/ftplugin/blink-cmp-menu[.]{vim,lua}"
Searching for "/Users/hvidsten/.local/share/nvim/lazy/nvim-treesitter/ftplugin/blink-cmp-menu_*.{vim,lua}"
Searching for "/Users/hvidsten/.local/share/nvim/lazy/nvim-treesitter/ftplugin/blink-cmp-menu/*.{vim,lua}"
Searching for "/Users/hvidsten/.local/share/nvim/lazy/nvim-treesitter-textobjects/ftplugin/blink-cmp-menu[.]{vim,lua}"
Searching for "/Users/hvidsten/.local/share/nvim/lazy/nvim-treesitter-textobjects/ftplugin/blink-cmp-menu_*.{vim,lua}"
Searching for "/Users/hvidsten/.local/share/nvim/lazy/nvim-treesitter-textobjects/ftplugin/blink-cmp-menu/*.{vim,lua}"
Searching for "/Users/hvidsten/.local/share/nvim/lazy/mini.ai/ftplugin/blink-cmp-menu[.]{vim,lua}"
Searching for "/Users/hvidsten/.local/share/nvim/lazy/mini.ai/ftplugin/blink-cmp-menu_*.{vim,lua}"
Searching for "/Users/hvidsten/.local/share/nvim/lazy/mini.ai/ftplugin/blink-cmp-menu/*.{vim,lua}"
Searching for "/Users/hvidsten/.local/share/nvim/lazy/ts-comments.nvim/ftplugin/blink-cmp-menu[.]{vim,lua}"
Searching for "/Users/hvidsten/.local/share/nvim/lazy/ts-comments.nvim/ftplugin/blink-cmp-menu_*.{vim,lua}"
Searching for "/Users/hvidsten/.local/share/nvim/lazy/ts-comments.nvim/ftplugin/blink-cmp-menu/*.{vim,lua}"
Searching for "/Users/hvidsten/.local/share/nvim/lazy/mini.pairs/ftplugin/blink-cmp-menu[.]{vim,lua}"
Searching for "/Users/hvidsten/.local/share/nvim/lazy/mini.pairs/ftplugin/blink-cmp-menu_*.{vim,lua}"
Searching for "/Users/hvidsten/.local/share/nvim/lazy/mini.pairs/ftplugin/blink-cmp-menu/*.{vim,lua}"
Searching for "/Users/hvidsten/.local/share/nvim/lazy/bufferline.nvim/ftplugin/blink-cmp-menu[.]{vim,lua}"
Searching for "/Users/hvidsten/.local/share/nvim/lazy/bufferline.nvim/ftplugin/blink-cmp-menu_*.{vim,lua}"
Searching for "/Users/hvidsten/.local/share/nvim/lazy/bufferline.nvim/ftplugin/blink-cmp-menu/*.{vim,lua}"
Searching for "/Users/hvidsten/.local/share/nvim/lazy/which-key.nvim/ftplugin/blink-cmp-menu[.]{vim,lua}"
Searching for "/Users/hvidsten/.local/share/nvim/lazy/which-key.nvim/ftplugin/blink-cmp-menu_*.{vim,lua}"
Searching for "/Users/hvidsten/.local/share/nvim/lazy/which-key.nvim/ftplugin/blink-cmp-menu/*.{vim,lua}"
Searching for "/Users/hvidsten/.local/share/nvim/lazy/snacks.nvim/ftplugin/blink-cmp-menu[.]{vim,lua}"
Searching for "/Users/hvidsten/.local/share/nvim/lazy/snacks.nvim/ftplugin/blink-cmp-menu_*.{vim,lua}"
Searching for "/Users/hvidsten/.local/share/nvim/lazy/snacks.nvim/ftplugin/blink-cmp-menu/*.{vim,lua}"
Searching for "/Users/hvidsten/.local/share/nvim/lazy/tokyonight.nvim/ftplugin/blink-cmp-menu[.]{vim,lua}"
Searching for "/Users/hvidsten/.local/share/nvim/lazy/tokyonight.nvim/ftplugin/blink-cmp-menu_*.{vim,lua}"
Searching for "/Users/hvidsten/.local/share/nvim/lazy/tokyonight.nvim/ftplugin/blink-cmp-menu/*.{vim,lua}"
Searching for "/Users/hvidsten/.local/share/nvim/lazy/LazyVim/ftplugin/blink-cmp-menu[.]{vim,lua}"
Searching for "/Users/hvidsten/.local/share/nvim/lazy/LazyVim/ftplugin/blink-cmp-menu_*.{vim,lua}"
Searching for "/Users/hvidsten/.local/share/nvim/lazy/LazyVim/ftplugin/blink-cmp-menu/*.{vim,lua}"
Searching for "/opt/homebrew/Cellar/neovim/0.11.5_1/share/nvim/runtime/ftplugin/blink-cmp-menu[.]{vim,lua}"
Searching for "/opt/homebrew/Cellar/neovim/0.11.5_1/share/nvim/runtime/ftplugin/blink-cmp-menu_*.{vim,lua}"
Searching for "/opt/homebrew/Cellar/neovim/0.11.5_1/share/nvim/runtime/ftplugin/blink-cmp-menu/*.{vim,lua}"
Searching for "/opt/homebrew/Cellar/neovim/0.11.5_1/share/nvim/runtime/pack/dist/opt/netrw/ftplugin/blink-cmp-menu[.]{vim,lua}"
Searching for "/opt/homebrew/Cellar/neovim/0.11.5_1/share/nvim/runtime/pack/dist/opt/netrw/ftplugin/blink-cmp-menu_*.{vim,lua}"
Searching for "/opt/homebrew/Cellar/neovim/0.11.5_1/share/nvim/runtime/pack/dist/opt/netrw/ftplugin/blink-cmp-menu/*.{vim,lua}"
Searching for "/opt/homebrew/Cellar/neovim/0.11.5_1/share/nvim/runtime/pack/dist/opt/matchit/ftplugin/blink-cmp-menu[.]{vim,lua}"
Searching for "/opt/homebrew/Cellar/neovim/0.11.5_1/share/nvim/runtime/pack/dist/opt/matchit/ftplugin/blink-cmp-menu_*.{vim,lua}"
Searching for "/opt/homebrew/Cellar/neovim/0.11.5_1/share/nvim/runtime/pack/dist/opt/matchit/ftplugin/blink-cmp-menu/*.{vim,lua}"
Searching for "/opt/homebrew/Cellar/neovim/0.11.5_1/lib/nvim/ftplugin/blink-cmp-menu[.]{vim,lua}"
Searching for "/opt/homebrew/Cellar/neovim/0.11.5_1/lib/nvim/ftplugin/blink-cmp-menu_*.{vim,lua}"
Searching for "/opt/homebrew/Cellar/neovim/0.11.5_1/lib/nvim/ftplugin/blink-cmp-menu/*.{vim,lua}"
Searching for "/Users/hvidsten/.local/state/nvim/lazy/readme/ftplugin/blink-cmp-menu[.]{vim,lua}"
Searching for "/Users/hvidsten/.local/state/nvim/lazy/readme/ftplugin/blink-cmp-menu_*.{vim,lua}"
Searching for "/Users/hvidsten/.local/state/nvim/lazy/readme/ftplugin/blink-cmp-menu/*.{vim,lua}"
Searching for "/Users/hvidsten/.local/share/nvim/lazy/mason-lspconfig.nvim/after/ftplugin/blink-cmp-menu[.]{vim,lua}"
Searching for "/Users/hvidsten/.local/share/nvim/lazy/mason-lspconfig.nvim/after/ftplugin/blink-cmp-menu_*.{vim,lua}"
Searching for "/Users/hvidsten/.local/share/nvim/lazy/mason-lspconfig.nvim/after/ftplugin/blink-cmp-menu/*.{vim,lua}"
not found in runtime path: "ftplugin/blink-cmp-menu[.]{vim,lua} ftplugin/blink-cmp-menu_*.{vim,lua} ftplugin/blink-cmp-menu/*.{vim,lua}"
line 21:       endfor
line 16:       for name in split(s, '\.')
line 17:         " Load Lua ftplugins after Vim ftplugins _per directory_
line 18:         " TODO(clason): use nvim__get_runtime when supports globs and modeline
line 19:         " XXX: "[.]" in the first pattern makes it a wildcard on Windows
line 20:         exe $'runtime! ftplugin/{name}[.]{{vim,lua}} ftplugin/{name}_*.{{vim,lua}} ftplugin/{name}/*.{{vim,lua}}'
line 21:       endfor
line 22:     endif
<SNR>2_LoadFTPlugin returning #0

continuing in FileType Autocommands for "*"

Executing FileType Autocommands for "*"
autocommand call s:LoadIndent()

Executing: call s:LoadIndent()
calling <SNR>3_LoadIndent()

line 1:     if exists("b:undo_indent")
line 2:       exe b:undo_indent
line 3:       unlet! b:undo_indent b:did_indent
line 4:     endif
line 5:     let s = expand("<amatch>")
line 6:     if s != ""
line 7:       if exists("b:did_indent")
line 8: ^Iunlet b:did_indent
line 9:       endif
line 10: 
line 11:       " When there is a dot it is used to separate filetype names.  Thus for
line 12:       " "aaa.bbb" load "indent/aaa.vim" and then "indent/bbb.vim".
line 13:       for name in split(s, '\.')
line 14:         " XXX: "[.]" in the pattern makes it a wildcard on Windows
line 15:         exe $'runtime! indent/{name}[.]{{vim,lua}}'
line 15: runtime! indent/blink-cmp-menu[.]{vim,lua}
Searching for "indent/blink-cmp-menu[.]{vim,lua}" in runtime path
Searching for "/Users/hvidsten/.config/nvim/indent/blink-cmp-menu[.]{vim,lua}"
Searching for "/Users/hvidsten/.local/share/nvim/site/indent/blink-cmp-menu[.]{vim,lua}"
Searching for "/Users/hvidsten/.local/share/nvim/lazy/lazy.nvim/indent/blink-cmp-menu[.]{vim,lua}"
Searching for "/Users/hvidsten/.local/share/nvim/lazy/gitsigns.nvim/indent/blink-cmp-menu[.]{vim,lua}"
Searching for "/Users/hvidsten/.local/share/nvim/lazy/todo-comments.nvim/indent/blink-cmp-menu[.]{vim,lua}"
Searching for "/Users/hvidsten/.local/share/nvim/lazy/nvim-lint/indent/blink-cmp-menu[.]{vim,lua}"
Searching for "/Users/hvidsten/.local/share/nvim/lazy/nvim-ts-autotag/indent/blink-cmp-menu[.]{vim,lua}"
Searching for "/Users/hvidsten/.local/share/nvim/lazy/persistence.nvim/indent/blink-cmp-menu[.]{vim,lua}"
Searching for "/Users/hvidsten/.local/share/nvim/lazy/mason-lspconfig.nvim/indent/blink-cmp-menu[.]{vim,lua}"
Searching for "/Users/hvidsten/.local/share/nvim/lazy/mason.nvim/indent/blink-cmp-menu[.]{vim,lua}"
Searching for "/Users/hvidsten/.local/share/nvim/lazy/nvim-lspconfig/indent/blink-cmp-menu[.]{vim,lua}"
Searching for "/Users/hvidsten/.local/share/nvim/lazy/friendly-snippets/indent/blink-cmp-menu[.]{vim,lua}"
Searching for "/Users/hvidsten/.local/share/nvim/lazy/blink.cmp/indent/blink-cmp-menu[.]{vim,lua}"
Searching for "/Users/hvidsten/.local/share/nvim/lazy/mini.icons/indent/blink-cmp-menu[.]{vim,lua}"
Searching for "/Users/hvidsten/.local/share/nvim/lazy/trouble.nvim/indent/blink-cmp-menu[.]{vim,lua}"
Searching for "/Users/hvidsten/.local/share/nvim/lazy/lualine.nvim/indent/blink-cmp-menu[.]{vim,lua}"
Searching for "/Users/hvidsten/.local/share/nvim/lazy/flash.nvim/indent/blink-cmp-menu[.]{vim,lua}"
Searching for "/Users/hvidsten/.local/share/nvim/lazy/nvim-treesitter/indent/blink-cmp-menu[.]{vim,lua}"
Searching for "/Users/hvidsten/.local/share/nvim/lazy/nvim-treesitter-textobjects/indent/blink-cmp-menu[.]{vim,lua}"
Searching for "/Users/hvidsten/.local/share/nvim/lazy/mini.ai/indent/blink-cmp-menu[.]{vim,lua}"
Searching for "/Users/hvidsten/.local/share/nvim/lazy/ts-comments.nvim/indent/blink-cmp-menu[.]{vim,lua}"
Searching for "/Users/hvidsten/.local/share/nvim/lazy/mini.pairs/indent/blink-cmp-menu[.]{vim,lua}"
Searching for "/Users/hvidsten/.local/share/nvim/lazy/bufferline.nvim/indent/blink-cmp-menu[.]{vim,lua}"
Searching for "/Users/hvidsten/.local/share/nvim/lazy/which-key.nvim/indent/blink-cmp-menu[.]{vim,lua}"
Searching for "/Users/hvidsten/.local/share/nvim/lazy/snacks.nvim/indent/blink-cmp-menu[.]{vim,lua}"
Searching for "/Users/hvidsten/.local/share/nvim/lazy/tokyonight.nvim/indent/blink-cmp-menu[.]{vim,lua}"
Searching for "/Users/hvidsten/.local/share/nvim/lazy/LazyVim/indent/blink-cmp-menu[.]{vim,lua}"
Searching for "/opt/homebrew/Cellar/neovim/0.11.5_1/share/nvim/runtime/indent/blink-cmp-menu[.]{vim,lua}"
Searching for "/opt/homebrew/Cellar/neovim/0.11.5_1/share/nvim/runtime/pack/dist/opt/netrw/indent/blink-cmp-menu[.]{vim,lua}"
Searching for "/opt/homebrew/Cellar/neovim/0.11.5_1/share/nvim/runtime/pack/dist/opt/matchit/indent/blink-cmp-menu[.]{vim,lua}"
Searching for "/opt/homebrew/Cellar/neovim/0.11.5_1/lib/nvim/indent/blink-cmp-menu[.]{vim,lua}"
Searching for "/Users/hvidsten/.local/state/nvim/lazy/readme/indent/blink-cmp-menu[.]{vim,lua}"
Searching for "/Users/hvidsten/.local/share/nvim/lazy/mason-lspconfig.nvim/after/indent/blink-cmp-menu[.]{vim,lua}"
not found in runtime path: "indent/blink-cmp-menu[.]{vim,lua}"
line 16:       endfor
line 13:       for name in split(s, '\.')
line 14:         " XXX: "[.]" in the pattern makes it a wildcard on Windows
line 15:         exe $'runtime! indent/{name}[.]{{vim,lua}}'
line 16:       endfor
line 17:     endif
<SNR>3_LoadIndent returning #0

continuing in FileType Autocommands for "*"

Executing FileType Autocommands for "*"
autocommand if !exists('b:ts_highlight') | 0verbose exe "set syntax=" . expand("<amatch>") | endif

Executing: if !exists('b:ts_highlight') | 0verbose exe "set syntax=" . expand("<amatch>") | endif
Executing:  0verbose exe "set syntax=" . expand("<amatch>") | endif
Executing:  endif
Executing FileType Autocommands for "*"
autocommand <Lua 313: ~/.local/share/nvim/lazy/snacks.nvim/lua/snacks/keymap.lua:110>

Executing: 
Executing FileType Autocommands for "*"
autocommand <Lua 352: ~/.local/share/nvim/lazy/LazyVim/lua/lazyvim/plugins/treesitter.lua:200>

Executing: 
Executing FileType Autocommands for "*"
autocommand <Lua 361: ~/.local/share/nvim/lazy/LazyVim/lua/lazyvim/plugins/treesitter.lua:103>

Executing: 
Executing FileType Autocommands for "*"
autocommand call v:lua.require'lualine'.refresh({'kind': 'window', 'place': ['statusline'], 'trigger': 'autocmd'})

Executing: call v:lua.require'lualine'.refresh({'kind': 'window', 'place': ['statusline'], 'trigger': 'autocmd'})
Executing FileType Autocommands for "*"
autocommand <Lua 761: /opt/homebrew/Cellar/neovim/0.11.5_1/share/nvim/runtime/lua/vim/lsp.lua:627>

Executing: 
Executing FileType Autocommands for "*"
autocommand <Lua 958: ~/.local/share/nvim/lazy/nvim-ts-autotag/lua/nvim-ts-autotag/config/plugin.lua:220>

Executing: 
Executing SafeState Autocommands for "*"
autocommand call s:Highlight_Matching_Pair()

Executing: call s:Highlight_Matching_Pair()
calling <SNR>24_Highlight_Matching_Pair()

line 1:   if !exists("w:matchparen_ids")
line 2:     let w:matchparen_ids = []
line 3:   endif
line 4:   " Remove any previous match.
line 5:   call s:Remove_Matches()
calling <SNR>24_Remove_Matches()

line 1:   if exists('w:paren_hl_on') && w:paren_hl_on
line 2:     while !empty(w:matchparen_ids)
line 3:       silent! call remove(w:matchparen_ids, 0)->matchdelete()
line 4:     endwhile
line 2:     while !empty(w:matchparen_ids)
line 3:       silent! call remove(w:matchparen_ids, 0)->matchdelete()
line 4:     endwhile
line 5:     let w:paren_hl_on = 0
line 6:   endif
<SNR>24_Remove_Matches returning #0

continuing in <SNR>24_Highlight_Matching_Pair

line 6: 
line 7:   " Avoid that we remove the popup menu.
line 8:   " Return when there are no colors (looks like the cursor jumps).
line 9:   if pumvisible() || (&t_Co < 8 && !has("gui_running"))
line 10:     return
line 11:   endif
line 12: 
line 13:   " Get the character under the cursor and check if it's in 'matchpairs'.
line 14:   let c_lnum = line('.')
line 15:   let c_col = col('.')
line 16:   let before = 0
line 17: 
line 18:   let text = getline(c_lnum)
line 19:   let c_before = text->strpart(0, c_col - 1)->slice(-1)
line 20:   let c = text->strpart(c_col - 1)->slice(0, 1)
line 21:   let plist = split(&matchpairs, '.\zs[:,]')
line 22:   let i = index(plist, c)
line 23:   if i < 0
line 24:     " not found, in Insert mode try character before the cursor
line 25:     if c_col > 1 && (mode() == 'i' || mode() == 'R')
line 26:       let before = strlen(c_before)
line 27:       let c = c_before
line 28:       let i = index(plist, c)
line 29:     endif
line 30:     if i < 0
line 31:       " not found, nothing to do
line 32:       return
line 33:     endif
line 34:   endif
line 35: 
line 36:   " Figure out the arguments for searchpairpos().
line 37:   if i % 2 == 0
line 38:     let s_flags = 'nW'
line 39:     let c2 = plist[i + 1]
line 40:   else
line 41:     let s_flags = 'nbW'
line 42:     let c2 = c
line 43:     let c = plist[i - 1]
line 44:   endif
line 45:   if c == '['
line 46:     let c = '\['
line 47:     let c2 = '\]'
line 48:   endif
line 49: 
line 50:   " Find the match.  When it was just before the cursor move it there for a
line 51:   " moment.
line 52:   if before > 0
line 53:     let save_cursor = getcurpos()
line 54:     call cursor(c_lnum, c_col - before)
line 55:     defer setpos('.', save_cursor)
line 56:   endif
line 57: 
line 58:   if !has("syntax") || !exists("g:syntax_on")
line 59:     let s_skip = "0"
line 60:   elseif exists("b:ts_highlight") && &syntax != 'on'
line 61:     let s_skip = "match(v:lua.vim.treesitter.get_captures_at_cursor(), '" .. 'string\|character\|singlequote\|escape\|symbol\|comment' .. "') != -1"
line 64:   else
line 65:     " do not attempt to match when the syntax item where the cursor is
line 66:     " indicates there does not exist a matching parenthesis, e.g. for shells
line 67:     " case statement: "case $var in foobar)"
line 68:     "
line 69:     " add the check behind a filetype check, so it only needs to be
line 70:     " evaluated for certain filetypes
line 71:     if ['sh']->index(&filetype) >= 0 && synstack(".", col("."))->indexof({_, id -> synIDattr(id, "name") =~? "shSnglCase"}) >= 0
line 74:       return
line 75:     endif
line 76:     " Build an expression that detects whether the current cursor position is
line 77:     " in certain syntax types (string, comment, etc.), for use as
line 78:     " searchpairpos()'s skip argument.
line 79:     " We match "escape" for special items, such as lispEscapeSpecial, and
line 80:     " match "symbol" for lispBarSymbol.
line 81:     let s_skip = 'synstack(".", col("."))' . '->indexof({_, id -> synIDattr(id, "name") =~? ' . '"string\\|character\\|singlequote\\|escape\\|symbol\\|comment"}) >= 0'
line 84:     " If executing the expression determines that the cursor is currently in
line 85:     " one of the syntax types, then we want searchpairpos() to find the pair
line 86:     " within those syntax types (i.e., not skip).  Otherwise, the cursor is
line 87:     " outside of the syntax types and s_skip should keep its value so we skip
line 88:     " any matching pair inside the syntax types.
line 89:     " Catch if this throws E363: pattern uses more memory than 'maxmempattern'.
line 90:     try
line 91:       execute 'if ' . s_skip . ' | let s_skip = "0" | endif'
line 92:     catch /^Vim\%((\a\+)\)\=:E363/
line 93:       " We won't find anything, so skip searching, should keep Vim responsive.
line 94:       return
line 95:     endtry
line 96:   endif
line 97: 
line 98:   " Limit the search to lines visible in the window.
line 99:   let stoplinebottom = line('w$')
line 100:   let stoplinetop = line('w0')
line 101:   if i % 2 == 0
line 102:     let stopline = stoplinebottom
line 103:   else
line 104:     let stopline = stoplinetop
line 105:   endif
line 106: 
line 107:   " Limit the search time to 300 msec to avoid a hang on very long lines.
line 108:   " This fails when a timeout is not supported.
line 109:   if mode() == 'i' || mode() == 'R'
line 110:     let timeout = exists("b:matchparen_insert_timeout") ? b:matchparen_insert_timeout : g:matchparen_insert_timeout
line 111:   else
line 112:     let timeout = exists("b:matchparen_timeout") ? b:matchparen_timeout : g:matchparen_timeout
line 113:   endif
line 114:   try
line 115:     let [m_lnum, m_col] = searchpairpos(c, '', c2, s_flags, s_skip, stopline, timeout)
line 116:   catch /E118/
line 117:     " Can't use the timeout, restrict the stopline a bit more to avoid taking
line 118:     " a long time on closed folds and long lines.
line 119:     " The "viewable" variables give a range in which we can scroll while
line 120:     " keeping the cursor at the same position.
line 121:     " adjustedScrolloff accounts for very large numbers of scrolloff.
line 122:     let adjustedScrolloff = min([&scrolloff, (line('w$') - line('w0')) / 2])
line 123:     let bottom_viewable = min([line('$'), c_lnum + &lines - adjustedScrolloff - 2])
line 124:     let top_viewable = max([1, c_lnum-&lines+adjustedScrolloff + 2])
line 125:     " one of these stoplines will be adjusted below, but the current values are
line 126:     " minimal boundaries within the current window
line 127:     if i % 2 == 0
line 128:       if has("byte_offset") && has("syntax_items") && &smc > 0
line 129: ^Ilet stopbyte = min([line2byte("$"), line2byte(".") + col(".") + &smc * 2])
line 130: ^Ilet stopline = min([bottom_viewable, byte2line(stopbyte)])
line 131:       else
line 132: ^Ilet stopline = min([bottom_viewable, c_lnum + 100])
line 133:       endif
line 134:       let stoplinebottom = stopline
line 135:     else
line 136:       if has("byte_offset") && has("syntax_items") && &smc > 0
line 137: ^Ilet stopbyte = max([1, line2byte(".") + col(".") - &smc * 2])
line 138: ^Ilet stopline = max([top_viewable, byte2line(stopbyte)])
line 139:       else
line 140: ^Ilet stopline = max([top_viewable, c_lnum - 100])
line 141:       endif
line 142:       let stoplinetop = stopline
line 143:     endif
line 144:     let [m_lnum, m_col] = searchpairpos(c, '', c2, s_flags, s_skip, stopline)
line 145:   endtry
line 146: 
line 147:   " If a match is found setup match highlighting.
line 148:   if m_lnum > 0 && m_lnum >= stoplinetop && m_lnum <= stoplinebottom
line 149:     if !g:matchparen_disable_cursor_hl
line 150:       call add(w:matchparen_ids, matchaddpos('MatchParen', [[c_lnum, c_col - before], [m_lnum, m_col]], 10))
line 151:     else
line 152:       call add(w:matchparen_ids, matchaddpos('MatchParen', [[m_lnum, m_col]], 10))
line 153:     endif
line 154:     let w:paren_hl_on = 1
line 155:   endif
<SNR>24_Highlight_Matching_Pair returning #0

continuing in SafeState Autocommands for "*"

Executing DiagnosticChanged Autocommands for "*"
autocommand <Lua 323: ~/.local/share/nvim/lazy/trouble.nvim/lua/trouble/sources/diagnostics.lua:70>

Executing: 
Executing InsertCharPre Autocommands for "*"
autocommand <Lua 892: ~/.local/share/nvim/lazy/blink.cmp/lua/blink/cmp/lib/buffer_events.lua:148>

Executing: 
Executing CursorMovedI Autocommands for "*"
autocommand call s:Highlight_Matching_Pair()

Executing: call s:Highlight_Matching_Pair()
calling <SNR>24_Highlight_Matching_Pair()

line 1:   if !exists("w:matchparen_ids")
line 2:     let w:matchparen_ids = []
line 3:   endif
line 4:   " Remove any previous match.
line 5:   call s:Remove_Matches()
calling <SNR>24_Remove_Matches()

line 1:   if exists('w:paren_hl_on') && w:paren_hl_on
line 2:     while !empty(w:matchparen_ids)
line 3:       silent! call remove(w:matchparen_ids, 0)->matchdelete()
line 4:     endwhile
line 2:     while !empty(w:matchparen_ids)
line 3:       silent! call remove(w:matchparen_ids, 0)->matchdelete()
line 4:     endwhile
line 5:     let w:paren_hl_on = 0
line 6:   endif
<SNR>24_Remove_Matches returning #0

continuing in <SNR>24_Highlight_Matching_Pair

line 6: 
line 7:   " Avoid that we remove the popup menu.
line 8:   " Return when there are no colors (looks like the cursor jumps).
line 9:   if pumvisible() || (&t_Co < 8 && !has("gui_running"))
line 10:     return
line 11:   endif
line 12: 
line 13:   " Get the character under the cursor and check if it's in 'matchpairs'.
line 14:   let c_lnum = line('.')
line 15:   let c_col = col('.')
line 16:   let before = 0
line 17: 
line 18:   let text = getline(c_lnum)
line 19:   let c_before = text->strpart(0, c_col - 1)->slice(-1)
line 20:   let c = text->strpart(c_col - 1)->slice(0, 1)
line 21:   let plist = split(&matchpairs, '.\zs[:,]')
line 22:   let i = index(plist, c)
line 23:   if i < 0
line 24:     " not found, in Insert mode try character before the cursor
line 25:     if c_col > 1 && (mode() == 'i' || mode() == 'R')
line 26:       let before = strlen(c_before)
line 27:       let c = c_before
line 28:       let i = index(plist, c)
line 29:     endif
line 30:     if i < 0
line 31:       " not found, nothing to do
line 32:       return
line 33:     endif
line 34:   endif
line 35: 
line 36:   " Figure out the arguments for searchpairpos().
line 37:   if i % 2 == 0
line 38:     let s_flags = 'nW'
line 39:     let c2 = plist[i + 1]
line 40:   else
line 41:     let s_flags = 'nbW'
line 42:     let c2 = c
line 43:     let c = plist[i - 1]
line 44:   endif
line 45:   if c == '['
line 46:     let c = '\['
line 47:     let c2 = '\]'
line 48:   endif
line 49: 
line 50:   " Find the match.  When it was just before the cursor move it there for a
line 51:   " moment.
line 52:   if before > 0
line 53:     let save_cursor = getcurpos()
line 54:     call cursor(c_lnum, c_col - before)
line 55:     defer setpos('.', save_cursor)
line 56:   endif
line 57: 
line 58:   if !has("syntax") || !exists("g:syntax_on")
line 59:     let s_skip = "0"
line 60:   elseif exists("b:ts_highlight") && &syntax != 'on'
line 61:     let s_skip = "match(v:lua.vim.treesitter.get_captures_at_cursor(), '" .. 'string\|character\|singlequote\|escape\|symbol\|comment' .. "') != -1"
line 64:   else
line 65:     " do not attempt to match when the syntax item where the cursor is
line 66:     " indicates there does not exist a matching parenthesis, e.g. for shells
line 67:     " case statement: "case $var in foobar)"
line 68:     "
line 69:     " add the check behind a filetype check, so it only needs to be
line 70:     " evaluated for certain filetypes
line 71:     if ['sh']->index(&filetype) >= 0 && synstack(".", col("."))->indexof({_, id -> synIDattr(id, "name") =~? "shSnglCase"}) >= 0
line 74:       return
line 75:     endif
line 76:     " Build an expression that detects whether the current cursor position is
line 77:     " in certain syntax types (string, comment, etc.), for use as
line 78:     " searchpairpos()'s skip argument.
line 79:     " We match "escape" for special items, such as lispEscapeSpecial, and
line 80:     " match "symbol" for lispBarSymbol.
line 81:     let s_skip = 'synstack(".", col("."))' . '->indexof({_, id -> synIDattr(id, "name") =~? ' . '"string\\|character\\|singlequote\\|escape\\|symbol\\|comment"}) >= 0'
line 84:     " If executing the expression determines that the cursor is currently in
line 85:     " one of the syntax types, then we want searchpairpos() to find the pair
line 86:     " within those syntax types (i.e., not skip).  Otherwise, the cursor is
line 87:     " outside of the syntax types and s_skip should keep its value so we skip
line 88:     " any matching pair inside the syntax types.
line 89:     " Catch if this throws E363: pattern uses more memory than 'maxmempattern'.
line 90:     try
line 91:       execute 'if ' . s_skip . ' | let s_skip = "0" | endif'
line 92:     catch /^Vim\%((\a\+)\)\=:E363/
line 93:       " We won't find anything, so skip searching, should keep Vim responsive.
line 94:       return
line 95:     endtry
line 96:   endif
line 97: 
line 98:   " Limit the search to lines visible in the window.
line 99:   let stoplinebottom = line('w$')
line 100:   let stoplinetop = line('w0')
line 101:   if i % 2 == 0
line 102:     let stopline = stoplinebottom
line 103:   else
line 104:     let stopline = stoplinetop
line 105:   endif
line 106: 
line 107:   " Limit the search time to 300 msec to avoid a hang on very long lines.
line 108:   " This fails when a timeout is not supported.
line 109:   if mode() == 'i' || mode() == 'R'
line 110:     let timeout = exists("b:matchparen_insert_timeout") ? b:matchparen_insert_timeout : g:matchparen_insert_timeout
line 111:   else
line 112:     let timeout = exists("b:matchparen_timeout") ? b:matchparen_timeout : g:matchparen_timeout
line 113:   endif
line 114:   try
line 115:     let [m_lnum, m_col] = searchpairpos(c, '', c2, s_flags, s_skip, stopline, timeout)
line 116:   catch /E118/
line 117:     " Can't use the timeout, restrict the stopline a bit more to avoid taking
line 118:     " a long time on closed folds and long lines.
line 119:     " The "viewable" variables give a range in which we can scroll while
line 120:     " keeping the cursor at the same position.
line 121:     " adjustedScrolloff accounts for very large numbers of scrolloff.
line 122:     let adjustedScrolloff = min([&scrolloff, (line('w$') - line('w0')) / 2])
line 123:     let bottom_viewable = min([line('$'), c_lnum + &lines - adjustedScrolloff - 2])
line 124:     let top_viewable = max([1, c_lnum-&lines+adjustedScrolloff + 2])
line 125:     " one of these stoplines will be adjusted below, but the current values are
line 126:     " minimal boundaries within the current window
line 127:     if i % 2 == 0
line 128:       if has("byte_offset") && has("syntax_items") && &smc > 0
line 129: ^Ilet stopbyte = min([line2byte("$"), line2byte(".") + col(".") + &smc * 2])
line 130: ^Ilet stopline = min([bottom_viewable, byte2line(stopbyte)])
line 131:       else
line 132: ^Ilet stopline = min([bottom_viewable, c_lnum + 100])
line 133:       endif
line 134:       let stoplinebottom = stopline
line 135:     else
line 136:       if has("byte_offset") && has("syntax_items") && &smc > 0
line 137: ^Ilet stopbyte = max([1, line2byte(".") + col(".") - &smc * 2])
line 138: ^Ilet stopline = max([top_viewable, byte2line(stopbyte)])
line 139:       else
line 140: ^Ilet stopline = max([top_viewable, c_lnum - 100])
line 141:       endif
line 142:       let stoplinetop = stopline
line 143:     endif
line 144:     let [m_lnum, m_col] = searchpairpos(c, '', c2, s_flags, s_skip, stopline)
line 145:   endtry
line 146: 
line 147:   " If a match is found setup match highlighting.
line 148:   if m_lnum > 0 && m_lnum >= stoplinetop && m_lnum <= stoplinebottom
line 149:     if !g:matchparen_disable_cursor_hl
line 150:       call add(w:matchparen_ids, matchaddpos('MatchParen', [[c_lnum, c_col - before], [m_lnum, m_col]], 10))
line 151:     else
line 152:       call add(w:matchparen_ids, matchaddpos('MatchParen', [[m_lnum, m_col]], 10))
line 153:     endif
line 154:     let w:paren_hl_on = 1
line 155:   endif
<SNR>24_Highlight_Matching_Pair returning #0

continuing in CursorMovedI Autocommands for "*"

Executing CursorMovedI Autocommands for "*"
autocommand <Lua 224: vim/_editor.lua:0>

Executing: 
Executing CursorMovedI Autocommands for "*"
autocommand call v:lua.require'lualine'.refresh({'kind': 'window', 'place': ['statusline'], 'trigger': 'autocmd'})

Executing: call v:lua.require'lualine'.refresh({'kind': 'window', 'place': ['statusline'], 'trigger': 'autocmd'})
Executing CursorMovedI Autocommands for "*"
autocommand <Lua 890: ~/.local/share/nvim/lazy/blink.cmp/lua/blink/cmp/lib/buffer_events.lua:88>

Executing: 
autocommand <Lua 905: ~/.local/share/nvim/lazy/blink.cmp/lua/blink/cmp/completion/windows/menu.lua:62>

Executing: 
Executing CursorMovedI Autocommands for "*"
autocommand <Lua 546: ~/.local/share/nvim/lazy/snacks.nvim/lua/snacks/scope.lua:678>

Executing: 
Executing CursorMovedI Autocommands for "*"
autocommand <Lua 865: ~/.local/share/nvim/lazy/snacks.nvim/lua/snacks/words.lua:42>

Executing: 
Executing CursorMovedI Autocommands for "*"
autocommand <Lua 652: ~/.local/share/nvim/lazy/blink.cmp/lua/blink/cmp/completion/windows/ghost_text/init.lua:22>

Executing: 
Executing TextChangedI Autocommands for "*"
autocommand call s:Highlight_Matching_Pair()

Executing: call s:Highlight_Matching_Pair()
calling <SNR>24_Highlight_Matching_Pair()

line 1:   if !exists("w:matchparen_ids")
line 2:     let w:matchparen_ids = []
line 3:   endif
line 4:   " Remove any previous match.
line 5:   call s:Remove_Matches()
calling <SNR>24_Remove_Matches()

line 1:   if exists('w:paren_hl_on') && w:paren_hl_on
line 2:     while !empty(w:matchparen_ids)
line 3:       silent! call remove(w:matchparen_ids, 0)->matchdelete()
line 4:     endwhile
line 2:     while !empty(w:matchparen_ids)
line 3:       silent! call remove(w:matchparen_ids, 0)->matchdelete()
line 4:     endwhile
line 5:     let w:paren_hl_on = 0
line 6:   endif
<SNR>24_Remove_Matches returning #0

continuing in <SNR>24_Highlight_Matching_Pair

line 6: 
line 7:   " Avoid that we remove the popup menu.
line 8:   " Return when there are no colors (looks like the cursor jumps).
line 9:   if pumvisible() || (&t_Co < 8 && !has("gui_running"))
line 10:     return
line 11:   endif
line 12: 
line 13:   " Get the character under the cursor and check if it's in 'matchpairs'.
line 14:   let c_lnum = line('.')
line 15:   let c_col = col('.')
line 16:   let before = 0
line 17: 
line 18:   let text = getline(c_lnum)
line 19:   let c_before = text->strpart(0, c_col - 1)->slice(-1)
line 20:   let c = text->strpart(c_col - 1)->slice(0, 1)
line 21:   let plist = split(&matchpairs, '.\zs[:,]')
line 22:   let i = index(plist, c)
line 23:   if i < 0
line 24:     " not found, in Insert mode try character before the cursor
line 25:     if c_col > 1 && (mode() == 'i' || mode() == 'R')
line 26:       let before = strlen(c_before)
line 27:       let c = c_before
line 28:       let i = index(plist, c)
line 29:     endif
line 30:     if i < 0
line 31:       " not found, nothing to do
line 32:       return
line 33:     endif
line 34:   endif
line 35: 
line 36:   " Figure out the arguments for searchpairpos().
line 37:   if i % 2 == 0
line 38:     let s_flags = 'nW'
line 39:     let c2 = plist[i + 1]
line 40:   else
line 41:     let s_flags = 'nbW'
line 42:     let c2 = c
line 43:     let c = plist[i - 1]
line 44:   endif
line 45:   if c == '['
line 46:     let c = '\['
line 47:     let c2 = '\]'
line 48:   endif
line 49: 
line 50:   " Find the match.  When it was just before the cursor move it there for a
line 51:   " moment.
line 52:   if before > 0
line 53:     let save_cursor = getcurpos()
line 54:     call cursor(c_lnum, c_col - before)
line 55:     defer setpos('.', save_cursor)
line 56:   endif
line 57: 
line 58:   if !has("syntax") || !exists("g:syntax_on")
line 59:     let s_skip = "0"
line 60:   elseif exists("b:ts_highlight") && &syntax != 'on'
line 61:     let s_skip = "match(v:lua.vim.treesitter.get_captures_at_cursor(), '" .. 'string\|character\|singlequote\|escape\|symbol\|comment' .. "') != -1"
line 64:   else
line 65:     " do not attempt to match when the syntax item where the cursor is
line 66:     " indicates there does not exist a matching parenthesis, e.g. for shells
line 67:     " case statement: "case $var in foobar)"
line 68:     "
line 69:     " add the check behind a filetype check, so it only needs to be
line 70:     " evaluated for certain filetypes
line 71:     if ['sh']->index(&filetype) >= 0 && synstack(".", col("."))->indexof({_, id -> synIDattr(id, "name") =~? "shSnglCase"}) >= 0
line 74:       return
line 75:     endif
line 76:     " Build an expression that detects whether the current cursor position is
line 77:     " in certain syntax types (string, comment, etc.), for use as
line 78:     " searchpairpos()'s skip argument.
line 79:     " We match "escape" for special items, such as lispEscapeSpecial, and
line 80:     " match "symbol" for lispBarSymbol.
line 81:     let s_skip = 'synstack(".", col("."))' . '->indexof({_, id -> synIDattr(id, "name") =~? ' . '"string\\|character\\|singlequote\\|escape\\|symbol\\|comment"}) >= 0'
line 84:     " If executing the expression determines that the cursor is currently in
line 85:     " one of the syntax types, then we want searchpairpos() to find the pair
line 86:     " within those syntax types (i.e., not skip).  Otherwise, the cursor is
line 87:     " outside of the syntax types and s_skip should keep its value so we skip
line 88:     " any matching pair inside the syntax types.
line 89:     " Catch if this throws E363: pattern uses more memory than 'maxmempattern'.
line 90:     try
line 91:       execute 'if ' . s_skip . ' | let s_skip = "0" | endif'
line 92:     catch /^Vim\%((\a\+)\)\=:E363/
line 93:       " We won't find anything, so skip searching, should keep Vim responsive.
line 94:       return
line 95:     endtry
line 96:   endif
line 97: 
line 98:   " Limit the search to lines visible in the window.
line 99:   let stoplinebottom = line('w$')
line 100:   let stoplinetop = line('w0')
line 101:   if i % 2 == 0
line 102:     let stopline = stoplinebottom
line 103:   else
line 104:     let stopline = stoplinetop
line 105:   endif
line 106: 
line 107:   " Limit the search time to 300 msec to avoid a hang on very long lines.
line 108:   " This fails when a timeout is not supported.
line 109:   if mode() == 'i' || mode() == 'R'
line 110:     let timeout = exists("b:matchparen_insert_timeout") ? b:matchparen_insert_timeout : g:matchparen_insert_timeout
line 111:   else
line 112:     let timeout = exists("b:matchparen_timeout") ? b:matchparen_timeout : g:matchparen_timeout
line 113:   endif
line 114:   try
line 115:     let [m_lnum, m_col] = searchpairpos(c, '', c2, s_flags, s_skip, stopline, timeout)
line 116:   catch /E118/
line 117:     " Can't use the timeout, restrict the stopline a bit more to avoid taking
line 118:     " a long time on closed folds and long lines.
line 119:     " The "viewable" variables give a range in which we can scroll while
line 120:     " keeping the cursor at the same position.
line 121:     " adjustedScrolloff accounts for very large numbers of scrolloff.
line 122:     let adjustedScrolloff = min([&scrolloff, (line('w$') - line('w0')) / 2])
line 123:     let bottom_viewable = min([line('$'), c_lnum + &lines - adjustedScrolloff - 2])
line 124:     let top_viewable = max([1, c_lnum-&lines+adjustedScrolloff + 2])
line 125:     " one of these stoplines will be adjusted below, but the current values are
line 126:     " minimal boundaries within the current window
line 127:     if i % 2 == 0
line 128:       if has("byte_offset") && has("syntax_items") && &smc > 0
line 129: ^Ilet stopbyte = min([line2byte("$"), line2byte(".") + col(".") + &smc * 2])
line 130: ^Ilet stopline = min([bottom_viewable, byte2line(stopbyte)])
line 131:       else
line 132: ^Ilet stopline = min([bottom_viewable, c_lnum + 100])
line 133:       endif
line 134:       let stoplinebottom = stopline
line 135:     else
line 136:       if has("byte_offset") && has("syntax_items") && &smc > 0
line 137: ^Ilet stopbyte = max([1, line2byte(".") + col(".") - &smc * 2])
line 138: ^Ilet stopline = max([top_viewable, byte2line(stopbyte)])
line 139:       else
line 140: ^Ilet stopline = max([top_viewable, c_lnum - 100])
line 141:       endif
line 142:       let stoplinetop = stopline
line 143:     endif
line 144:     let [m_lnum, m_col] = searchpairpos(c, '', c2, s_flags, s_skip, stopline)
line 145:   endtry
line 146: 
line 147:   " If a match is found setup match highlighting.
line 148:   if m_lnum > 0 && m_lnum >= stoplinetop && m_lnum <= stoplinebottom
line 149:     if !g:matchparen_disable_cursor_hl
line 150:       call add(w:matchparen_ids, matchaddpos('MatchParen', [[c_lnum, c_col - before], [m_lnum, m_col]], 10))
line 151:     else
line 152:       call add(w:matchparen_ids, matchaddpos('MatchParen', [[m_lnum, m_col]], 10))
line 153:     endif
line 154:     let w:paren_hl_on = 1
line 155:   endif
<SNR>24_Highlight_Matching_Pair returning #0

continuing in TextChangedI Autocommands for "*"

Executing TextChangedI Autocommands for "*"
autocommand <Lua 218: ~/.local/share/nvim/lazy/snacks.nvim/lua/snacks/scroll.lua:185>

Executing: 
Executing TextChangedI Autocommands for "*"
autocommand <Lua 348: ~/.local/share/nvim/lazy/trouble.nvim/lua/trouble/sources/lsp.lua:40>

Executing: 
Executing TextChangedI Autocommands for "*"
autocommand <Lua 935: ~/.local/share/nvim/lazy/blink.cmp/lua/blink/cmp/lib/buffer_events.lua:51>

Executing: 
Executing LspNotify Autocommands for "*"
autocommand <Lua 462: /opt/homebrew/Cellar/neovim/0.11.5_1/share/nvim/runtime/lua/vim/lsp/inlay_hint.lua:251>

Executing: 
Executing LspNotify Autocommands for "<buffer=7>"
autocommand <Lua 637: /opt/homebrew/Cellar/neovim/0.11.5_1/share/nvim/runtime/lua/vim/lsp/_folding_range.lua:299>

Executi